[2026-06-05 15:22:24] INFO  main.Server.FileManagment.FileManager - Файл прочитан: C:\Users\mongo\IdeaProjects\Lab5\test.xml
[2026-06-05 15:22:24] INFO  main.Server.Network.Server - Сервер запущен: 0.0.0.0:8731
[2026-06-05 15:22:53] INFO  main.Server.Network.Server - Клиент подключился: /127.0.0.1:64377
[2026-06-05 15:22:55] INFO  main.Server.Commands.CommandProcessor - Получена команда: SHOW
[2026-06-05 15:22:55] INFO  main.Server.Commands.CommandProcessor - Получена команда: PING
[2026-06-05 15:22:57] INFO  main.Server.Commands.CommandProcessor - Получена команда: PING
[2026-06-05 15:22:59] INFO  main.Server.Commands.CommandProcessor - Получена команда: PING
[2026-06-05 15:23:01] INFO  main.Server.Commands.CommandProcessor - Получена команда: PING
[2026-06-05 15:23:03] INFO  main.Server.Commands.CommandProcessor - Получена команда: PING
[2026-06-05 15:23:05] INFO  main.Server.Commands.CommandProcessor - Получена команда: PING
[2026-06-05 15:23:07] INFO  main.Server.Commands.CommandProcessor - Получена команда: PING
[2026-06-05 15:23:09] INFO  main.Server.Commands.CommandProcessor - Получена команда: PING
[2026-06-05 15:23:11] INFO  main.Server.Commands.CommandProcessor - Получена команда: PING
[2026-06-05 15:23:13] INFO  main.Server.Commands.CommandProcessor - Получена команда: PING
[2026-06-05 15:23:15] INFO  main.Server.Commands.CommandProcessor - Получена команда: PING
[2026-06-05 15:23:17] INFO  main.Server.Commands.CommandProcessor - Получена команда: PING
[2026-06-05 15:23:17] INFO  main.Server.Commands.CommandProcessor - Получена команда: PING
[2026-06-05 15:23:19] INFO  main.Server.Commands.CommandProcessor - Получена команда: PING
[2026-06-05 15:23:19] INFO  main.Server.Commands.CommandProcessor - Получена команда: PING
[2026-06-05 15:23:19] INFO  main.Server.Commands.CommandProcessor - Получена команда: PING
[2026-06-05 15:23:21] INFO  main.Server.Commands.CommandProcessor - Получена команда: PING
[2026-06-05 15:23:21] INFO  main.Server.Commands.CommandProcessor - Получена команда: PING
[2026-06-05 15:23:21] INFO  main.Server.Commands.CommandProcessor - Получена команда: PING
[2026-06-05 15:23:22] INFO  main.Server.Commands.CommandProcessor - Получена команда: PING
[2026-06-05 15:23:22] INFO  main.Server.Commands.CommandProcessor - Получена команда: PING
[2026-06-05 15:23:23] INFO  main.Server.Commands.CommandProcessor - Получена команда: PING
[2026-06-05 15:23:23] INFO  main.Server.Commands.CommandProcessor - Получена команда: PING
[2026-06-05 15:23:23] INFO  main.Server.Commands.CommandProcessor - Получена команда: PING
[2026-06-05 15:23:25] INFO  main.Server.Commands.CommandProcessor - Получена команда: PING
[2026-06-05 15:23:25] INFO  main.Server.Commands.CommandProcessor - Получена команда: PING
[2026-06-05 15:23:25] INFO  main.Server.Commands.CommandProcessor - Получена команда: PING
[2026-06-05 15:23:26] INFO  main.Server.Commands.CommandProcessor - Получена команда: PING
[2026-06-05 15:23:26] INFO  main.Server.Commands.CommandProcessor - Получена команда: PING
[2026-06-05 15:23:26] INFO  main.Server.Commands.CommandProcessor - Получена команда: PING
[2026-06-05 15:23:26] INFO  main.Server.Commands.CommandProcessor - Получена команда: PING
[2026-06-05 15:23:27] INFO  main.Server.Commands.CommandProcessor - Получена команда: PING
[2026-06-05 15:23:27] INFO  main.Server.Commands.CommandProcessor - Получена команда: PING
[2026-06-05 15:23:27] INFO  main.Server.Commands.CommandProcessor - Получена команда: PING
[2026-06-05 15:23:29] INFO  main.Server.Commands.CommandProcessor - Получена команда: PING
[2026-06-05 15:23:31] INFO  main.Server.Commands.CommandProcessor - Получена команда: PING
[2026-06-05 15:23:32] INFO  main.Server.Commands.CommandProcessor - Получена команда: PING
[2026-06-05 15:23:32] INFO  main.Server.Commands.CommandProcessor - Получена команда: PING
[2026-06-05 15:23:33] INFO  main.Server.Commands.CommandProcessor - Получена команда: PING
[2026-06-05 15:23:35] INFO  main.Server.Commands.CommandProcessor - Получена команда: PING
[2026-06-05 15:23:37] INFO  main.Server.Commands.CommandProcessor - Получена команда: PING
[2026-06-05 15:23:37] INFO  main.Server.Commands.CommandProcessor - Получена команда: PING
[2026-06-05 15:23:37] INFO  main.Server.Commands.CommandProcessor - Получена команда: PING
[2026-06-05 15:23:39] INFO  main.Server.Commands.CommandProcessor - Получена команда: PING
[2026-06-05 15:23:39] INFO  main.Server.Commands.CommandProcessor - Получена команда: PING
[2026-06-05 15:23:39] INFO  main.Server.Commands.CommandProcessor - Получена команда: PING
[2026-06-05 15:23:40] INFO  main.Server.Commands.CommandProcessor - Получена команда: PING
[2026-06-05 15:23:40] INFO  main.Server.Commands.CommandProcessor - Получена команда: ADD
[2026-06-05 15:23:41] INFO  main.Server.Commands.CommandProcessor - Получена команда: PING
[2026-06-05 15:23:43] INFO  main.Server.Commands.CommandProcessor - Получена команда: PING
[2026-06-05 15:23:45] INFO  main.Server.Commands.CommandProcessor - Получена команда: PING
[2026-06-05 15:23:47] INFO  main.Server.Commands.CommandProcessor - Получена команда: PING
[2026-06-05 15:23:49] INFO  main.Server.Commands.CommandProcessor - Получена команда: PING
[2026-06-05 15:23:51] INFO  main.Server.Commands.CommandProcessor - Получена команда: PING
[2026-06-05 15:23:53] INFO  main.Server.Commands.CommandProcessor - Получена команда: PING
[2026-06-05 15:23:55] INFO  main.Server.Commands.CommandProcessor - Получена команда: PING
[2026-06-05 15:23:57] INFO  main.Server.Commands.CommandProcessor - Получена команда: PING
[2026-06-05 15:23:59] INFO  main.Server.Commands.CommandProcessor - Получена команда: PING
[2026-06-05 15:24:01] INFO  main.Server.Commands.CommandProcessor - Получена команда: PING
[2026-06-05 15:24:04] INFO  main.Server.Commands.CommandProcessor - Получена команда: PING
[2026-06-05 15:24:06] INFO  main.Server.Commands.CommandProcessor - Получена команда: PING
[2026-06-05 15:24:08] INFO  main.Server.Commands.CommandProcessor - Получена команда: PING
[2026-06-05 15:24:10] INFO  main.Server.Commands.CommandProcessor - Получена команда: PING
[2026-06-05 15:24:12] INFO  main.Server.Commands.CommandProcessor - Получена команда: PING
[2026-06-05 15:24:14] INFO  main.Server.Commands.CommandProcessor - Получена команда: PING
[2026-06-05 15:24:16] INFO  main.Server.Commands.CommandProcessor - Получена команда: PING
[2026-06-05 15:24:18] INFO  main.Server.Commands.CommandProcessor - Получена команда: PING
[2026-06-05 15:24:20] INFO  main.Server.Commands.CommandProcessor - Получена команда: PING
[2026-06-05 15:24:22] INFO  main.Server.Commands.CommandProcessor - Получена команда: PING
[2026-06-05 15:24:24] INFO  main.Server.Commands.CommandProcessor - Получена команда: PING
[2026-06-05 15:24:26] INFO  main.Server.Commands.CommandProcessor - Получена команда: PING
[2026-06-05 15:24:28] INFO  main.Server.Commands.CommandProcessor - Получена команда: PING
[2026-06-05 15:24:30] INFO  main.Server.Commands.CommandProcessor - Получена команда: PING
[2026-06-05 15:24:32] INFO  main.Server.Commands.CommandProcessor - Получена команда: PING
[2026-06-05 15:24:34] INFO  main.Server.Commands.CommandProcessor - Получена команда: PING
[2026-06-05 15:24:36] INFO  main.Server.Commands.CommandProcessor - Получена команда: PING
[2026-06-05 15:24:38] INFO  main.Server.Commands.CommandProcessor - Получена команда: PING
[2026-06-05 15:24:40] INFO  main.Server.Commands.CommandProcessor - Получена команда: PING
[2026-06-05 15:24:42] INFO  main.Server.Commands.CommandProcessor - Получена команда: PING
[2026-06-05 15:24:44] INFO  main.Server.Commands.CommandProcessor - Получена команда: PING
[2026-06-05 15:24:46] INFO  main.Server.Commands.CommandProcessor - Получена команда: PING
[2026-06-05 15:24:48] INFO  main.Server.Commands.CommandProcessor - Получена команда: PING
[2026-06-05 15:24:50] INFO  main.Server.Commands.CommandProcessor - Получена команда: PING
[2026-06-05 15:24:52] INFO  main.Server.Commands.CommandProcessor - Получена команда: PING
[2026-06-05 15:24:54] INFO  main.Server.Commands.CommandProcessor - Получена команда: PING
[2026-06-05 15:24:56] INFO  main.Server.Commands.CommandProcessor - Получена команда: PING
[2026-06-05 15:24:58] INFO  main.Server.Commands.CommandProcessor - Получена команда: PING
[2026-06-05 15:25:00] INFO  main.Server.Commands.CommandProcessor - Получена команда: PING
[2026-06-05 15:25:02] INFO  main.Server.Commands.CommandProcessor - Получена команда: PING
[2026-06-05 15:25:04] INFO  main.Server.Commands.CommandProcessor - Получена команда: PING
[2026-06-05 15:25:06] INFO  main.Server.Commands.CommandProcessor - Получена команда: PING
[2026-06-05 15:25:08] INFO  main.Server.Commands.CommandProcessor - Получена команда: PING
[2026-06-05 15:25:10] INFO  main.Server.Commands.CommandProcessor - Получена команда: PING
[2026-06-05 15:25:12] INFO  main.Server.Commands.CommandProcessor - Получена команда: PING
[2026-06-05 15:25:14] INFO  main.Server.Commands.CommandProcessor - Получена команда: PING
[2026-06-05 15:25:16] INFO  main.Server.Commands.CommandProcessor - Получена команда: PING
[2026-06-05 15:25:18] INFO  main.Server.Commands.CommandProcessor - Получена команда: PING
[2026-06-05 15:25:20] INFO  main.Server.Commands.CommandProcessor - Получена команда: PING
[2026-06-05 15:25:22] INFO  main.Server.Commands.CommandProcessor - Получена команда: PING
[2026-06-05 15:25:24] INFO  main.Server.Commands.CommandProcessor - Получена команда: PING
[2026-06-05 15:25:26] INFO  main.Server.Commands.CommandProcessor - Получена команда: PING
[2026-06-05 15:25:28] INFO  main.Server.Commands.CommandProcessor - Получена команда: PING
[2026-06-05 15:25:30] INFO  main.Server.Commands.CommandProcessor - Получена команда: PING
[2026-06-05 15:25:32] INFO  main.Server.Commands.CommandProcessor - Получена команда: PING
[2026-06-05 15:25:34] INFO  main.Server.Commands.CommandProcessor - Получена команда: PING
[2026-06-05 15:25:36] INFO  main.Server.Commands.CommandProcessor - Получена команда: PING
[2026-06-05 15:25:38] INFO  main.Server.Commands.CommandProcessor - Получена команда: PING
[2026-06-05 15:25:40] INFO  main.Server.Commands.CommandProcessor - Получена команда: PING
[2026-06-05 15:25:42] INFO  main.Server.Commands.CommandProcessor - Получена команда: PING
[2026-06-05 15:25:44] INFO  main.Server.Commands.CommandProcessor - Получена команда: PING
[2026-06-05 15:25:46] INFO  main.Server.Commands.CommandProcessor - Получена команда: PING
[2026-06-05 15:25:48] INFO  main.Server.Commands.CommandProcessor - Получена команда: PING
[2026-06-05 15:25:50] INFO  main.Server.Commands.CommandProcessor - Получена команда: PING
[2026-06-05 15:25:52] INFO  main.Server.Commands.CommandProcessor - Получена команда: PING
[2026-06-05 15:25:54] INFO  main.Server.Commands.CommandProcessor - Получена команда: PING
[2026-06-05 15:25:56] INFO  main.Server.Commands.CommandProcessor - Получена команда: PING
[2026-06-05 15:25:58] INFO  main.Server.Commands.CommandProcessor - Получена команда: PING
[2026-06-05 15:26:00] INFO  main.Server.Commands.CommandProcessor - Получена команда: PING
[2026-06-05 15:26:02] INFO  main.Server.Commands.CommandProcessor - Получена команда: PING
[2026-06-05 15:26:04] INFO  main.Server.Commands.CommandProcessor - Получена команда: PING
[2026-06-05 15:26:06] INFO  main.Server.Commands.CommandProcessor - Получена команда: PING
[2026-06-05 15:26:08] INFO  main.Server.Commands.CommandProcessor - Получена команда: PING
[2026-06-05 15:26:10] INFO  main.Server.Commands.CommandProcessor - Получена команда: PING
[2026-06-05 15:26:12] INFO  main.Server.Commands.CommandProcessor - Получена команда: PING
[2026-06-05 15:26:14] INFO  main.Server.Commands.CommandProcessor - Получена команда: PING
[2026-06-05 15:26:16] INFO  main.Server.Commands.CommandProcessor - Получена команда: PING
[2026-06-05 15:26:18] INFO  main.Server.Commands.CommandProcessor - Получена команда: PING
[2026-06-05 15:26:20] INFO  main.Server.Commands.CommandProcessor - Получена команда: PING
[2026-06-05 15:26:22] INFO  main.Server.Commands.CommandProcessor - Получена команда: PING
[2026-06-05 15:26:24] INFO  main.Server.Commands.CommandProcessor - Получена команда: PING
[2026-06-05 15:26:26] INFO  main.Server.Commands.CommandProcessor - Получена команда: PING
[2026-06-05 15:26:28] INFO  main.Server.Commands.CommandProcessor - Получена команда: PING
[2026-06-05 15:26:30] INFO  main.Server.Commands.CommandProcessor - Получена команда: PING
[2026-06-05 15:26:32] INFO  main.Server.Commands.CommandProcessor - Получена команда: PING
[2026-06-05 15:26:34] INFO  main.Server.Commands.CommandProcessor - Получена команда: PING
[2026-06-05 15:26:36] INFO  main.Server.Commands.CommandProcessor - Получена команда: PING
[2026-06-05 15:26:38] INFO  main.Server.Commands.CommandProcessor - Получена команда: PING
[2026-06-05 15:26:40] INFO  main.Server.Commands.CommandProcessor - Получена команда: PING
[2026-06-05 15:26:42] INFO  main.Server.Commands.CommandProcessor - Получена команда: PING
[2026-06-05 15:26:44] INFO  main.Server.Commands.CommandProcessor - Получена команда: PING
[2026-06-05 15:26:44] INFO  main.Server.Commands.CommandProcessor - Получена команда: PING
[2026-06-05 15:26:44] INFO  main.Server.Commands.CommandProcessor - Получена команда: PING
[2026-06-05 15:26:44] INFO  main.Server.Commands.CommandProcessor - Получена команда: PING
[2026-06-05 15:26:44] INFO  main.Server.Commands.CommandProcessor - Получена команда: PING
[2026-06-05 15:26:44] INFO  main.Server.Commands.CommandProcessor - Получена команда: PING
[2026-06-05 15:26:44] INFO  main.Server.Commands.CommandProcessor - Получена команда: PING
[2026-06-05 15:26:44] INFO  main.Server.Commands.CommandProcessor - Получена команда: PING
[2026-06-05 15:26:44] INFO  main.Server.Commands.CommandProcessor - Получена команда: PING
[2026-06-05 15:26:44] INFO  main.Server.Commands.CommandProcessor - Получена команда: PING
[2026-06-05 15:26:44] INFO  main.Server.Commands.CommandProcessor - Получена команда: PING
[2026-06-05 15:26:44] INFO  main.Server.Commands.CommandProcessor - Получена команда: PING
[2026-06-05 15:26:44] INFO  main.Server.Commands.CommandProcessor - Получена команда: PING
[2026-06-05 15:26:44] INFO  main.Server.Commands.CommandProcessor - Получена команда: PING
[2026-06-05 15:26:44] INFO  main.Server.Commands.CommandProcessor - Получена команда: PING
[2026-06-05 15:26:44] INFO  main.Server.Commands.CommandProcessor - Получена команда: PING
[2026-06-05 15:26:44] INFO  main.Server.Commands.CommandProcessor - Получена команда: PING
[2026-06-05 15:26:44] INFO  main.Server.Commands.CommandProcessor - Получена команда: PING
[2026-06-05 15:26:44] INFO  main.Server.Commands.CommandProcessor - Получена команда: PING
[2026-06-05 15:26:44] INFO  main.Server.Commands.CommandProcessor - Получена команда: PING
[2026-06-05 15:26:44] INFO  main.Server.Commands.CommandProcessor - Получена команда: PING
[2026-06-05 15:26:44] INFO  main.Server.Commands.CommandProcessor - Получена команда: PING
[2026-06-05 15:26:44] INFO  main.Server.Commands.CommandProcessor - Получена команда: PING
[2026-06-05 15:26:44] INFO  main.Server.Commands.CommandProcessor - Получена команда: PING
[2026-06-05 15:26:44] INFO  main.Server.Commands.CommandProcessor - Получена команда: PING
[2026-06-05 15:26:44] INFO  main.Server.Commands.CommandProcessor - Получена команда: PING
[2026-06-05 15:26:44] INFO  main.Server.Commands.CommandProcessor - Получена команда: PING
[2026-06-05 15:26:44] INFO  main.Server.Commands.CommandProcessor - Получена команда: PING
[2026-06-05 15:26:44] INFO  main.Server.Commands.CommandProcessor - Получена команда: PING
[2026-06-05 15:26:44] INFO  main.Server.Commands.CommandProcessor - Получена команда: PING
[2026-06-05 15:26:44] INFO  main.Server.Commands.CommandProcessor - Получена команда: PING
[2026-06-05 15:26:44] INFO  main.Server.Commands.CommandProcessor - Получена команда: PING
[2026-06-05 15:26:44] INFO  main.Server.Commands.CommandProcessor - Получена команда: PING
[2026-06-05 15:26:44] INFO  main.Server.Commands.CommandProcessor - Получена команда: PING
[2026-06-05 15:26:44] INFO  main.Server.Commands.CommandProcessor - Получена команда: PING
[2026-06-05 15:26:44] INFO  main.Server.Commands.CommandProcessor - Получена команда: PING
[2026-06-05 15:26:44] INFO  main.Server.Commands.CommandProcessor - Получена команда: PING
[2026-06-05 15:26:44] INFO  main.Server.Commands.CommandProcessor - Получена команда: PING
[2026-06-05 15:26:44] INFO  main.Server.Commands.CommandProcessor - Получена команда: PING
[2026-06-05 15:26:44] INFO  main.Server.Commands.CommandProcessor - Получена команда: PING
[2026-06-05 15:26:44] INFO  main.Server.Commands.CommandProcessor - Получена команда: PING
[2026-06-05 15:26:44] INFO  main.Server.Commands.CommandProcessor - Получена команда: PING
[2026-06-05 15:26:44] INFO  main.Server.Commands.CommandProcessor - Получена команда: PING
[2026-06-05 15:26:44] INFO  main.Server.Commands.CommandProcessor - Получена команда: PING
[2026-06-05 15:26:44] INFO  main.Server.Commands.CommandProcessor - Получена команда: PING
[2026-06-05 15:26:44] INFO  main.Client.ClientApp - Отправка скрипта на сервер, команд: 9
[2026-06-05 15:26:44] INFO  main.Server.Commands.CommandProcessor - Получена команда: EXECUTE_SCRIPT
[2026-06-05 15:26:44] INFO  main.Server.Commands.ExecuteScriptCommand - Выполнение скрипта, команд: 9
[2026-06-05 15:26:44] INFO  main.Server.Commands.CommandProcessor - Получена команда: INFO
[2026-06-05 15:26:44] INFO  main.Server.Commands.CommandProcessor - Получена команда: HELP
[2026-06-05 15:26:44] INFO  main.Server.Commands.CommandProcessor - Получена команда: SHOW
[2026-06-05 15:26:44] INFO  main.Server.Commands.CommandProcessor - Получена команда: ADD
[2026-06-05 15:26:44] INFO  main.Server.Commands.CommandProcessor - Получена команда: AVERAGE_OF_NUMBER_OF_ROOMS
[2026-06-05 15:26:44] INFO  main.Server.Commands.CommandProcessor - Получена команда: REORDER
[2026-06-05 15:26:44] INFO  main.Server.Commands.CommandProcessor - Получена команда: UPDATE
[2026-06-05 15:26:44] INFO  main.Server.Commands.CommandProcessor - Получена команда: REMOVE_BY_ID
[2026-06-05 15:26:44] INFO  main.Server.Commands.CommandProcessor - Получена команда: SHOW
[2026-06-05 15:26:44] INFO  main.Server.Commands.CommandProcessor - Получена команда: PING
[2026-06-05 15:26:46] INFO  main.Server.Commands.CommandProcessor - Получена команда: PING
[2026-06-05 15:26:48] INFO  main.Server.Commands.CommandProcessor - Получена команда: PING
[2026-06-05 15:26:50] INFO  main.Server.Commands.CommandProcessor - Получена команда: PING
[2026-06-05 15:26:52] INFO  main.Server.Commands.CommandProcessor - Получена команда: PING
[2026-06-05 15:26:54] INFO  main.Server.Commands.CommandProcessor - Получена команда: PING
[2026-06-05 15:26:56] INFO  main.Server.Commands.CommandProcessor - Получена команда: PING
[2026-06-05 15:26:58] INFO  main.Server.Commands.CommandProcessor - Получена команда: PING
[2026-06-05 15:27:00] INFO  main.Server.Commands.CommandProcessor - Получена команда: PING
[2026-06-05 15:27:02] INFO  main.Server.Commands.CommandProcessor - Получена команда: PING
[2026-06-05 15:27:04] INFO  main.Server.Commands.CommandProcessor - Получена команда: PING
[2026-06-05 15:27:06] INFO  main.Server.Commands.CommandProcessor - Получена команда: PING
[2026-06-05 15:27:08] INFO  main.Server.Commands.CommandProcessor - Получена команда: PING
[2026-06-05 15:27:10] INFO  main.Server.Commands.CommandProcessor - Получена команда: PING
[2026-06-05 15:27:12] INFO  main.Server.Commands.CommandProcessor - Получена команда: PING
[2026-06-05 15:27:14] INFO  main.Server.Commands.CommandProcessor - Получена команда: PING
[2026-06-05 15:27:16] INFO  main.Server.Commands.CommandProcessor - Получена команда: PING
[2026-06-05 15:27:18] INFO  main.Server.Commands.CommandProcessor - Получена команда: PING
[2026-06-05 15:27:20] INFO  main.Server.Commands.CommandProcessor - Получена команда: PING
[2026-06-05 15:27:22] INFO  main.Server.Commands.CommandProcessor - Получена команда: PING
[2026-06-05 15:27:25] INFO  main.Server.Commands.CommandProcessor - Получена команда: PING
[2026-06-05 15:27:27] INFO  main.Server.Commands.CommandProcessor - Получена команда: PING
[2026-06-05 15:27:29] INFO  main.Server.Commands.CommandProcessor - Получена команда: PING
[2026-06-05 15:27:31] INFO  main.Server.Commands.CommandProcessor - Получена команда: PING
[2026-06-05 15:27:33] INFO  main.Server.Commands.CommandProcessor - Получена команда: PING
[2026-06-05 15:27:35] INFO  main.Server.Commands.CommandProcessor - Получена команда: PING
[2026-06-05 15:27:37] INFO  main.Server.Commands.CommandProcessor - Получена команда: PING
[2026-06-05 15:27:39] INFO  main.Server.Commands.CommandProcessor - Получена команда: PING
[2026-06-05 15:27:41] INFO  main.Server.Commands.CommandProcessor - Получена команда: PING
[2026-06-05 15:27:43] INFO  main.Server.Commands.CommandProcessor - Получена команда: PING
[2026-06-05 15:27:45] INFO  main.Server.Commands.CommandProcessor - Получена команда: PING
[2026-06-05 15:27:47] INFO  main.Server.Commands.CommandProcessor - Получена команда: PING
[2026-06-05 15:27:49] INFO  main.Server.Commands.CommandProcessor - Получена команда: PING
[2026-06-05 15:27:51] INFO  main.Server.Commands.CommandProcessor - Получена команда: PING
[2026-06-05 15:27:53] INFO  main.Server.Commands.CommandProcessor - Получена команда: PING
[2026-06-05 15:27:55] INFO  main.Server.Commands.CommandProcessor - Получена команда: PING
[2026-06-05 15:27:57] INFO  main.Server.Commands.CommandProcessor - Получена команда: PING
[2026-06-05 15:27:59] INFO  main.Server.Commands.CommandProcessor - Получена команда: PING
[2026-06-05 15:28:01] INFO  main.Server.Commands.CommandProcessor - Получена команда: PING
[2026-06-05 15:28:03] INFO  main.Server.Commands.CommandProcessor - Получена команда: PING
[2026-06-05 15:28:05] INFO  main.Server.Commands.CommandProcessor - Получена команда: PING
[2026-06-05 15:28:07] INFO  main.Server.Commands.CommandProcessor - Получена команда: PING
[2026-06-05 15:28:09] INFO  main.Server.Commands.CommandProcessor - Получена команда: PING
[2026-06-05 15:28:11] INFO  main.Server.Commands.CommandProcessor - Получена команда: PING
[2026-06-05 15:28:13] INFO  main.Server.Commands.CommandProcessor - Получена команда: PING
[2026-06-05 15:28:15] INFO  main.Server.Commands.CommandProcessor - Получена команда: PING
[2026-06-05 15:28:17] INFO  main.Server.Commands.CommandProcessor - Получена команда: PING
[2026-06-05 15:28:19] INFO  main.Server.Commands.CommandProcessor - Получена команда: PING
[2026-06-05 15:28:21] INFO  main.Server.Commands.CommandProcessor - Получена команда: PING
[2026-06-05 15:28:23] INFO  main.Server.Commands.CommandProcessor - Получена команда: PING
[2026-06-05 15:28:25] INFO  main.Server.Commands.CommandProcessor - Получена команда: PING
[2026-06-05 15:28:27] INFO  main.Server.Commands.CommandProcessor - Получена команда: PING
[2026-06-05 15:28:29] INFO  main.Server.Commands.CommandProcessor - Получена команда: PING
[2026-06-05 15:28:31] INFO  main.Server.Commands.CommandProcessor - Получена команда: PING
[2026-06-05 15:28:31] INFO  main.Server.Network.Server - Клиент отключился
[2026-06-05 15:28:31] INFO  main.Server.ServerMain - Завершение JVM, сохранение коллекции
[2026-06-05 15:28:31] INFO  main.Server.Commands.CommandProcessor - Сохранение коллекции
[2026-06-05 15:46:08] INFO  main.Server.FileManagment.FileManager - Файл прочитан: C:\Users\mongo\IdeaProjects\Lab5\test.xml
[2026-06-05 15:46:08] INFO  main.Server.Network.Server - Сервер запущен: 0.0.0.0:8731
[2026-06-05 15:46:33] INFO  main.Server.Network.Server - Клиент подключился: /127.0.0.1:62634
[2026-06-05 15:46:35] INFO  main.Server.Commands.CommandProcessor - Получена команда: PING
[2026-06-05 15:46:37] INFO  main.Server.Commands.CommandProcessor - Получена команда: PING
[2026-06-05 15:46:39] INFO  main.Server.Commands.CommandProcessor - Получена команда: PING
[2026-06-05 15:46:40] INFO  main.Server.Network.Server - Клиент отключился
[2026-06-05 15:49:45] INFO  main.Server.ServerMain - Завершение JVM, сохранение коллекции
[2026-06-05 15:49:45] INFO  main.Server.Commands.CommandProcessor - Сохранение коллекции
[2026-06-05 17:20:59] INFO  main.Client.ClientApp - Отправка скрипта на сервер, команд: 9
[2026-06-05 17:21:22] INFO  main.Client.ClientApp - Отправка скрипта на сервер, команд: 9
[2026-06-05 17:26:11] INFO  main.Client.ClientApp - Отправка скрипта на сервер, команд: 9
[2026-06-05 17:31:01] INFO  main.Server.FileManagment.FileManager - Файл прочитан: C:\Users\mongo\IdeaProjects\Lab5\test.xml
[2026-06-05 17:31:01] INFO  main.Server.Network.Server - Сервер запущен: 0.0.0.0:8731
[2026-06-05 17:31:07] INFO  main.Server.ServerMain - Завершение JVM, сохранение коллекции
[2026-06-08 20:07:20] INFO  main.Client.ClientApp - Отправка скрипта на сервер, команд: 9
[2026-06-11 16:54:08] INFO  main.Server.FileManagment.FileManager - Файл прочитан: C:\Users\mongo\IdeaProjects\Lab5\test.xml
[2026-06-11 16:54:08] INFO  main.Server.Network.Server - Сервер запущен: 0.0.0.0:8731
[2026-06-11 16:54:19] INFO  main.Server.Network.Server - Клиент подключился: /127.0.0.1:59634
[2026-06-11 16:54:21] INFO  main.Server.Commands.CommandProcessor - Получена команда: PING
[2026-06-11 16:54:22] INFO  main.Server.Commands.CommandProcessor - Получена команда: PING
[2026-06-11 16:54:23] INFO  main.Server.Commands.CommandProcessor - Получена команда: PING
[2026-06-11 16:54:25] INFO  main.Server.Commands.CommandProcessor - Получена команда: PING
[2026-06-11 16:54:27] INFO  main.Server.Commands.CommandProcessor - Получена команда: PING
[2026-06-11 16:54:29] INFO  main.Server.Commands.CommandProcessor - Получена команда: PING
[2026-06-11 16:54:31] INFO  main.Server.Commands.CommandProcessor - Получена команда: PING
[2026-06-11 16:54:33] INFO  main.Server.Commands.CommandProcessor - Получена команда: PING
[2026-06-11 16:54:33] INFO  main.Server.Commands.CommandProcessor - Получена команда: PING
[2026-06-11 16:54:33] INFO  main.Server.Commands.CommandProcessor - Получена команда: PING
[2026-06-11 16:54:35] INFO  main.Server.Commands.CommandProcessor - Получена команда: PING
[2026-06-11 16:54:36] INFO  main.Server.Commands.CommandProcessor - Получена команда: PING
[2026-06-11 16:54:36] INFO  main.Server.Commands.CommandProcessor - Получена команда: PING
[2026-06-11 16:54:37] INFO  main.Server.Commands.CommandProcessor - Получена команда: PING
[2026-06-11 16:54:37] INFO  main.Server.Commands.CommandProcessor - Получена команда: PING
[2026-06-11 16:54:37] INFO  main.Server.Commands.CommandProcessor - Получена команда: PING
[2026-06-11 16:54:38] INFO  main.Server.Commands.CommandProcessor - Получена команда: PING
[2026-06-11 16:54:38] INFO  main.Server.Commands.CommandProcessor - Получена команда: PING
[2026-06-11 16:54:39] INFO  main.Server.Commands.CommandProcessor - Получена команда: PING
[2026-06-11 16:54:39] INFO  main.Server.Commands.CommandProcessor - Получена команда: PING
[2026-06-11 16:54:39] INFO  main.Server.Commands.CommandProcessor - Получена команда: PING
[2026-06-11 16:54:40] INFO  main.Server.Commands.CommandProcessor - Получена команда: PING
[2026-06-11 16:54:40] INFO  main.Server.Commands.CommandProcessor - Получена команда: PING
[2026-06-11 16:54:41] INFO  main.Server.Commands.CommandProcessor - Получена команда: PING
[2026-06-11 16:54:41] INFO  main.Server.Commands.CommandProcessor - Получена команда: PING
[2026-06-11 16:54:41] INFO  main.Server.Commands.CommandProcessor - Получена команда: PING
[2026-06-11 16:54:43] INFO  main.Server.Commands.CommandProcessor - Получена команда: PING
[2026-06-11 16:54:43] INFO  main.Server.Commands.CommandProcessor - Получена команда: PING
[2026-06-11 16:54:43] INFO  main.Server.Commands.CommandProcessor - Получена команда: PING
[2026-06-11 16:54:45] INFO  main.Server.Commands.CommandProcessor - Получена команда: PING
[2026-06-11 16:54:46] INFO  main.Server.Commands.CommandProcessor - Получена команда: PING
[2026-06-11 16:54:46] INFO  main.Server.Commands.CommandProcessor - Получена команда: PING
[2026-06-11 16:54:47] INFO  main.Server.Commands.CommandProcessor - Получена команда: PING
[2026-06-11 16:54:48] INFO  main.Server.Commands.CommandProcessor - Получена команда: PING
[2026-06-11 16:54:48] INFO  main.Server.Commands.CommandProcessor - Получена команда: PING
[2026-06-11 16:54:49] INFO  main.Server.Commands.CommandProcessor - Получена команда: PING
[2026-06-11 16:54:51] INFO  main.Server.Commands.CommandProcessor - Получена команда: PING
[2026-06-11 16:54:51] INFO  main.Server.Commands.CommandProcessor - Получена команда: PING
[2026-06-11 16:54:51] INFO  main.Server.Commands.CommandProcessor - Получена команда: ADD
[2026-06-11 16:54:53] INFO  main.Server.Commands.CommandProcessor - Получена команда: SHOW
[2026-06-11 16:54:53] INFO  main.Server.Commands.CommandProcessor - Получена команда: PING
[2026-06-11 16:54:55] INFO  main.Server.Commands.CommandProcessor - Получена команда: PING
[2026-06-11 16:54:57] INFO  main.Server.Commands.CommandProcessor - Получена команда: PING
[2026-06-11 16:54:59] INFO  main.Server.Commands.CommandProcessor - Получена команда: PING
[2026-06-11 16:55:00] INFO  main.Server.ServerMain - Завершение JVM, сохранение коллекции
[2026-06-11 20:45:21] INFO  main.Server.FileManagment.FileManager - Файл прочитан: C:\Users\mongo\IdeaProjects\Lab5\test.xml
[2026-06-11 20:45:21] INFO  main.Server.Network.Server - Сервер запущен: 0.0.0.0:8731
[2026-06-11 21:01:19] INFO  main.Server.ServerMain - Завершение JVM, сохранение коллекции
[2026-06-17 12:34:13] INFO  main.Server.FileManagment.FileManager - Файл прочитан: C:\Users\mongo\IdeaProjects\Lab5\test.xml
[2026-06-17 12:34:13] INFO  main.Server.Network.Server - Сервер запущен: 0.0.0.0:8731
[2026-06-17 12:34:24] INFO  main.Server.Network.Server - Клиент подключился: /127.0.0.1:64371
[2026-06-17 12:34:31] INFO  main.Server.Network.Server - Клиент подключился: /127.0.0.1:52153
[2026-06-17 12:34:36] INFO  main.Server.Network.Server - Клиент подключился: /127.0.0.1:52430
[2026-06-17 12:34:43] INFO  main.Server.Network.Server - Клиент подключился: /127.0.0.1:52432
[2026-06-17 12:34:49] INFO  main.Server.Network.Server - Клиент подключился: /127.0.0.1:52435
[2026-06-17 12:34:58] INFO  main.Server.Network.Server - Клиент подключился: /127.0.0.1:52436
[2026-06-17 12:35:07] INFO  main.Server.Network.Server - Клиент подключился: /127.0.0.1:52438
[2026-06-17 12:35:25] INFO  main.Server.FileManagment.FileManager - Файл прочитан: C:\Users\mongo\IdeaProjects\Lab5\test.xml
[2026-06-17 12:35:25] INFO  main.Server.Network.Server - Сервер запущен: 0.0.0.0:8731
[2026-06-17 12:35:36] INFO  main.Server.Network.Server - Клиент подключился: /127.0.0.1:65048
[2026-06-17 12:35:38] INFO  main.Server.Commands.CommandProcessor - Получена команда: PING
[2026-06-17 12:35:38] INFO  main.Server.Commands.CommandProcessor - Получена команда: INFO
[2026-06-17 12:35:40] INFO  main.Server.Commands.CommandProcessor - Получена команда: PING
[2026-06-17 12:35:40] INFO  main.Server.Commands.CommandProcessor - Получена команда: SHOW
[2026-06-17 12:35:42] INFO  main.Server.Commands.CommandProcessor - Получена команда: PING
[2026-06-17 12:35:44] INFO  main.Server.Commands.CommandProcessor - Получена команда: PING
[2026-06-17 12:35:44] INFO  main.Server.Commands.CommandProcessor - Получена команда: SHOW
[2026-06-17 12:35:46] INFO  main.Server.Commands.CommandProcessor - Получена команда: PING
[2026-06-17 12:35:48] INFO  main.Server.Commands.CommandProcessor - Получена команда: PING
[2026-06-17 12:35:50] INFO  main.Server.Commands.CommandProcessor - Получена команда: PING
[2026-06-17 12:35:52] INFO  main.Server.Commands.CommandProcessor - Получена команда: PING
[2026-06-17 12:35:54] INFO  main.Server.Commands.CommandProcessor - Получена команда: PING
[2026-06-17 12:35:56] INFO  main.Server.Commands.CommandProcessor - Получена команда: PING
[2026-06-17 12:35:58] INFO  main.Server.Commands.CommandProcessor - Получена команда: PING
[2026-06-17 12:36:00] INFO  main.Server.Commands.CommandProcessor - Получена команда: PING
[2026-06-17 12:36:02] INFO  main.Server.Commands.CommandProcessor - Получена команда: PING
[2026-06-17 12:36:02] INFO  main.Server.Commands.CommandProcessor - Получена команда: INFO
[2026-06-17 12:36:04] INFO  main.Server.Commands.CommandProcessor - Получена команда: PING
[2026-06-17 12:36:05] INFO  main.Server.Commands.CommandProcessor - Получена команда: SHOW
[2026-06-17 12:36:06] INFO  main.Server.Commands.CommandProcessor - Получена команда: PING
[2026-06-17 12:36:08] INFO  main.Server.Commands.CommandProcessor - Получена команда: PING
[2026-06-17 12:36:10] INFO  main.Server.Commands.CommandProcessor - Получена команда: PING
[2026-06-17 12:36:12] INFO  main.Server.Commands.CommandProcessor - Получена команда: PING
[2026-06-17 12:36:14] INFO  main.Server.Commands.CommandProcessor - Получена команда: PING
[2026-06-17 12:36:16] INFO  main.Server.Commands.CommandProcessor - Получена команда: PING
[2026-06-17 12:36:17] INFO  main.Server.Network.Server - Клиент отключился
[2026-06-17 12:36:17] INFO  main.Server.ServerMain - Завершение JVM, сохранение коллекции
[2026-06-17 12:36:17] INFO  main.Server.Commands.CommandProcessor - Сохранение коллекции
[2026-06-17 12:36:38] INFO  main.Server.FileManagment.FileManager - Файл прочитан: C:\Users\mongo\IdeaProjects\Lab5\test.xml
[2026-06-17 12:36:38] INFO  main.Server.Network.Server - Сервер запущен: 0.0.0.0:8731
[2026-06-17 12:36:47] INFO  main.Server.Network.Server - Клиент подключился: /127.0.0.1:62574
[2026-06-17 12:36:49] INFO  main.Server.Commands.CommandProcessor - Получена команда: PING
[2026-06-17 12:36:51] INFO  main.Server.Commands.CommandProcessor - Получена команда: PING
[2026-06-17 12:36:53] INFO  main.Server.Commands.CommandProcessor - Получена команда: PING
[2026-06-17 12:36:55] INFO  main.Server.Commands.CommandProcessor - Получена команда: PING
[2026-06-17 12:36:55] INFO  main.Server.Commands.CommandProcessor - Получена команда: INFO
[2026-06-17 12:36:57] INFO  main.Server.Commands.CommandProcessor - Получена команда: PING
[2026-06-17 12:36:57] INFO  main.Server.Commands.CommandProcessor - Получена команда: SHOW
[2026-06-17 12:36:59] INFO  main.Server.Commands.CommandProcessor - Получена команда: PING
[2026-06-17 12:37:01] INFO  main.Server.Commands.CommandProcessor - Получена команда: PING
[2026-06-17 12:37:03] INFO  main.Server.Commands.CommandProcessor - Получена команда: PING
[2026-06-17 12:37:05] INFO  main.Server.Commands.CommandProcessor - Получена команда: PING
[2026-06-17 12:37:05] INFO  main.Server.Network.Server - Клиент отключился
[2026-06-17 12:37:05] INFO  main.Server.ServerMain - Завершение JVM, сохранение коллекции
[2026-06-17 12:37:05] INFO  main.Server.Commands.CommandProcessor - Сохранение коллекции
[2026-06-17 12:37:32] INFO  main.Server.FileManagment.FileManager - Файл прочитан: C:\Users\mongo\IdeaProjects\Lab5\test.xml
[2026-06-17 12:37:32] INFO  main.Server.Network.Server - Сервер запущен: 0.0.0.0:8731
[2026-06-17 12:37:52] INFO  main.Server.Network.Server - Клиент подключился: /127.0.0.1:65352
[2026-06-17 12:37:54] INFO  main.Server.Commands.CommandProcessor - Получена команда: PING
[2026-06-17 12:37:56] INFO  main.Server.Commands.CommandProcessor - Получена команда: PING
[2026-06-17 12:37:58] INFO  main.Server.Commands.CommandProcessor - Получена команда: PING
[2026-06-17 12:38:00] INFO  main.Server.Commands.CommandProcessor - Получена команда: PING
[2026-06-17 12:38:02] INFO  main.Server.Commands.CommandProcessor - Получена команда: PING
[2026-06-17 12:38:04] INFO  main.Server.Commands.CommandProcessor - Получена команда: PING
[2026-06-17 12:38:06] INFO  main.Server.Commands.CommandProcessor - Получена команда: PING
[2026-06-17 12:38:08] INFO  main.Server.Commands.CommandProcessor - Получена команда: PING
[2026-06-17 12:38:10] INFO  main.Server.Commands.CommandProcessor - Получена команда: PING
[2026-06-17 12:38:12] INFO  main.Server.Commands.CommandProcessor - Получена команда: PING
[2026-06-17 12:38:14] INFO  main.Server.Commands.CommandProcessor - Получена команда: PING
[2026-06-17 12:38:16] INFO  main.Server.Commands.CommandProcessor - Получена команда: PING
[2026-06-17 12:38:18] INFO  main.Server.Commands.CommandProcessor - Получена команда: PING
[2026-06-17 12:38:20] INFO  main.Server.Commands.CommandProcessor - Получена команда: PING
[2026-06-17 12:38:22] INFO  main.Server.Commands.CommandProcessor - Получена команда: PING
[2026-06-17 12:38:24] INFO  main.Server.Commands.CommandProcessor - Получена команда: PING
[2026-06-17 12:38:26] INFO  main.Server.Commands.CommandProcessor - Получена команда: PING
[2026-06-17 12:38:28] INFO  main.Server.Commands.CommandProcessor - Получена команда: PING
[2026-06-17 12:38:30] INFO  main.Server.Commands.CommandProcessor - Получена команда: PING
[2026-06-17 12:38:32] INFO  main.Server.Commands.CommandProcessor - Получена команда: PING
[2026-06-17 12:38:34] INFO  main.Server.Commands.CommandProcessor - Получена команда: PING
[2026-06-17 12:38:36] INFO  main.Server.Commands.CommandProcessor - Получена команда: PING
[2026-06-17 12:38:38] INFO  main.Server.Commands.CommandProcessor - Получена команда: PING
[2026-06-17 12:38:40] INFO  main.Server.Commands.CommandProcessor - Получена команда: PING
[2026-06-17 12:38:42] INFO  main.Server.Commands.CommandProcessor - Получена команда: PING
[2026-06-17 12:38:44] INFO  main.Server.Commands.CommandProcessor - Получена команда: PING
[2026-06-17 12:38:46] INFO  main.Server.Commands.CommandProcessor - Получена команда: PING
[2026-06-17 12:38:48] INFO  main.Server.Commands.CommandProcessor - Получена команда: PING
[2026-06-17 12:38:50] INFO  main.Server.Commands.CommandProcessor - Получена команда: PING
[2026-06-17 12:38:52] INFO  main.Server.Commands.CommandProcessor - Получена команда: PING
[2026-06-17 12:38:54] INFO  main.Server.Commands.CommandProcessor - Получена команда: PING
[2026-06-17 12:38:56] INFO  main.Server.Commands.CommandProcessor - Получена команда: PING
[2026-06-17 12:38:58] INFO  main.Server.Commands.CommandProcessor - Получена команда: PING
[2026-06-17 12:39:00] INFO  main.Server.Commands.CommandProcessor - Получена команда: PING
[2026-06-17 12:39:42] INFO  main.Server.FileManagment.FileManager - Файл прочитан: C:\Users\mongo\IdeaProjects\Lab5\test.xml
[2026-06-17 12:39:42] INFO  main.Server.Network.Server - Сервер запущен: 0.0.0.0:8731
[2026-06-17 12:39:45] INFO  main.Server.Network.Server - Клиент подключился: /127.0.0.1:50947
[2026-06-17 12:39:47] INFO  main.Server.Commands.CommandProcessor - Получена команда: PING
[2026-06-17 12:39:49] INFO  main.Server.Commands.CommandProcessor - Получена команда: PING
[2026-06-17 12:39:51] INFO  main.Server.Commands.CommandProcessor - Получена команда: PING
[2026-06-17 12:39:53] INFO  main.Server.Commands.CommandProcessor - Получена команда: PING
[2026-06-17 12:39:55] INFO  main.Server.Commands.CommandProcessor - Получена команда: PING
[2026-06-17 12:39:57] INFO  main.Server.Commands.CommandProcessor - Получена команда: PING
[2026-06-17 12:40:07] INFO  main.Server.FileManagment.FileManager - Файл прочитан: C:\Users\mongo\IdeaProjects\Lab5\test.xml
[2026-06-17 12:40:07] INFO  main.Server.Network.Server - Сервер запущен: 0.0.0.0:8731
[2026-06-17 12:40:08] INFO  main.Server.Network.Server - Клиент подключился: /127.0.0.1:63522
[2026-06-17 12:40:10] INFO  main.Server.Commands.CommandProcessor - Получена команда: PING
[2026-06-17 12:40:12] INFO  main.Server.Commands.CommandProcessor - Получена команда: PING
[2026-06-17 12:40:14] INFO  main.Server.Commands.CommandProcessor - Получена команда: PING
[2026-06-17 12:40:16] INFO  main.Server.Commands.CommandProcessor - Получена команда: PING
[2026-06-17 12:40:18] INFO  main.Server.Commands.CommandProcessor - Получена команда: PING
[2026-06-17 12:40:20] INFO  main.Server.Commands.CommandProcessor - Получена команда: PING
[2026-06-17 12:40:22] INFO  main.Server.Commands.CommandProcessor - Получена команда: PING
[2026-06-17 12:40:24] INFO  main.Server.Commands.CommandProcessor - Получена команда: PING
[2026-06-17 12:40:26] INFO  main.Server.Commands.CommandProcessor - Получена команда: PING
[2026-06-17 12:40:28] INFO  main.Server.Commands.CommandProcessor - Получена команда: PING
[2026-06-17 12:40:30] INFO  main.Server.Commands.CommandProcessor - Получена команда: PING
[2026-06-17 12:40:32] INFO  main.Server.Commands.CommandProcessor - Получена команда: PING
[2026-06-17 12:40:34] INFO  main.Server.Commands.CommandProcessor - Получена команда: PING
[2026-06-17 12:40:36] INFO  main.Server.Commands.CommandProcessor - Получена команда: PING
[2026-06-17 12:40:38] INFO  main.Server.Commands.CommandProcessor - Получена команда: PING
[2026-06-17 12:40:40] INFO  main.Server.Commands.CommandProcessor - Получена команда: PING
[2026-06-17 12:40:42] INFO  main.Server.Commands.CommandProcessor - Получена команда: PING
[2026-06-17 12:40:44] INFO  main.Server.Commands.CommandProcessor - Получена команда: PING
[2026-06-17 12:40:46] INFO  main.Server.Commands.CommandProcessor - Получена команда: PING
[2026-06-17 12:40:48] INFO  main.Server.Commands.CommandProcessor - Получена команда: PING
[2026-06-17 12:40:50] INFO  main.Server.Commands.CommandProcessor - Получена команда: PING
[2026-06-17 12:40:52] INFO  main.Server.Commands.CommandProcessor - Получена команда: PING
[2026-06-17 12:40:54] INFO  main.Server.Commands.CommandProcessor - Получена команда: PING
[2026-06-17 12:40:56] INFO  main.Server.Commands.CommandProcessor - Получена команда: PING
[2026-06-17 12:40:58] INFO  main.Server.Commands.CommandProcessor - Получена команда: PING
[2026-06-17 12:41:00] INFO  main.Server.Commands.CommandProcessor - Получена команда: PING
[2026-06-17 12:41:02] INFO  main.Server.Commands.CommandProcessor - Получена команда: PING
[2026-06-17 12:41:04] INFO  main.Server.Commands.CommandProcessor - Получена команда: PING
[2026-06-17 12:41:06] INFO  main.Server.Commands.CommandProcessor - Получена команда: PING
[2026-06-17 12:41:08] INFO  main.Server.Commands.CommandProcessor - Получена команда: PING
[2026-06-17 12:41:10] INFO  main.Server.Commands.CommandProcessor - Получена команда: PING
[2026-06-17 12:41:12] INFO  main.Server.Commands.CommandProcessor - Получена команда: PING
[2026-06-17 12:41:14] INFO  main.Server.Commands.CommandProcessor - Получена команда: PING
[2026-06-17 12:41:16] INFO  main.Server.Commands.CommandProcessor - Получена команда: PING
[2026-06-17 12:41:18] INFO  main.Server.Commands.CommandProcessor - Получена команда: PING
[2026-06-17 12:41:20] INFO  main.Server.Commands.CommandProcessor - Получена команда: PING
[2026-06-17 12:41:22] INFO  main.Server.Commands.CommandProcessor - Получена команда: PING
[2026-06-17 12:41:24] INFO  main.Server.Commands.CommandProcessor - Получена команда: PING
[2026-06-17 12:41:26] INFO  main.Server.Commands.CommandProcessor - Получена команда: PING
[2026-06-17 12:41:28] INFO  main.Server.Commands.CommandProcessor - Получена команда: PING
[2026-06-17 12:41:30] INFO  main.Server.Commands.CommandProcessor - Получена команда: PING
[2026-06-17 12:41:32] INFO  main.Server.Commands.CommandProcessor - Получена команда: PING
[2026-06-17 12:41:34] INFO  main.Server.Commands.CommandProcessor - Получена команда: PING
[2026-06-17 12:41:36] INFO  main.Server.Commands.CommandProcessor - Получена команда: PING
[2026-06-17 12:41:38] INFO  main.Server.Commands.CommandProcessor - Получена команда: PING
[2026-06-17 12:41:40] INFO  main.Server.Commands.CommandProcessor - Получена команда: PING
[2026-06-17 12:41:42] INFO  main.Server.Commands.CommandProcessor - Получена команда: PING
[2026-06-17 12:41:44] INFO  main.Server.Commands.CommandProcessor - Получена команда: PING
[2026-06-17 12:41:46] INFO  main.Server.Commands.CommandProcessor - Получена команда: PING
[2026-06-17 12:41:48] INFO  main.Server.Commands.CommandProcessor - Получена команда: PING
[2026-06-17 12:41:50] INFO  main.Server.Commands.CommandProcessor - Получена команда: PING
[2026-06-17 12:41:52] INFO  main.Server.Commands.CommandProcessor - Получена команда: PING
[2026-06-17 12:41:54] INFO  main.Server.Commands.CommandProcessor - Получена команда: PING
[2026-06-17 12:41:56] INFO  main.Server.Commands.CommandProcessor - Получена команда: PING
[2026-06-17 12:41:58] INFO  main.Server.Commands.CommandProcessor - Получена команда: PING
[2026-06-17 12:42:00] INFO  main.Server.Commands.CommandProcessor - Получена команда: PING
[2026-06-17 12:42:02] INFO  main.Server.Commands.CommandProcessor - Получена команда: PING
[2026-06-17 12:42:04] INFO  main.Server.Commands.CommandProcessor - Получена команда: PING
[2026-06-17 12:42:06] INFO  main.Server.Commands.CommandProcessor - Получена команда: PING
[2026-06-17 12:42:08] INFO  main.Server.Commands.CommandProcessor - Получена команда: PING
[2026-06-17 12:42:10] INFO  main.Server.Commands.CommandProcessor - Получена команда: PING
[2026-06-17 12:42:12] INFO  main.Server.Commands.CommandProcessor - Получена команда: PING
[2026-06-17 12:42:14] INFO  main.Server.Commands.CommandProcessor - Получена команда: PING
[2026-06-17 12:42:16] INFO  main.Server.Commands.CommandProcessor - Получена команда: PING
[2026-06-17 12:42:18] INFO  main.Server.Commands.CommandProcessor - Получена команда: PING
[2026-06-17 12:42:20] INFO  main.Server.Commands.CommandProcessor - Получена команда: PING
[2026-06-17 12:42:22] INFO  main.Server.Commands.CommandProcessor - Получена команда: PING
[2026-06-17 12:42:24] INFO  main.Server.Commands.CommandProcessor - Получена команда: PING
[2026-06-17 12:42:26] INFO  main.Server.Commands.CommandProcessor - Получена команда: PING
[2026-06-17 12:42:28] INFO  main.Server.Commands.CommandProcessor - Получена команда: PING
[2026-06-17 12:42:30] INFO  main.Server.Commands.CommandProcessor - Получена команда: PING
[2026-06-17 12:42:32] INFO  main.Server.Commands.CommandProcessor - Получена команда: PING
[2026-06-17 12:42:34] INFO  main.Server.Commands.CommandProcessor - Получена команда: PING
[2026-06-17 12:42:36] INFO  main.Server.Commands.CommandProcessor - Получена команда: PING
[2026-06-17 12:42:38] INFO  main.Server.Commands.CommandProcessor - Получена команда: PING
[2026-06-17 12:42:40] INFO  main.Server.Commands.CommandProcessor - Получена команда: PING
[2026-06-17 12:42:42] INFO  main.Server.Commands.CommandProcessor - Получена команда: PING
[2026-06-17 12:42:44] INFO  main.Server.Commands.CommandProcessor - Получена команда: PING
[2026-06-17 12:42:46] INFO  main.Server.Commands.CommandProcessor - Получена команда: PING
[2026-06-17 12:42:48] INFO  main.Server.Commands.CommandProcessor - Получена команда: PING
[2026-06-17 12:42:50] INFO  main.Server.Commands.CommandProcessor - Получена команда: PING
[2026-06-17 12:42:52] INFO  main.Server.Commands.CommandProcessor - Получена команда: PING
[2026-06-17 12:42:54] INFO  main.Server.Commands.CommandProcessor - Получена команда: PING
[2026-06-17 12:42:56] INFO  main.Server.Commands.CommandProcessor - Получена команда: PING
[2026-06-17 12:42:58] INFO  main.Server.Commands.CommandProcessor - Получена команда: PING
[2026-06-17 12:43:00] INFO  main.Server.Commands.CommandProcessor - Получена команда: PING
[2026-06-17 12:43:02] INFO  main.Server.Commands.CommandProcessor - Получена команда: PING
[2026-06-17 12:43:04] INFO  main.Server.Commands.CommandProcessor - Получена команда: PING
[2026-06-17 12:43:06] INFO  main.Server.Commands.CommandProcessor - Получена команда: PING
[2026-06-17 12:43:08] INFO  main.Server.Commands.CommandProcessor - Получена команда: PING
[2026-06-17 12:43:10] INFO  main.Server.Commands.CommandProcessor - Получена команда: PING
[2026-06-17 12:43:12] INFO  main.Server.Commands.CommandProcessor - Получена команда: PING
[2026-06-17 12:43:14] INFO  main.Server.Commands.CommandProcessor - Получена команда: PING
[2026-06-17 12:43:16] INFO  main.Server.Commands.CommandProcessor - Получена команда: PING
[2026-06-17 12:43:18] INFO  main.Server.Commands.CommandProcessor - Получена команда: PING
[2026-06-17 12:43:20] INFO  main.Server.Commands.CommandProcessor - Получена команда: PING
[2026-06-17 12:43:22] INFO  main.Server.Commands.CommandProcessor - Получена команда: PING
[2026-06-17 12:43:25] INFO  main.Server.Commands.CommandProcessor - Получена команда: PING
[2026-06-17 12:43:27] INFO  main.Server.Commands.CommandProcessor - Получена команда: PING
[2026-06-17 12:43:29] INFO  main.Server.Commands.CommandProcessor - Получена команда: PING
[2026-06-17 12:43:31] INFO  main.Server.Commands.CommandProcessor - Получена команда: PING
[2026-06-17 12:43:33] INFO  main.Server.Commands.CommandProcessor - Получена команда: PING
[2026-06-17 12:43:35] INFO  main.Server.Commands.CommandProcessor - Получена команда: PING
[2026-06-17 12:43:37] INFO  main.Server.Commands.CommandProcessor - Получена команда: PING
[2026-06-17 12:43:39] INFO  main.Server.Commands.CommandProcessor - Получена команда: PING
[2026-06-17 12:43:41] INFO  main.Server.Commands.CommandProcessor - Получена команда: PING
[2026-06-17 12:43:43] INFO  main.Server.Commands.CommandProcessor - Получена команда: PING
[2026-06-17 12:43:45] INFO  main.Server.Commands.CommandProcessor - Получена команда: PING
[2026-06-17 12:43:47] INFO  main.Server.Commands.CommandProcessor - Получена команда: PING
[2026-06-17 12:43:49] INFO  main.Server.Commands.CommandProcessor - Получена команда: PING
[2026-06-17 12:43:51] INFO  main.Server.Commands.CommandProcessor - Получена команда: PING
[2026-06-17 12:43:53] INFO  main.Server.Commands.CommandProcessor - Получена команда: PING
[2026-06-17 12:43:55] INFO  main.Server.Commands.CommandProcessor - Получена команда: PING
[2026-06-17 12:43:57] INFO  main.Server.Commands.CommandProcessor - Получена команда: PING
[2026-06-17 12:43:59] INFO  main.Server.Commands.CommandProcessor - Получена команда: PING
[2026-06-17 12:44:01] INFO  main.Server.Commands.CommandProcessor - Получена команда: PING
[2026-06-17 12:44:03] INFO  main.Server.Commands.CommandProcessor - Получена команда: PING
[2026-06-17 12:44:05] INFO  main.Server.Commands.CommandProcessor - Получена команда: PING
[2026-06-17 12:44:07] INFO  main.Server.Commands.CommandProcessor - Получена команда: PING
[2026-06-17 12:44:09] INFO  main.Server.Commands.CommandProcessor - Получена команда: PING
[2026-06-17 12:44:11] INFO  main.Server.Commands.CommandProcessor - Получена команда: PING
[2026-06-17 12:44:13] INFO  main.Server.Commands.CommandProcessor - Получена команда: PING
[2026-06-17 12:44:15] INFO  main.Server.Commands.CommandProcessor - Получена команда: PING
[2026-06-17 12:44:17] INFO  main.Server.Commands.CommandProcessor - Получена команда: PING
[2026-06-17 12:44:19] INFO  main.Server.Commands.CommandProcessor - Получена команда: PING
[2026-06-17 12:44:21] INFO  main.Server.Commands.CommandProcessor - Получена команда: PING
[2026-06-17 12:44:23] INFO  main.Server.Commands.CommandProcessor - Получена команда: PING
[2026-06-17 12:44:25] INFO  main.Server.Commands.CommandProcessor - Получена команда: PING
[2026-06-17 12:44:27] INFO  main.Server.Commands.CommandProcessor - Получена команда: PING
[2026-06-17 12:44:29] INFO  main.Server.Commands.CommandProcessor - Получена команда: PING
[2026-06-17 12:44:31] INFO  main.Server.Commands.CommandProcessor - Получена команда: PING
[2026-06-17 12:44:33] INFO  main.Server.Commands.CommandProcessor - Получена команда: PING
[2026-06-17 12:44:35] INFO  main.Server.Commands.CommandProcessor - Получена команда: PING
[2026-06-17 12:44:37] INFO  main.Server.Commands.CommandProcessor - Получена команда: PING
[2026-06-17 12:44:39] INFO  main.Server.Commands.CommandProcessor - Получена команда: PING
[2026-06-17 12:44:41] INFO  main.Server.Commands.CommandProcessor - Получена команда: PING
[2026-06-17 12:44:43] INFO  main.Server.Commands.CommandProcessor - Получена команда: PING
[2026-06-17 12:44:45] INFO  main.Server.Commands.CommandProcessor - Получена команда: PING
[2026-06-17 12:44:47] INFO  main.Server.Commands.CommandProcessor - Получена команда: PING
[2026-06-17 12:44:49] INFO  main.Server.Commands.CommandProcessor - Получена команда: PING
[2026-06-17 12:44:51] INFO  main.Server.Commands.CommandProcessor - Получена команда: PING
[2026-06-17 12:44:53] INFO  main.Server.Commands.CommandProcessor - Получена команда: PING
[2026-06-17 12:44:55] INFO  main.Server.Commands.CommandProcessor - Получена команда: PING
[2026-06-17 12:44:57] INFO  main.Server.Commands.CommandProcessor - Получена команда: PING
[2026-06-17 12:44:59] INFO  main.Server.Commands.CommandProcessor - Получена команда: PING
[2026-06-17 12:45:01] INFO  main.Server.Commands.CommandProcessor - Получена команда: PING
[2026-06-17 12:45:03] INFO  main.Server.Commands.CommandProcessor - Получена команда: PING
[2026-06-17 12:45:05] INFO  main.Server.Commands.CommandProcessor - Получена команда: PING
[2026-06-17 12:45:07] INFO  main.Server.Commands.CommandProcessor - Получена команда: PING
[2026-06-17 12:45:09] INFO  main.Server.Commands.CommandProcessor - Получена команда: PING
[2026-06-17 12:45:11] INFO  main.Server.Commands.CommandProcessor - Получена команда: PING
[2026-06-17 12:45:13] INFO  main.Server.Commands.CommandProcessor - Получена команда: PING
[2026-06-17 12:45:15] INFO  main.Server.Commands.CommandProcessor - Получена команда: PING
[2026-06-17 12:45:17] INFO  main.Server.Commands.CommandProcessor - Получена команда: PING
[2026-06-17 12:45:19] INFO  main.Server.Commands.CommandProcessor - Получена команда: PING
[2026-06-17 12:45:21] INFO  main.Server.Commands.CommandProcessor - Получена команда: PING
[2026-06-17 12:45:23] INFO  main.Server.Commands.CommandProcessor - Получена команда: PING
[2026-06-17 12:45:25] INFO  main.Server.Commands.CommandProcessor - Получена команда: PING
[2026-06-17 12:45:27] INFO  main.Server.Commands.CommandProcessor - Получена команда: PING
[2026-06-17 12:45:29] INFO  main.Server.Commands.CommandProcessor - Получена команда: PING
[2026-06-17 12:45:31] INFO  main.Server.Commands.CommandProcessor - Получена команда: PING
[2026-06-17 12:45:33] INFO  main.Server.Commands.CommandProcessor - Получена команда: PING
[2026-06-17 12:45:35] INFO  main.Server.Commands.CommandProcessor - Получена команда: PING
[2026-06-17 12:45:37] INFO  main.Server.Commands.CommandProcessor - Получена команда: PING
[2026-06-17 12:45:39] INFO  main.Server.Commands.CommandProcessor - Получена команда: PING
[2026-06-17 12:45:41] INFO  main.Server.Commands.CommandProcessor - Получена команда: PING
[2026-06-17 12:45:43] INFO  main.Server.Commands.CommandProcessor - Получена команда: PING
[2026-06-17 12:45:45] INFO  main.Server.Commands.CommandProcessor - Получена команда: PING
[2026-06-17 12:45:47] INFO  main.Server.Commands.CommandProcessor - Получена команда: PING
[2026-06-17 12:45:49] INFO  main.Server.Commands.CommandProcessor - Получена команда: PING
[2026-06-17 12:45:51] INFO  main.Server.Commands.CommandProcessor - Получена команда: PING
[2026-06-17 12:45:53] INFO  main.Server.Commands.CommandProcessor - Получена команда: PING
[2026-06-17 12:45:55] INFO  main.Server.Commands.CommandProcessor - Получена команда: PING
[2026-06-17 12:45:57] INFO  main.Server.Commands.CommandProcessor - Получена команда: PING
[2026-06-17 12:45:59] INFO  main.Server.Commands.CommandProcessor - Получена команда: PING
[2026-06-17 12:46:01] INFO  main.Server.Commands.CommandProcessor - Получена команда: PING
[2026-06-17 12:46:03] INFO  main.Server.Commands.CommandProcessor - Получена команда: PING
[2026-06-17 12:46:05] INFO  main.Server.Commands.CommandProcessor - Получена команда: PING
[2026-06-17 12:46:07] INFO  main.Server.Commands.CommandProcessor - Получена команда: PING
[2026-06-17 12:46:09] INFO  main.Server.Commands.CommandProcessor - Получена команда: PING
[2026-06-17 12:46:11] INFO  main.Server.Commands.CommandProcessor - Получена команда: PING
[2026-06-17 12:46:13] INFO  main.Server.Commands.CommandProcessor - Получена команда: PING
[2026-06-17 12:46:15] INFO  main.Server.Commands.CommandProcessor - Получена команда: PING
[2026-06-17 12:46:17] INFO  main.Server.Commands.CommandProcessor - Получена команда: PING
[2026-06-17 12:46:19] INFO  main.Server.Commands.CommandProcessor - Получена команда: PING
[2026-06-17 12:46:21] INFO  main.Server.Commands.CommandProcessor - Получена команда: PING
[2026-06-17 12:46:23] INFO  main.Server.Commands.CommandProcessor - Получена команда: PING
[2026-06-17 12:46:25] INFO  main.Server.Commands.CommandProcessor - Получена команда: PING
[2026-06-17 12:46:27] INFO  main.Server.Commands.CommandProcessor - Получена команда: PING
[2026-06-17 12:46:29] INFO  main.Server.Commands.CommandProcessor - Получена команда: PING
[2026-06-17 12:46:31] INFO  main.Server.Commands.CommandProcessor - Получена команда: PING
[2026-06-17 12:46:33] INFO  main.Server.Commands.CommandProcessor - Получена команда: PING
[2026-06-17 12:46:35] INFO  main.Server.Commands.CommandProcessor - Получена команда: PING
[2026-06-17 12:46:37] INFO  main.Server.Commands.CommandProcessor - Получена команда: PING
[2026-06-17 12:46:39] INFO  main.Server.Commands.CommandProcessor - Получена команда: PING
[2026-06-17 12:46:41] INFO  main.Server.Commands.CommandProcessor - Получена команда: PING
[2026-06-17 12:46:43] INFO  main.Server.Commands.CommandProcessor - Получена команда: PING
[2026-06-17 12:46:45] INFO  main.Server.Commands.CommandProcessor - Получена команда: PING
[2026-06-17 12:46:47] INFO  main.Server.Commands.CommandProcessor - Получена команда: PING
[2026-06-17 12:46:49] INFO  main.Server.Commands.CommandProcessor - Получена команда: PING
[2026-06-17 12:46:51] INFO  main.Server.Commands.CommandProcessor - Получена команда: PING
[2026-06-17 12:46:53] INFO  main.Server.Commands.CommandProcessor - Получена команда: PING
[2026-06-17 12:46:56] INFO  main.Server.Commands.CommandProcessor - Получена команда: PING
[2026-06-17 12:46:58] INFO  main.Server.Commands.CommandProcessor - Получена команда: PING
[2026-06-17 12:47:00] INFO  main.Server.Commands.CommandProcessor - Получена команда: PING
[2026-06-17 12:47:02] INFO  main.Server.Commands.CommandProcessor - Получена команда: PING
[2026-06-17 12:47:04] INFO  main.Server.Commands.CommandProcessor - Получена команда: PING
[2026-06-17 12:47:06] INFO  main.Server.Commands.CommandProcessor - Получена команда: PING
[2026-06-17 12:47:08] INFO  main.Server.Commands.CommandProcessor - Получена команда: PING
[2026-06-17 12:47:10] INFO  main.Server.Commands.CommandProcessor - Получена команда: PING
[2026-06-17 12:47:12] INFO  main.Server.Commands.CommandProcessor - Получена команда: PING
[2026-06-17 12:47:14] INFO  main.Server.Commands.CommandProcessor - Получена команда: PING
[2026-06-17 12:47:16] INFO  main.Server.Commands.CommandProcessor - Получена команда: PING
[2026-06-17 12:47:18] INFO  main.Server.Commands.CommandProcessor - Получена команда: PING
[2026-06-17 12:47:20] INFO  main.Server.Commands.CommandProcessor - Получена команда: PING
[2026-06-17 12:47:22] INFO  main.Server.Commands.CommandProcessor - Получена команда: PING
[2026-06-17 12:47:24] INFO  main.Server.Commands.CommandProcessor - Получена команда: PING
[2026-06-17 12:47:26] INFO  main.Server.Commands.CommandProcessor - Получена команда: PING
[2026-06-17 12:47:28] INFO  main.Server.Commands.CommandProcessor - Получена команда: PING
[2026-06-17 12:47:30] INFO  main.Server.Commands.CommandProcessor - Получена команда: PING
[2026-06-17 12:47:32] INFO  main.Server.Commands.CommandProcessor - Получена команда: PING
[2026-06-17 12:47:34] INFO  main.Server.Commands.CommandProcessor - Получена команда: PING
[2026-06-17 12:47:36] INFO  main.Server.Commands.CommandProcessor - Получена команда: PING
[2026-06-17 12:47:38] INFO  main.Server.Commands.CommandProcessor - Получена команда: PING
[2026-06-17 12:47:40] INFO  main.Server.Commands.CommandProcessor - Получена команда: PING
[2026-06-17 12:47:42] INFO  main.Server.Commands.CommandProcessor - Получена команда: PING
[2026-06-17 12:47:44] INFO  main.Server.Commands.CommandProcessor - Получена команда: PING
[2026-06-17 12:47:46] INFO  main.Server.Commands.CommandProcessor - Получена команда: PING
[2026-06-17 12:47:48] INFO  main.Server.Commands.CommandProcessor - Получена команда: PING
[2026-06-17 12:47:50] INFO  main.Server.Commands.CommandProcessor - Получена команда: PING
[2026-06-17 12:47:52] INFO  main.Server.Commands.CommandProcessor - Получена команда: PING
[2026-06-17 12:47:54] INFO  main.Server.Commands.CommandProcessor - Получена команда: PING
[2026-06-17 12:47:56] INFO  main.Server.Commands.CommandProcessor - Получена команда: PING
[2026-06-17 12:47:58] INFO  main.Server.Commands.CommandProcessor - Получена команда: PING
[2026-06-17 12:48:00] INFO  main.Server.Commands.CommandProcessor - Получена команда: PING
[2026-06-17 12:48:02] INFO  main.Server.Commands.CommandProcessor - Получена команда: PING
[2026-06-17 12:48:04] INFO  main.Server.Commands.CommandProcessor - Получена команда: PING
[2026-06-17 12:48:06] INFO  main.Server.Commands.CommandProcessor - Получена команда: PING
[2026-06-17 12:48:08] INFO  main.Server.Commands.CommandProcessor - Получена команда: PING
[2026-06-17 12:48:10] INFO  main.Server.Commands.CommandProcessor - Получена команда: PING
[2026-06-17 12:48:12] INFO  main.Server.Commands.CommandProcessor - Получена команда: PING
[2026-06-17 12:48:14] INFO  main.Server.Commands.CommandProcessor - Получена команда: PING
[2026-06-17 12:48:16] INFO  main.Server.Commands.CommandProcessor - Получена команда: PING
[2026-06-17 12:48:18] INFO  main.Server.Commands.CommandProcessor - Получена команда: PING
[2026-06-17 12:48:20] INFO  main.Server.Commands.CommandProcessor - Получена команда: PING
[2026-06-17 12:48:22] INFO  main.Server.Commands.CommandProcessor - Получена команда: PING
[2026-06-17 12:48:24] INFO  main.Server.Commands.CommandProcessor - Получена команда: PING
[2026-06-17 12:48:26] INFO  main.Server.Commands.CommandProcessor - Получена команда: PING
[2026-06-17 12:48:28] INFO  main.Server.Commands.CommandProcessor - Получена команда: PING
[2026-06-17 12:48:30] INFO  main.Server.Commands.CommandProcessor - Получена команда: PING
[2026-06-17 12:48:32] INFO  main.Server.Commands.CommandProcessor - Получена команда: PING
[2026-06-17 12:48:34] INFO  main.Server.Commands.CommandProcessor - Получена команда: PING
[2026-06-17 12:48:36] INFO  main.Server.Commands.CommandProcessor - Получена команда: PING
[2026-06-17 12:48:38] INFO  main.Server.Commands.CommandProcessor - Получена команда: PING
[2026-06-17 12:48:40] INFO  main.Server.Commands.CommandProcessor - Получена команда: PING
[2026-06-17 12:48:42] INFO  main.Server.Commands.CommandProcessor - Получена команда: PING
[2026-06-17 12:48:44] INFO  main.Server.Commands.CommandProcessor - Получена команда: PING
[2026-06-17 12:48:46] INFO  main.Server.Commands.CommandProcessor - Получена команда: PING
[2026-06-17 12:48:48] INFO  main.Server.Commands.CommandProcessor - Получена команда: PING
[2026-06-17 12:48:50] INFO  main.Server.Commands.CommandProcessor - Получена команда: PING
[2026-06-17 12:48:52] INFO  main.Server.Commands.CommandProcessor - Получена команда: PING
[2026-06-17 12:48:54] INFO  main.Server.Commands.CommandProcessor - Получена команда: PING
[2026-06-17 12:48:56] INFO  main.Server.Commands.CommandProcessor - Получена команда: PING
[2026-06-17 12:48:58] INFO  main.Server.Commands.CommandProcessor - Получена команда: PING
[2026-06-17 12:49:00] INFO  main.Server.Commands.CommandProcessor - Получена команда: PING
[2026-06-17 12:49:02] INFO  main.Server.Commands.CommandProcessor - Получена команда: PING
[2026-06-17 12:49:04] INFO  main.Server.Commands.CommandProcessor - Получена команда: PING
[2026-06-17 12:49:06] INFO  main.Server.Commands.CommandProcessor - Получена команда: PING
[2026-06-17 12:49:08] INFO  main.Server.Commands.CommandProcessor - Получена команда: PING
[2026-06-17 12:49:10] INFO  main.Server.Commands.CommandProcessor - Получена команда: PING
[2026-06-17 12:49:12] INFO  main.Server.Commands.CommandProcessor - Получена команда: PING
[2026-06-17 12:49:14] INFO  main.Server.Commands.CommandProcessor - Получена команда: PING
[2026-06-17 12:49:16] INFO  main.Server.Commands.CommandProcessor - Получена команда: PING
[2026-06-17 12:49:18] INFO  main.Server.Commands.CommandProcessor - Получена команда: PING
[2026-06-17 12:49:20] INFO  main.Server.Commands.CommandProcessor - Получена команда: PING
[2026-06-17 12:49:22] INFO  main.Server.Commands.CommandProcessor - Получена команда: PING
[2026-06-17 12:49:24] INFO  main.Server.Commands.CommandProcessor - Получена команда: PING
[2026-06-17 12:49:26] INFO  main.Server.Commands.CommandProcessor - Получена команда: PING
[2026-06-17 12:49:28] INFO  main.Server.Commands.CommandProcessor - Получена команда: PING
[2026-06-17 12:49:30] INFO  main.Server.Commands.CommandProcessor - Получена команда: PING
[2026-06-17 12:49:32] INFO  main.Server.Commands.CommandProcessor - Получена команда: PING
[2026-06-17 12:49:34] INFO  main.Server.Commands.CommandProcessor - Получена команда: PING
[2026-06-17 12:49:36] INFO  main.Server.Commands.CommandProcessor - Получена команда: PING
[2026-06-17 12:49:38] INFO  main.Server.Commands.CommandProcessor - Получена команда: PING
[2026-06-17 12:49:40] INFO  main.Server.Commands.CommandProcessor - Получена команда: PING
[2026-06-17 12:49:42] INFO  main.Server.Commands.CommandProcessor - Получена команда: PING
[2026-06-17 12:49:44] INFO  main.Server.Commands.CommandProcessor - Получена команда: PING
[2026-06-17 12:49:46] INFO  main.Server.Commands.CommandProcessor - Получена команда: PING
[2026-06-17 12:49:48] INFO  main.Server.Commands.CommandProcessor - Получена команда: PING
[2026-06-17 12:49:50] INFO  main.Server.Commands.CommandProcessor - Получена команда: PING
[2026-06-17 12:49:52] INFO  main.Server.Commands.CommandProcessor - Получена команда: PING
[2026-06-17 12:49:54] INFO  main.Server.Commands.CommandProcessor - Получена команда: PING
[2026-06-17 12:49:56] INFO  main.Server.Commands.CommandProcessor - Получена команда: PING
[2026-06-17 12:49:58] INFO  main.Server.Commands.CommandProcessor - Получена команда: PING
[2026-06-17 12:50:00] INFO  main.Server.Commands.CommandProcessor - Получена команда: PING
[2026-06-17 12:50:02] INFO  main.Server.Commands.CommandProcessor - Получена команда: PING
[2026-06-17 12:50:04] INFO  main.Server.Commands.CommandProcessor - Получена команда: PING
[2026-06-17 12:50:06] INFO  main.Server.Commands.CommandProcessor - Получена команда: PING
[2026-06-17 12:50:08] INFO  main.Server.Commands.CommandProcessor - Получена команда: PING
[2026-06-17 12:50:10] INFO  main.Server.Commands.CommandProcessor - Получена команда: PING
[2026-06-17 12:50:12] INFO  main.Server.Commands.CommandProcessor - Получена команда: PING
[2026-06-17 12:50:14] INFO  main.Server.Commands.CommandProcessor - Получена команда: PING
[2026-06-17 12:50:16] INFO  main.Server.Commands.CommandProcessor - Получена команда: PING
[2026-06-17 12:50:19] INFO  main.Server.Commands.CommandProcessor - Получена команда: PING
[2026-06-17 12:50:21] INFO  main.Server.Commands.CommandProcessor - Получена команда: PING
[2026-06-17 12:50:23] INFO  main.Server.Commands.CommandProcessor - Получена команда: PING
[2026-06-17 12:50:25] INFO  main.Server.Commands.CommandProcessor - Получена команда: PING
[2026-06-17 12:50:27] INFO  main.Server.Commands.CommandProcessor - Получена команда: PING
[2026-06-17 12:50:29] INFO  main.Server.Commands.CommandProcessor - Получена команда: PING
[2026-06-17 12:50:31] INFO  main.Server.Commands.CommandProcessor - Получена команда: PING
[2026-06-17 12:50:33] INFO  main.Server.Commands.CommandProcessor - Получена команда: PING
[2026-06-17 12:50:35] INFO  main.Server.Commands.CommandProcessor - Получена команда: PING
[2026-06-17 12:50:37] INFO  main.Server.Commands.CommandProcessor - Получена команда: PING
[2026-06-17 12:50:39] INFO  main.Server.Commands.CommandProcessor - Получена команда: PING
[2026-06-17 12:50:41] INFO  main.Server.Commands.CommandProcessor - Получена команда: PING
[2026-06-17 12:50:43] INFO  main.Server.Commands.CommandProcessor - Получена команда: PING
[2026-06-17 12:50:45] INFO  main.Server.Commands.CommandProcessor - Получена команда: PING
[2026-06-17 12:50:47] INFO  main.Server.Commands.CommandProcessor - Получена команда: PING
[2026-06-17 12:50:49] INFO  main.Server.Commands.CommandProcessor - Получена команда: PING
[2026-06-17 12:50:51] INFO  main.Server.Commands.CommandProcessor - Получена команда: PING
[2026-06-17 12:50:53] INFO  main.Server.Commands.CommandProcessor - Получена команда: PING
[2026-06-17 12:50:55] INFO  main.Server.Commands.CommandProcessor - Получена команда: PING
[2026-06-17 12:50:57] INFO  main.Server.Commands.CommandProcessor - Получена команда: PING
[2026-06-17 12:50:59] INFO  main.Server.Commands.CommandProcessor - Получена команда: PING
[2026-06-17 12:51:01] INFO  main.Server.Commands.CommandProcessor - Получена команда: PING
[2026-06-17 12:51:03] INFO  main.Server.Commands.CommandProcessor - Получена команда: PING
[2026-06-17 12:51:05] INFO  main.Server.Commands.CommandProcessor - Получена команда: PING
[2026-06-17 12:51:07] INFO  main.Server.Commands.CommandProcessor - Получена команда: PING
[2026-06-17 12:51:09] INFO  main.Server.Commands.CommandProcessor - Получена команда: PING
[2026-06-17 12:51:11] INFO  main.Server.Commands.CommandProcessor - Получена команда: PING
[2026-06-17 12:51:13] INFO  main.Server.Commands.CommandProcessor - Получена команда: PING
[2026-06-17 12:51:15] INFO  main.Server.Commands.CommandProcessor - Получена команда: PING
[2026-06-17 12:51:17] INFO  main.Server.Commands.CommandProcessor - Получена команда: PING
[2026-06-17 12:51:19] INFO  main.Server.Commands.CommandProcessor - Получена команда: PING
[2026-06-17 12:51:21] INFO  main.Server.Commands.CommandProcessor - Получена команда: PING
[2026-06-17 12:51:23] INFO  main.Server.Commands.CommandProcessor - Получена команда: PING
[2026-06-17 12:51:25] INFO  main.Server.Commands.CommandProcessor - Получена команда: PING
[2026-06-17 12:51:27] INFO  main.Server.Commands.CommandProcessor - Получена команда: PING
[2026-06-17 12:51:29] INFO  main.Server.Commands.CommandProcessor - Получена команда: PING
[2026-06-17 12:51:31] INFO  main.Server.Commands.CommandProcessor - Получена команда: PING
[2026-06-17 12:51:33] INFO  main.Server.Commands.CommandProcessor - Получена команда: PING
[2026-06-17 12:51:35] INFO  main.Server.Commands.CommandProcessor - Получена команда: PING
[2026-06-17 12:51:37] INFO  main.Server.Commands.CommandProcessor - Получена команда: PING
[2026-06-17 12:51:39] INFO  main.Server.Commands.CommandProcessor - Получена команда: PING
[2026-06-17 12:51:41] INFO  main.Server.Commands.CommandProcessor - Получена команда: PING
[2026-06-17 12:51:43] INFO  main.Server.Commands.CommandProcessor - Получена команда: PING
[2026-06-17 12:51:45] INFO  main.Server.Commands.CommandProcessor - Получена команда: PING
[2026-06-17 12:51:47] INFO  main.Server.Commands.CommandProcessor - Получена команда: PING
[2026-06-17 12:51:49] INFO  main.Server.Commands.CommandProcessor - Получена команда: PING
[2026-06-17 12:51:51] INFO  main.Server.Commands.CommandProcessor - Получена команда: PING
[2026-06-17 12:51:53] INFO  main.Server.Commands.CommandProcessor - Получена команда: PING
[2026-06-17 12:51:55] INFO  main.Server.Commands.CommandProcessor - Получена команда: PING
[2026-06-17 12:51:57] INFO  main.Server.Commands.CommandProcessor - Получена команда: PING
[2026-06-17 12:51:59] INFO  main.Server.Commands.CommandProcessor - Получена команда: PING
[2026-06-17 12:52:01] INFO  main.Server.Commands.CommandProcessor - Получена команда: PING
[2026-06-17 12:52:03] INFO  main.Server.Commands.CommandProcessor - Получена команда: PING
[2026-06-17 12:52:05] INFO  main.Server.Commands.CommandProcessor - Получена команда: PING
[2026-06-17 12:52:07] INFO  main.Server.Commands.CommandProcessor - Получена команда: PING
[2026-06-17 12:52:09] INFO  main.Server.Commands.CommandProcessor - Получена команда: PING
[2026-06-17 12:52:11] INFO  main.Server.Commands.CommandProcessor - Получена команда: PING
[2026-06-17 12:52:13] INFO  main.Server.Commands.CommandProcessor - Получена команда: PING
[2026-06-17 12:52:15] INFO  main.Server.Commands.CommandProcessor - Получена команда: PING
[2026-06-17 12:52:17] INFO  main.Server.Commands.CommandProcessor - Получена команда: PING
[2026-06-17 12:52:19] INFO  main.Server.Commands.CommandProcessor - Получена команда: PING
[2026-06-17 12:52:21] INFO  main.Server.Commands.CommandProcessor - Получена команда: PING
[2026-06-17 12:52:23] INFO  main.Server.Commands.CommandProcessor - Получена команда: PING
[2026-06-17 12:52:25] INFO  main.Server.Commands.CommandProcessor - Получена команда: PING
[2026-06-17 12:52:27] INFO  main.Server.Commands.CommandProcessor - Получена команда: PING
[2026-06-17 12:52:29] INFO  main.Server.Commands.CommandProcessor - Получена команда: PING
[2026-06-17 12:52:31] INFO  main.Server.Commands.CommandProcessor - Получена команда: PING
[2026-06-17 12:52:33] INFO  main.Server.Commands.CommandProcessor - Получена команда: PING
[2026-06-17 12:52:35] INFO  main.Server.Commands.CommandProcessor - Получена команда: PING
[2026-06-17 12:52:37] INFO  main.Server.Commands.CommandProcessor - Получена команда: PING
[2026-06-17 12:52:39] INFO  main.Server.Commands.CommandProcessor - Получена команда: PING
[2026-06-17 12:52:41] INFO  main.Server.Commands.CommandProcessor - Получена команда: PING
[2026-06-17 12:52:43] INFO  main.Server.Commands.CommandProcessor - Получена команда: PING
[2026-06-17 12:52:45] INFO  main.Server.Commands.CommandProcessor - Получена команда: PING
[2026-06-17 12:52:47] INFO  main.Server.Commands.CommandProcessor - Получена команда: PING
[2026-06-17 12:52:49] INFO  main.Server.Commands.CommandProcessor - Получена команда: PING
[2026-06-17 12:52:51] INFO  main.Server.Commands.CommandProcessor - Получена команда: PING
[2026-06-17 12:52:53] INFO  main.Server.Commands.CommandProcessor - Получена команда: PING
[2026-06-17 12:52:55] INFO  main.Server.Commands.CommandProcessor - Получена команда: PING
[2026-06-17 12:52:57] INFO  main.Server.Commands.CommandProcessor - Получена команда: PING
[2026-06-17 12:52:59] INFO  main.Server.Commands.CommandProcessor - Получена команда: PING
[2026-06-17 12:53:01] INFO  main.Server.Commands.CommandProcessor - Получена команда: PING
[2026-06-17 12:53:03] INFO  main.Server.Commands.CommandProcessor - Получена команда: PING
[2026-06-17 12:53:05] INFO  main.Server.Commands.CommandProcessor - Получена команда: PING
[2026-06-17 12:53:07] INFO  main.Server.Commands.CommandProcessor - Получена команда: PING
[2026-06-17 12:53:09] INFO  main.Server.Commands.CommandProcessor - Получена команда: PING
[2026-06-17 12:53:11] INFO  main.Server.Commands.CommandProcessor - Получена команда: PING
[2026-06-17 12:53:13] INFO  main.Server.Commands.CommandProcessor - Получена команда: PING
[2026-06-17 12:53:15] INFO  main.Server.Commands.CommandProcessor - Получена команда: PING
[2026-06-17 12:53:17] INFO  main.Server.Commands.CommandProcessor - Получена команда: PING
[2026-06-17 12:53:19] INFO  main.Server.Commands.CommandProcessor - Получена команда: PING
[2026-06-17 12:53:21] INFO  main.Server.Commands.CommandProcessor - Получена команда: PING
[2026-06-17 12:53:23] INFO  main.Server.Commands.CommandProcessor - Получена команда: PING
[2026-06-17 12:53:25] INFO  main.Server.Commands.CommandProcessor - Получена команда: PING
[2026-06-17 12:53:28] INFO  main.Server.Commands.CommandProcessor - Получена команда: PING
[2026-06-17 12:53:30] INFO  main.Server.Commands.CommandProcessor - Получена команда: PING
[2026-06-17 12:53:32] INFO  main.Server.Commands.CommandProcessor - Получена команда: PING
[2026-06-17 12:53:34] INFO  main.Server.Commands.CommandProcessor - Получена команда: PING
[2026-06-17 12:53:36] INFO  main.Server.Commands.CommandProcessor - Получена команда: PING
[2026-06-17 12:53:38] INFO  main.Server.Commands.CommandProcessor - Получена команда: PING
[2026-06-17 12:53:40] INFO  main.Server.Commands.CommandProcessor - Получена команда: PING
[2026-06-17 12:53:42] INFO  main.Server.Commands.CommandProcessor - Получена команда: PING
[2026-06-17 12:53:44] INFO  main.Server.Commands.CommandProcessor - Получена команда: PING
[2026-06-17 12:53:46] INFO  main.Server.Commands.CommandProcessor - Получена команда: PING
[2026-06-17 12:53:48] INFO  main.Server.Commands.CommandProcessor - Получена команда: PING
[2026-06-17 12:53:50] INFO  main.Server.Commands.CommandProcessor - Получена команда: PING
[2026-06-17 12:53:52] INFO  main.Server.Commands.CommandProcessor - Получена команда: PING
[2026-06-17 12:53:54] INFO  main.Server.Commands.CommandProcessor - Получена команда: PING
[2026-06-17 12:53:56] INFO  main.Server.Commands.CommandProcessor - Получена команда: PING
[2026-06-17 12:53:58] INFO  main.Server.Commands.CommandProcessor - Получена команда: PING
[2026-06-17 12:54:00] INFO  main.Server.Commands.CommandProcessor - Получена команда: PING
[2026-06-17 12:54:02] INFO  main.Server.Commands.CommandProcessor - Получена команда: PING
[2026-06-17 12:54:04] INFO  main.Server.Commands.CommandProcessor - Получена команда: PING
[2026-06-17 12:54:06] INFO  main.Server.Commands.CommandProcessor - Получена команда: PING
[2026-06-17 12:54:08] INFO  main.Server.Commands.CommandProcessor - Получена команда: PING
[2026-06-17 12:54:10] INFO  main.Server.Commands.CommandProcessor - Получена команда: PING
[2026-06-17 12:54:12] INFO  main.Server.Commands.CommandProcessor - Получена команда: PING
[2026-06-17 12:54:14] INFO  main.Server.Commands.CommandProcessor - Получена команда: PING
[2026-06-17 12:54:16] INFO  main.Server.Commands.CommandProcessor - Получена команда: PING
[2026-06-17 12:54:18] INFO  main.Server.Commands.CommandProcessor - Получена команда: PING
[2026-06-17 12:54:20] INFO  main.Server.Commands.CommandProcessor - Получена команда: PING
[2026-06-17 12:54:22] INFO  main.Server.Commands.CommandProcessor - Получена команда: PING
[2026-06-17 12:54:24] INFO  main.Server.Commands.CommandProcessor - Получена команда: PING
[2026-06-17 12:54:26] INFO  main.Server.Commands.CommandProcessor - Получена команда: PING
[2026-06-17 12:54:28] INFO  main.Server.Commands.CommandProcessor - Получена команда: PING
[2026-06-17 12:54:30] INFO  main.Server.Commands.CommandProcessor - Получена команда: PING
[2026-06-17 12:54:32] INFO  main.Server.Commands.CommandProcessor - Получена команда: PING
[2026-06-17 12:54:34] INFO  main.Server.Commands.CommandProcessor - Получена команда: PING
[2026-06-17 12:54:36] INFO  main.Server.Commands.CommandProcessor - Получена команда: PING
[2026-06-17 12:54:38] INFO  main.Server.Commands.CommandProcessor - Получена команда: PING
[2026-06-17 12:54:40] INFO  main.Server.Commands.CommandProcessor - Получена команда: PING
[2026-06-17 12:54:42] INFO  main.Server.Commands.CommandProcessor - Получена команда: PING
[2026-06-17 12:54:44] INFO  main.Server.Commands.CommandProcessor - Получена команда: PING
[2026-06-17 12:54:46] INFO  main.Server.Commands.CommandProcessor - Получена команда: PING
[2026-06-17 12:54:48] INFO  main.Server.Commands.CommandProcessor - Получена команда: PING
[2026-06-17 12:54:50] INFO  main.Server.Commands.CommandProcessor - Получена команда: PING
[2026-06-17 12:54:52] INFO  main.Server.Commands.CommandProcessor - Получена команда: PING
[2026-06-17 12:54:54] INFO  main.Server.Commands.CommandProcessor - Получена команда: PING
[2026-06-17 12:54:56] INFO  main.Server.Commands.CommandProcessor - Получена команда: PING
[2026-06-17 12:54:58] INFO  main.Server.Commands.CommandProcessor - Получена команда: PING
[2026-06-17 12:55:00] INFO  main.Server.Commands.CommandProcessor - Получена команда: PING
[2026-06-17 12:55:02] INFO  main.Server.Commands.CommandProcessor - Получена команда: PING
[2026-06-17 12:55:04] INFO  main.Server.Commands.CommandProcessor - Получена команда: PING
[2026-06-17 12:55:06] INFO  main.Server.Commands.CommandProcessor - Получена команда: PING
[2026-06-17 12:55:08] INFO  main.Server.Commands.CommandProcessor - Получена команда: PING
[2026-06-17 12:55:10] INFO  main.Server.Commands.CommandProcessor - Получена команда: PING
[2026-06-17 12:55:12] INFO  main.Server.Commands.CommandProcessor - Получена команда: PING
[2026-06-17 12:55:14] INFO  main.Server.Commands.CommandProcessor - Получена команда: PING
[2026-06-17 12:55:16] INFO  main.Server.Commands.CommandProcessor - Получена команда: PING
[2026-06-17 12:55:18] INFO  main.Server.Commands.CommandProcessor - Получена команда: PING
[2026-06-17 12:55:20] INFO  main.Server.Commands.CommandProcessor - Получена команда: PING
[2026-06-17 12:55:22] INFO  main.Server.Commands.CommandProcessor - Получена команда: PING
[2026-06-17 12:55:24] INFO  main.Server.Commands.CommandProcessor - Получена команда: PING
[2026-06-17 12:55:26] INFO  main.Server.Commands.CommandProcessor - Получена команда: PING
[2026-06-17 12:55:28] INFO  main.Server.Commands.CommandProcessor - Получена команда: PING
[2026-06-17 12:55:30] INFO  main.Server.Commands.CommandProcessor - Получена команда: PING
[2026-06-17 12:55:32] INFO  main.Server.Commands.CommandProcessor - Получена команда: PING
[2026-06-17 12:55:34] INFO  main.Server.Commands.CommandProcessor - Получена команда: PING
[2026-06-17 12:55:36] INFO  main.Server.Commands.CommandProcessor - Получена команда: PING
[2026-06-17 12:55:38] INFO  main.Server.Commands.CommandProcessor - Получена команда: PING
[2026-06-17 12:55:40] INFO  main.Server.Commands.CommandProcessor - Получена команда: PING
[2026-06-17 12:55:42] INFO  main.Server.Commands.CommandProcessor - Получена команда: PING
[2026-06-17 12:55:44] INFO  main.Server.Commands.CommandProcessor - Получена команда: PING
[2026-06-17 12:55:46] INFO  main.Server.Commands.CommandProcessor - Получена команда: PING
[2026-06-17 12:55:48] INFO  main.Server.Commands.CommandProcessor - Получена команда: PING
[2026-06-17 12:55:50] INFO  main.Server.Commands.CommandProcessor - Получена команда: PING
[2026-06-17 12:55:52] INFO  main.Server.Commands.CommandProcessor - Получена команда: PING
[2026-06-17 12:55:54] INFO  main.Server.Commands.CommandProcessor - Получена команда: PING
[2026-06-17 12:55:56] INFO  main.Server.Commands.CommandProcessor - Получена команда: PING
[2026-06-17 12:55:58] INFO  main.Server.Commands.CommandProcessor - Получена команда: PING
[2026-06-17 12:56:00] INFO  main.Server.Commands.CommandProcessor - Получена команда: PING
[2026-06-17 12:56:02] INFO  main.Server.Commands.CommandProcessor - Получена команда: PING
[2026-06-17 12:56:04] INFO  main.Server.Commands.CommandProcessor - Получена команда: PING
[2026-06-17 12:56:06] INFO  main.Server.Commands.CommandProcessor - Получена команда: PING
[2026-06-17 12:56:08] INFO  main.Server.Commands.CommandProcessor - Получена команда: PING
[2026-06-17 12:56:10] INFO  main.Server.Commands.CommandProcessor - Получена команда: PING
[2026-06-17 12:56:12] INFO  main.Server.Commands.CommandProcessor - Получена команда: PING
[2026-06-17 12:56:14] INFO  main.Server.Commands.CommandProcessor - Получена команда: PING
[2026-06-17 12:56:16] INFO  main.Server.Commands.CommandProcessor - Получена команда: PING
[2026-06-17 12:56:18] INFO  main.Server.Commands.CommandProcessor - Получена команда: PING
[2026-06-17 12:56:20] INFO  main.Server.Commands.CommandProcessor - Получена команда: PING
[2026-06-17 12:56:22] INFO  main.Server.Commands.CommandProcessor - Получена команда: PING
[2026-06-17 12:56:24] INFO  main.Server.Commands.CommandProcessor - Получена команда: PING
[2026-06-17 12:56:26] INFO  main.Server.Commands.CommandProcessor - Получена команда: PING
[2026-06-17 12:56:28] INFO  main.Server.Commands.CommandProcessor - Получена команда: PING
[2026-06-17 12:56:30] INFO  main.Server.Commands.CommandProcessor - Получена команда: PING
[2026-06-17 12:56:32] INFO  main.Server.Commands.CommandProcessor - Получена команда: PING
[2026-06-17 12:56:34] INFO  main.Server.Commands.CommandProcessor - Получена команда: PING
[2026-06-17 12:56:36] INFO  main.Server.Commands.CommandProcessor - Получена команда: PING
[2026-06-17 12:56:38] INFO  main.Server.Commands.CommandProcessor - Получена команда: PING
[2026-06-17 12:56:40] INFO  main.Server.Commands.CommandProcessor - Получена команда: PING
[2026-06-17 12:56:42] INFO  main.Server.Commands.CommandProcessor - Получена команда: PING
[2026-06-17 12:56:44] INFO  main.Server.Commands.CommandProcessor - Получена команда: PING
[2026-06-17 12:56:46] INFO  main.Server.Commands.CommandProcessor - Получена команда: PING
[2026-06-17 12:56:48] INFO  main.Server.Commands.CommandProcessor - Получена команда: PING
[2026-06-17 12:56:50] INFO  main.Server.Commands.CommandProcessor - Получена команда: PING
[2026-06-17 12:56:52] INFO  main.Server.Commands.CommandProcessor - Получена команда: PING
[2026-06-17 12:56:54] INFO  main.Server.Commands.CommandProcessor - Получена команда: PING
[2026-06-17 12:56:56] INFO  main.Server.Commands.CommandProcessor - Получена команда: PING
[2026-06-17 12:56:58] INFO  main.Server.Commands.CommandProcessor - Получена команда: PING
[2026-06-17 12:57:00] INFO  main.Server.Commands.CommandProcessor - Получена команда: PING
[2026-06-17 12:57:02] INFO  main.Server.Commands.CommandProcessor - Получена команда: PING
[2026-06-17 12:57:04] INFO  main.Server.Commands.CommandProcessor - Получена команда: PING
[2026-06-17 12:57:06] INFO  main.Server.Commands.CommandProcessor - Получена команда: PING
[2026-06-17 12:57:08] INFO  main.Server.Commands.CommandProcessor - Получена команда: PING
[2026-06-17 12:57:10] INFO  main.Server.Commands.CommandProcessor - Получена команда: PING
[2026-06-17 12:57:12] INFO  main.Server.Commands.CommandProcessor - Получена команда: PING
[2026-06-17 12:57:14] INFO  main.Server.Commands.CommandProcessor - Получена команда: PING
[2026-06-17 12:57:16] INFO  main.Server.Commands.CommandProcessor - Получена команда: PING
[2026-06-17 12:57:18] INFO  main.Server.Commands.CommandProcessor - Получена команда: PING
[2026-06-17 12:57:20] INFO  main.Server.Commands.CommandProcessor - Получена команда: PING
[2026-06-17 12:57:22] INFO  main.Server.Commands.CommandProcessor - Получена команда: PING
[2026-06-17 12:57:25] INFO  main.Server.Commands.CommandProcessor - Получена команда: PING
[2026-06-17 12:57:27] INFO  main.Server.Commands.CommandProcessor - Получена команда: PING
[2026-06-17 12:57:29] INFO  main.Server.Commands.CommandProcessor - Получена команда: PING
[2026-06-17 12:57:31] INFO  main.Server.Commands.CommandProcessor - Получена команда: PING
[2026-06-17 12:57:33] INFO  main.Server.Commands.CommandProcessor - Получена команда: PING
[2026-06-17 12:57:35] INFO  main.Server.Commands.CommandProcessor - Получена команда: PING
[2026-06-17 12:57:37] INFO  main.Server.Commands.CommandProcessor - Получена команда: PING
[2026-06-17 12:57:39] INFO  main.Server.Commands.CommandProcessor - Получена команда: PING
[2026-06-17 12:57:41] INFO  main.Server.Commands.CommandProcessor - Получена команда: PING
[2026-06-17 12:57:43] INFO  main.Server.Commands.CommandProcessor - Получена команда: PING
[2026-06-17 12:57:45] INFO  main.Server.Commands.CommandProcessor - Получена команда: PING
[2026-06-17 12:57:47] INFO  main.Server.Commands.CommandProcessor - Получена команда: PING
[2026-06-17 12:57:49] INFO  main.Server.Commands.CommandProcessor - Получена команда: PING
[2026-06-17 12:57:51] INFO  main.Server.Commands.CommandProcessor - Получена команда: PING
[2026-06-17 12:57:53] INFO  main.Server.Commands.CommandProcessor - Получена команда: PING
[2026-06-17 12:57:55] INFO  main.Server.Commands.CommandProcessor - Получена команда: PING
[2026-06-17 12:57:57] INFO  main.Server.Commands.CommandProcessor - Получена команда: PING
[2026-06-17 12:57:59] INFO  main.Server.Commands.CommandProcessor - Получена команда: PING
[2026-06-17 12:58:01] INFO  main.Server.Commands.CommandProcessor - Получена команда: PING
[2026-06-17 12:58:03] INFO  main.Server.Commands.CommandProcessor - Получена команда: PING
[2026-06-17 12:58:05] INFO  main.Server.Commands.CommandProcessor - Получена команда: PING
[2026-06-17 12:58:07] INFO  main.Server.Commands.CommandProcessor - Получена команда: PING
[2026-06-17 12:58:09] INFO  main.Server.Commands.CommandProcessor - Получена команда: PING
[2026-06-17 12:58:11] INFO  main.Server.Commands.CommandProcessor - Получена команда: PING
[2026-06-17 12:58:13] INFO  main.Server.Commands.CommandProcessor - Получена команда: PING
[2026-06-17 12:58:15] INFO  main.Server.Commands.CommandProcessor - Получена команда: PING
[2026-06-17 12:58:17] INFO  main.Server.Commands.CommandProcessor - Получена команда: PING
[2026-06-17 12:58:19] INFO  main.Server.Commands.CommandProcessor - Получена команда: PING
[2026-06-17 12:58:21] INFO  main.Server.Commands.CommandProcessor - Получена команда: PING
[2026-06-17 12:58:23] INFO  main.Server.Commands.CommandProcessor - Получена команда: PING
[2026-06-17 12:58:25] INFO  main.Server.Commands.CommandProcessor - Получена команда: PING
[2026-06-17 12:58:27] INFO  main.Server.Commands.CommandProcessor - Получена команда: PING
[2026-06-17 12:58:29] INFO  main.Server.Commands.CommandProcessor - Получена команда: PING
[2026-06-17 12:58:31] INFO  main.Server.Commands.CommandProcessor - Получена команда: PING
[2026-06-17 12:58:33] INFO  main.Server.Commands.CommandProcessor - Получена команда: PING
[2026-06-17 12:58:35] INFO  main.Server.Commands.CommandProcessor - Получена команда: PING
[2026-06-17 12:58:37] INFO  main.Server.Commands.CommandProcessor - Получена команда: PING
[2026-06-17 12:58:39] INFO  main.Server.Commands.CommandProcessor - Получена команда: PING
[2026-06-17 12:58:41] INFO  main.Server.Commands.CommandProcessor - Получена команда: PING
[2026-06-17 12:58:43] INFO  main.Server.Commands.CommandProcessor - Получена команда: PING
[2026-06-17 12:58:45] INFO  main.Server.Commands.CommandProcessor - Получена команда: PING
[2026-06-17 12:58:47] INFO  main.Server.Commands.CommandProcessor - Получена команда: PING
[2026-06-17 12:58:49] INFO  main.Server.Commands.CommandProcessor - Получена команда: PING
[2026-06-17 12:58:51] INFO  main.Server.Commands.CommandProcessor - Получена команда: PING
[2026-06-17 12:58:53] INFO  main.Server.Commands.CommandProcessor - Получена команда: PING
[2026-06-17 12:58:55] INFO  main.Server.Commands.CommandProcessor - Получена команда: PING
[2026-06-17 12:58:57] INFO  main.Server.Commands.CommandProcessor - Получена команда: PING
[2026-06-17 12:58:59] INFO  main.Server.Commands.CommandProcessor - Получена команда: PING
[2026-06-17 12:59:01] INFO  main.Server.Commands.CommandProcessor - Получена команда: PING
[2026-06-17 12:59:03] INFO  main.Server.Commands.CommandProcessor - Получена команда: PING
[2026-06-17 12:59:05] INFO  main.Server.Commands.CommandProcessor - Получена команда: PING
[2026-06-17 12:59:07] INFO  main.Server.Commands.CommandProcessor - Получена команда: PING
[2026-06-17 12:59:09] INFO  main.Server.Commands.CommandProcessor - Получена команда: PING
[2026-06-17 12:59:11] INFO  main.Server.Commands.CommandProcessor - Получена команда: PING
[2026-06-17 12:59:13] INFO  main.Server.Commands.CommandProcessor - Получена команда: PING
[2026-06-17 12:59:15] INFO  main.Server.Commands.CommandProcessor - Получена команда: PING
[2026-06-17 12:59:17] INFO  main.Server.Commands.CommandProcessor - Получена команда: PING
[2026-06-17 12:59:19] INFO  main.Server.Commands.CommandProcessor - Получена команда: PING
[2026-06-17 12:59:21] INFO  main.Server.Commands.CommandProcessor - Получена команда: PING
[2026-06-17 12:59:23] INFO  main.Server.Commands.CommandProcessor - Получена команда: PING
[2026-06-17 12:59:25] INFO  main.Server.Commands.CommandProcessor - Получена команда: PING
[2026-06-17 12:59:27] INFO  main.Server.Commands.CommandProcessor - Получена команда: PING
[2026-06-17 12:59:29] INFO  main.Server.Commands.CommandProcessor - Получена команда: PING
[2026-06-17 12:59:31] INFO  main.Server.Commands.CommandProcessor - Получена команда: PING
[2026-06-17 12:59:33] INFO  main.Server.Commands.CommandProcessor - Получена команда: PING
[2026-06-17 12:59:35] INFO  main.Server.Commands.CommandProcessor - Получена команда: PING
[2026-06-17 12:59:37] INFO  main.Server.Commands.CommandProcessor - Получена команда: PING
[2026-06-17 12:59:39] INFO  main.Server.Commands.CommandProcessor - Получена команда: PING
[2026-06-17 12:59:41] INFO  main.Server.Commands.CommandProcessor - Получена команда: PING
[2026-06-17 12:59:43] INFO  main.Server.Commands.CommandProcessor - Получена команда: PING
[2026-06-17 12:59:45] INFO  main.Server.Commands.CommandProcessor - Получена команда: PING
[2026-06-17 12:59:47] INFO  main.Server.Commands.CommandProcessor - Получена команда: PING
[2026-06-17 12:59:49] INFO  main.Server.Commands.CommandProcessor - Получена команда: PING
[2026-06-17 12:59:51] INFO  main.Server.Commands.CommandProcessor - Получена команда: PING
[2026-06-17 12:59:53] INFO  main.Server.Commands.CommandProcessor - Получена команда: PING
[2026-06-17 12:59:55] INFO  main.Server.Commands.CommandProcessor - Получена команда: PING
[2026-06-17 12:59:57] INFO  main.Server.Commands.CommandProcessor - Получена команда: PING
[2026-06-17 12:59:59] INFO  main.Server.Commands.CommandProcessor - Получена команда: PING
[2026-06-17 13:00:01] INFO  main.Server.Commands.CommandProcessor - Получена команда: PING
[2026-06-17 13:00:03] INFO  main.Server.Commands.CommandProcessor - Получена команда: PING
[2026-06-17 13:00:05] INFO  main.Server.Commands.CommandProcessor - Получена команда: PING
[2026-06-17 13:00:07] INFO  main.Server.Commands.CommandProcessor - Получена команда: PING
[2026-06-17 13:00:09] INFO  main.Server.Commands.CommandProcessor - Получена команда: PING
[2026-06-17 13:00:11] INFO  main.Server.Commands.CommandProcessor - Получена команда: PING
[2026-06-17 13:00:13] INFO  main.Server.Commands.CommandProcessor - Получена команда: PING
[2026-06-17 13:00:15] INFO  main.Server.Commands.CommandProcessor - Получена команда: PING
[2026-06-17 13:00:17] INFO  main.Server.Commands.CommandProcessor - Получена команда: PING
[2026-06-17 13:00:19] INFO  main.Server.Commands.CommandProcessor - Получена команда: PING
[2026-06-17 13:00:21] INFO  main.Server.Commands.CommandProcessor - Получена команда: PING
[2026-06-17 13:00:23] INFO  main.Server.Commands.CommandProcessor - Получена команда: PING
[2026-06-17 13:00:25] INFO  main.Server.Commands.CommandProcessor - Получена команда: PING
[2026-06-17 13:00:27] INFO  main.Server.Commands.CommandProcessor - Получена команда: PING
[2026-06-17 13:00:29] INFO  main.Server.Commands.CommandProcessor - Получена команда: PING
[2026-06-17 13:00:31] INFO  main.Server.Commands.CommandProcessor - Получена команда: PING
[2026-06-17 13:00:33] INFO  main.Server.Commands.CommandProcessor - Получена команда: PING
[2026-06-17 13:00:35] INFO  main.Server.Commands.CommandProcessor - Получена команда: PING
[2026-06-17 13:00:37] INFO  main.Server.Commands.CommandProcessor - Получена команда: PING
[2026-06-17 13:00:39] INFO  main.Server.Commands.CommandProcessor - Получена команда: PING
[2026-06-17 13:00:41] INFO  main.Server.Commands.CommandProcessor - Получена команда: PING
[2026-06-17 13:00:43] INFO  main.Server.Commands.CommandProcessor - Получена команда: PING
[2026-06-17 13:00:46] INFO  main.Server.Commands.CommandProcessor - Получена команда: PING
[2026-06-17 13:00:48] INFO  main.Server.Commands.CommandProcessor - Получена команда: PING
[2026-06-17 13:00:50] INFO  main.Server.Commands.CommandProcessor - Получена команда: PING
[2026-06-17 13:00:52] INFO  main.Server.Commands.CommandProcessor - Получена команда: PING
[2026-06-17 13:00:54] INFO  main.Server.Commands.CommandProcessor - Получена команда: PING
[2026-06-17 13:00:56] INFO  main.Server.Commands.CommandProcessor - Получена команда: PING
[2026-06-17 13:00:58] INFO  main.Server.Commands.CommandProcessor - Получена команда: PING
[2026-06-17 13:01:00] INFO  main.Server.Commands.CommandProcessor - Получена команда: PING
[2026-06-17 13:01:02] INFO  main.Server.Commands.CommandProcessor - Получена команда: PING
[2026-06-17 13:01:04] INFO  main.Server.Commands.CommandProcessor - Получена команда: PING
[2026-06-17 13:01:06] INFO  main.Server.Commands.CommandProcessor - Получена команда: PING
[2026-06-17 13:01:08] INFO  main.Server.Commands.CommandProcessor - Получена команда: PING
[2026-06-17 13:01:10] INFO  main.Server.Commands.CommandProcessor - Получена команда: PING
[2026-06-17 13:01:12] INFO  main.Server.Commands.CommandProcessor - Получена команда: PING
[2026-06-17 13:01:14] INFO  main.Server.Commands.CommandProcessor - Получена команда: PING
[2026-06-17 13:01:16] INFO  main.Server.Commands.CommandProcessor - Получена команда: PING
[2026-06-17 13:01:18] INFO  main.Server.Commands.CommandProcessor - Получена команда: PING
[2026-06-17 13:01:20] INFO  main.Server.Commands.CommandProcessor - Получена команда: PING
[2026-06-17 13:01:22] INFO  main.Server.Commands.CommandProcessor - Получена команда: PING
[2026-06-17 13:01:24] INFO  main.Server.Commands.CommandProcessor - Получена команда: PING
[2026-06-17 13:01:26] INFO  main.Server.Commands.CommandProcessor - Получена команда: PING
[2026-06-17 13:01:28] INFO  main.Server.Commands.CommandProcessor - Получена команда: PING
[2026-06-17 13:01:30] INFO  main.Server.Commands.CommandProcessor - Получена команда: PING
[2026-06-17 13:01:32] INFO  main.Server.Commands.CommandProcessor - Получена команда: PING
[2026-06-17 13:01:34] INFO  main.Server.Commands.CommandProcessor - Получена команда: PING
[2026-06-17 13:01:36] INFO  main.Server.Commands.CommandProcessor - Получена команда: PING
[2026-06-17 13:01:38] INFO  main.Server.Commands.CommandProcessor - Получена команда: PING
[2026-06-17 13:01:40] INFO  main.Server.Commands.CommandProcessor - Получена команда: PING
[2026-06-17 13:01:42] INFO  main.Server.Commands.CommandProcessor - Получена команда: PING
[2026-06-17 13:01:44] INFO  main.Server.Commands.CommandProcessor - Получена команда: PING
[2026-06-17 13:01:46] INFO  main.Server.Commands.CommandProcessor - Получена команда: PING
[2026-06-17 13:01:48] INFO  main.Server.Commands.CommandProcessor - Получена команда: PING
[2026-06-17 13:01:50] INFO  main.Server.Commands.CommandProcessor - Получена команда: PING
[2026-06-17 13:01:52] INFO  main.Server.Commands.CommandProcessor - Получена команда: PING
[2026-06-17 13:01:54] INFO  main.Server.Commands.CommandProcessor - Получена команда: PING
[2026-06-17 13:01:56] INFO  main.Server.Commands.CommandProcessor - Получена команда: PING
[2026-06-17 13:01:58] INFO  main.Server.Commands.CommandProcessor - Получена команда: PING
[2026-06-17 13:02:00] INFO  main.Server.Commands.CommandProcessor - Получена команда: PING
[2026-06-17 13:02:02] INFO  main.Server.Commands.CommandProcessor - Получена команда: PING
[2026-06-17 13:02:04] INFO  main.Server.Commands.CommandProcessor - Получена команда: PING
[2026-06-17 13:02:06] INFO  main.Server.Commands.CommandProcessor - Получена команда: PING
[2026-06-17 13:02:08] INFO  main.Server.Commands.CommandProcessor - Получена команда: PING
[2026-06-17 13:02:10] INFO  main.Server.Commands.CommandProcessor - Получена команда: PING
[2026-06-17 13:02:12] INFO  main.Server.Commands.CommandProcessor - Получена команда: PING
[2026-06-17 13:02:14] INFO  main.Server.Commands.CommandProcessor - Получена команда: PING
[2026-06-17 13:02:16] INFO  main.Server.Commands.CommandProcessor - Получена команда: PING
[2026-06-17 13:02:18] INFO  main.Server.Commands.CommandProcessor - Получена команда: PING
[2026-06-17 13:02:20] INFO  main.Server.Commands.CommandProcessor - Получена команда: PING
[2026-06-17 13:02:22] INFO  main.Server.Commands.CommandProcessor - Получена команда: PING
[2026-06-17 13:02:24] INFO  main.Server.Commands.CommandProcessor - Получена команда: PING
[2026-06-17 13:02:26] INFO  main.Server.Commands.CommandProcessor - Получена команда: PING
[2026-06-17 13:02:28] INFO  main.Server.Commands.CommandProcessor - Получена команда: PING
[2026-06-17 13:02:30] INFO  main.Server.Commands.CommandProcessor - Получена команда: PING
[2026-06-17 13:02:32] INFO  main.Server.Commands.CommandProcessor - Получена команда: PING
[2026-06-17 13:02:34] INFO  main.Server.Commands.CommandProcessor - Получена команда: PING
[2026-06-17 13:02:36] INFO  main.Server.Commands.CommandProcessor - Получена команда: PING
[2026-06-17 13:02:38] INFO  main.Server.Commands.CommandProcessor - Получена команда: PING
[2026-06-17 13:02:40] INFO  main.Server.Commands.CommandProcessor - Получена команда: PING
[2026-06-17 13:02:42] INFO  main.Server.Commands.CommandProcessor - Получена команда: PING
[2026-06-17 13:02:44] INFO  main.Server.Commands.CommandProcessor - Получена команда: PING
[2026-06-17 13:02:46] INFO  main.Server.Commands.CommandProcessor - Получена команда: PING
[2026-06-17 13:02:48] INFO  main.Server.Commands.CommandProcessor - Получена команда: PING
[2026-06-17 13:02:50] INFO  main.Server.Commands.CommandProcessor - Получена команда: PING
[2026-06-17 13:02:52] INFO  main.Server.Commands.CommandProcessor - Получена команда: PING
[2026-06-17 13:02:54] INFO  main.Server.Commands.CommandProcessor - Получена команда: PING
[2026-06-17 13:02:56] INFO  main.Server.Commands.CommandProcessor - Получена команда: PING
[2026-06-17 13:02:58] INFO  main.Server.Commands.CommandProcessor - Получена команда: PING
[2026-06-17 13:03:00] INFO  main.Server.Commands.CommandProcessor - Получена команда: PING
[2026-06-17 13:03:02] INFO  main.Server.Commands.CommandProcessor - Получена команда: PING
[2026-06-17 13:03:04] INFO  main.Server.Commands.CommandProcessor - Получена команда: PING
[2026-06-17 13:03:06] INFO  main.Server.Commands.CommandProcessor - Получена команда: PING
[2026-06-17 13:03:08] INFO  main.Server.Commands.CommandProcessor - Получена команда: PING
[2026-06-17 13:03:10] INFO  main.Server.Commands.CommandProcessor - Получена команда: PING
[2026-06-17 13:03:12] INFO  main.Server.Commands.CommandProcessor - Получена команда: PING
[2026-06-17 13:03:14] INFO  main.Server.Commands.CommandProcessor - Получена команда: PING
[2026-06-17 13:03:16] INFO  main.Server.Commands.CommandProcessor - Получена команда: PING
[2026-06-17 13:03:18] INFO  main.Server.Commands.CommandProcessor - Получена команда: PING
[2026-06-17 13:03:20] INFO  main.Server.Commands.CommandProcessor - Получена команда: PING
[2026-06-17 13:03:22] INFO  main.Server.Commands.CommandProcessor - Получена команда: PING
[2026-06-17 13:03:24] INFO  main.Server.Commands.CommandProcessor - Получена команда: PING
[2026-06-17 13:03:26] INFO  main.Server.Commands.CommandProcessor - Получена команда: PING
[2026-06-17 13:03:28] INFO  main.Server.Commands.CommandProcessor - Получена команда: PING
[2026-06-17 13:03:30] INFO  main.Server.Commands.CommandProcessor - Получена команда: PING
[2026-06-17 13:03:32] INFO  main.Server.Commands.CommandProcessor - Получена команда: PING
[2026-06-17 13:03:34] INFO  main.Server.Commands.CommandProcessor - Получена команда: PING
[2026-06-17 13:03:36] INFO  main.Server.Commands.CommandProcessor - Получена команда: PING
[2026-06-17 13:03:38] INFO  main.Server.Commands.CommandProcessor - Получена команда: PING
[2026-06-17 13:03:40] INFO  main.Server.Commands.CommandProcessor - Получена команда: PING
[2026-06-17 13:03:42] INFO  main.Server.Commands.CommandProcessor - Получена команда: PING
[2026-06-17 13:03:44] INFO  main.Server.Commands.CommandProcessor - Получена команда: PING
[2026-06-17 13:03:46] INFO  main.Server.Commands.CommandProcessor - Получена команда: PING
[2026-06-17 13:03:48] INFO  main.Server.Commands.CommandProcessor - Получена команда: PING
[2026-06-17 13:03:50] INFO  main.Server.Commands.CommandProcessor - Получена команда: PING
[2026-06-17 13:03:52] INFO  main.Server.Commands.CommandProcessor - Получена команда: PING
[2026-06-17 13:03:54] INFO  main.Server.Commands.CommandProcessor - Получена команда: PING
[2026-06-17 13:03:56] INFO  main.Server.Commands.CommandProcessor - Получена команда: PING
[2026-06-17 13:03:58] INFO  main.Server.Commands.CommandProcessor - Получена команда: PING
[2026-06-17 13:04:00] INFO  main.Server.Commands.CommandProcessor - Получена команда: PING
[2026-06-17 13:04:02] INFO  main.Server.Commands.CommandProcessor - Получена команда: PING
[2026-06-17 13:04:04] INFO  main.Server.Commands.CommandProcessor - Получена команда: PING
[2026-06-17 13:04:06] INFO  main.Server.Commands.CommandProcessor - Получена команда: PING
[2026-06-17 13:04:08] INFO  main.Server.Commands.CommandProcessor - Получена команда: PING
[2026-06-17 13:04:10] INFO  main.Server.Commands.CommandProcessor - Получена команда: PING
[2026-06-17 13:04:13] INFO  main.Server.Commands.CommandProcessor - Получена команда: PING
[2026-06-17 13:04:15] INFO  main.Server.Commands.CommandProcessor - Получена команда: PING
[2026-06-17 13:04:17] INFO  main.Server.Commands.CommandProcessor - Получена команда: PING
[2026-06-17 13:04:19] INFO  main.Server.Commands.CommandProcessor - Получена команда: PING
[2026-06-17 13:04:21] INFO  main.Server.Commands.CommandProcessor - Получена команда: PING
[2026-06-17 13:04:23] INFO  main.Server.Commands.CommandProcessor - Получена команда: PING
[2026-06-17 13:04:25] INFO  main.Server.Commands.CommandProcessor - Получена команда: PING
[2026-06-17 13:04:27] INFO  main.Server.Commands.CommandProcessor - Получена команда: PING
[2026-06-17 13:04:29] INFO  main.Server.Commands.CommandProcessor - Получена команда: PING
[2026-06-17 13:04:31] INFO  main.Server.Commands.CommandProcessor - Получена команда: PING
[2026-06-17 13:04:33] INFO  main.Server.Commands.CommandProcessor - Получена команда: PING
[2026-06-17 13:04:35] INFO  main.Server.Commands.CommandProcessor - Получена команда: PING
[2026-06-17 13:04:37] INFO  main.Server.Commands.CommandProcessor - Получена команда: PING
[2026-06-17 13:04:39] INFO  main.Server.Commands.CommandProcessor - Получена команда: PING
[2026-06-17 13:04:41] INFO  main.Server.Commands.CommandProcessor - Получена команда: PING
[2026-06-17 13:04:43] INFO  main.Server.Commands.CommandProcessor - Получена команда: PING
[2026-06-17 13:04:45] INFO  main.Server.Commands.CommandProcessor - Получена команда: PING
[2026-06-17 13:04:47] INFO  main.Server.Commands.CommandProcessor - Получена команда: PING
[2026-06-17 13:04:49] INFO  main.Server.Commands.CommandProcessor - Получена команда: PING
[2026-06-17 13:04:51] INFO  main.Server.Commands.CommandProcessor - Получена команда: PING
[2026-06-17 13:04:53] INFO  main.Server.Commands.CommandProcessor - Получена команда: PING
[2026-06-17 13:04:55] INFO  main.Server.Commands.CommandProcessor - Получена команда: PING
[2026-06-17 13:04:57] INFO  main.Server.Commands.CommandProcessor - Получена команда: PING
[2026-06-17 13:04:59] INFO  main.Server.Commands.CommandProcessor - Получена команда: PING
[2026-06-17 13:05:01] INFO  main.Server.Commands.CommandProcessor - Получена команда: PING
[2026-06-17 13:05:03] INFO  main.Server.Commands.CommandProcessor - Получена команда: PING
[2026-06-17 13:05:05] INFO  main.Server.Commands.CommandProcessor - Получена команда: PING
[2026-06-17 13:05:07] INFO  main.Server.Commands.CommandProcessor - Получена команда: PING
[2026-06-17 13:05:09] INFO  main.Server.Commands.CommandProcessor - Получена команда: PING
[2026-06-17 13:05:11] INFO  main.Server.Commands.CommandProcessor - Получена команда: PING
[2026-06-17 13:05:13] INFO  main.Server.Commands.CommandProcessor - Получена команда: PING
[2026-06-17 13:05:15] INFO  main.Server.Commands.CommandProcessor - Получена команда: PING
[2026-06-17 13:05:17] INFO  main.Server.Commands.CommandProcessor - Получена команда: PING
[2026-06-17 13:05:19] INFO  main.Server.Commands.CommandProcessor - Получена команда: PING
[2026-06-17 13:05:21] INFO  main.Server.Commands.CommandProcessor - Получена команда: PING
[2026-06-17 13:05:23] INFO  main.Server.Commands.CommandProcessor - Получена команда: PING
[2026-06-17 13:05:25] INFO  main.Server.Commands.CommandProcessor - Получена команда: PING
[2026-06-17 13:05:27] INFO  main.Server.Commands.CommandProcessor - Получена команда: PING
[2026-06-17 13:05:29] INFO  main.Server.Commands.CommandProcessor - Получена команда: PING
[2026-06-17 13:05:31] INFO  main.Server.Commands.CommandProcessor - Получена команда: PING
[2026-06-17 13:05:33] INFO  main.Server.Commands.CommandProcessor - Получена команда: PING
[2026-06-17 13:05:35] INFO  main.Server.Commands.CommandProcessor - Получена команда: PING
[2026-06-17 13:05:37] INFO  main.Server.Commands.CommandProcessor - Получена команда: PING
[2026-06-17 13:05:39] INFO  main.Server.Commands.CommandProcessor - Получена команда: PING
[2026-06-17 13:05:41] INFO  main.Server.Commands.CommandProcessor - Получена команда: PING
[2026-06-17 13:05:43] INFO  main.Server.Commands.CommandProcessor - Получена команда: PING
[2026-06-17 13:05:45] INFO  main.Server.Commands.CommandProcessor - Получена команда: PING
[2026-06-17 13:05:47] INFO  main.Server.Commands.CommandProcessor - Получена команда: PING
[2026-06-17 13:05:49] INFO  main.Server.Commands.CommandProcessor - Получена команда: PING
[2026-06-17 13:05:51] INFO  main.Server.Commands.CommandProcessor - Получена команда: PING
[2026-06-17 13:05:53] INFO  main.Server.Commands.CommandProcessor - Получена команда: PING
[2026-06-17 13:05:55] INFO  main.Server.Commands.CommandProcessor - Получена команда: PING
[2026-06-17 13:05:57] INFO  main.Server.Commands.CommandProcessor - Получена команда: PING
[2026-06-17 13:05:59] INFO  main.Server.Commands.CommandProcessor - Получена команда: PING
[2026-06-17 13:06:01] INFO  main.Server.Commands.CommandProcessor - Получена команда: PING
[2026-06-17 13:06:03] INFO  main.Server.Commands.CommandProcessor - Получена команда: PING
[2026-06-17 13:06:05] INFO  main.Server.Commands.CommandProcessor - Получена команда: PING
[2026-06-17 13:06:07] INFO  main.Server.Commands.CommandProcessor - Получена команда: PING
[2026-06-17 13:06:09] INFO  main.Server.Commands.CommandProcessor - Получена команда: PING
[2026-06-17 13:06:11] INFO  main.Server.Commands.CommandProcessor - Получена команда: PING
[2026-06-17 13:06:13] INFO  main.Server.Commands.CommandProcessor - Получена команда: PING
[2026-06-17 13:06:15] INFO  main.Server.Commands.CommandProcessor - Получена команда: PING
[2026-06-17 13:06:17] INFO  main.Server.Commands.CommandProcessor - Получена команда: PING
[2026-06-17 13:06:19] INFO  main.Server.Commands.CommandProcessor - Получена команда: PING
[2026-06-17 13:06:21] INFO  main.Server.Commands.CommandProcessor - Получена команда: PING
[2026-06-17 13:06:23] INFO  main.Server.Commands.CommandProcessor - Получена команда: PING
[2026-06-17 13:06:25] INFO  main.Server.Commands.CommandProcessor - Получена команда: PING
[2026-06-17 13:06:27] INFO  main.Server.Commands.CommandProcessor - Получена команда: PING
[2026-06-17 13:06:29] INFO  main.Server.Commands.CommandProcessor - Получена команда: PING
[2026-06-17 13:06:31] INFO  main.Server.Commands.CommandProcessor - Получена команда: PING
[2026-06-17 13:06:33] INFO  main.Server.Commands.CommandProcessor - Получена команда: PING
[2026-06-17 13:06:35] INFO  main.Server.Commands.CommandProcessor - Получена команда: PING
[2026-06-17 13:06:37] INFO  main.Server.Commands.CommandProcessor - Получена команда: PING
[2026-06-17 13:06:39] INFO  main.Server.Commands.CommandProcessor - Получена команда: PING
[2026-06-17 13:06:41] INFO  main.Server.Commands.CommandProcessor - Получена команда: PING
[2026-06-17 13:06:43] INFO  main.Server.Commands.CommandProcessor - Получена команда: PING
[2026-06-17 13:06:45] INFO  main.Server.Commands.CommandProcessor - Получена команда: PING
[2026-06-17 13:06:47] INFO  main.Server.Commands.CommandProcessor - Получена команда: PING
[2026-06-17 13:06:49] INFO  main.Server.Commands.CommandProcessor - Получена команда: PING
[2026-06-17 13:06:51] INFO  main.Server.Commands.CommandProcessor - Получена команда: PING
[2026-06-17 13:06:53] INFO  main.Server.Commands.CommandProcessor - Получена команда: PING
[2026-06-17 13:06:55] INFO  main.Server.Commands.CommandProcessor - Получена команда: PING
[2026-06-17 13:06:57] INFO  main.Server.Commands.CommandProcessor - Получена команда: PING
[2026-06-17 13:06:59] INFO  main.Server.Commands.CommandProcessor - Получена команда: PING
[2026-06-17 13:07:01] INFO  main.Server.Commands.CommandProcessor - Получена команда: PING
[2026-06-17 13:07:03] INFO  main.Server.Commands.CommandProcessor - Получена команда: PING
[2026-06-17 13:07:05] INFO  main.Server.Commands.CommandProcessor - Получена команда: PING
[2026-06-17 13:07:07] INFO  main.Server.Commands.CommandProcessor - Получена команда: PING
[2026-06-17 13:07:09] INFO  main.Server.Commands.CommandProcessor - Получена команда: PING
[2026-06-17 13:07:11] INFO  main.Server.Commands.CommandProcessor - Получена команда: PING
[2026-06-17 13:07:13] INFO  main.Server.Commands.CommandProcessor - Получена команда: PING
[2026-06-17 13:07:15] INFO  main.Server.Commands.CommandProcessor - Получена команда: PING
[2026-06-17 13:07:17] INFO  main.Server.Commands.CommandProcessor - Получена команда: PING
[2026-06-17 13:07:19] INFO  main.Server.Commands.CommandProcessor - Получена команда: PING
[2026-06-17 13:07:21] INFO  main.Server.Commands.CommandProcessor - Получена команда: PING
[2026-06-17 13:07:23] INFO  main.Server.Commands.CommandProcessor - Получена команда: PING
[2026-06-17 13:07:25] INFO  main.Server.Commands.CommandProcessor - Получена команда: PING
[2026-06-17 13:07:27] INFO  main.Server.Commands.CommandProcessor - Получена команда: PING
[2026-06-17 13:07:29] INFO  main.Server.Commands.CommandProcessor - Получена команда: PING
[2026-06-17 13:07:31] INFO  main.Server.Commands.CommandProcessor - Получена команда: PING
[2026-06-17 13:07:33] INFO  main.Server.Commands.CommandProcessor - Получена команда: PING
[2026-06-17 13:07:35] INFO  main.Server.Commands.CommandProcessor - Получена команда: PING
[2026-06-17 13:07:37] INFO  main.Server.Commands.CommandProcessor - Получена команда: PING
[2026-06-17 13:07:39] INFO  main.Server.Commands.CommandProcessor - Получена команда: PING
[2026-06-17 13:07:42] INFO  main.Server.Commands.CommandProcessor - Получена команда: PING
[2026-06-17 13:07:44] INFO  main.Server.Commands.CommandProcessor - Получена команда: PING
[2026-06-17 13:07:46] INFO  main.Server.Commands.CommandProcessor - Получена команда: PING
[2026-06-17 13:07:48] INFO  main.Server.Commands.CommandProcessor - Получена команда: PING
[2026-06-17 13:07:50] INFO  main.Server.Commands.CommandProcessor - Получена команда: PING
[2026-06-17 13:07:52] INFO  main.Server.Commands.CommandProcessor - Получена команда: PING
[2026-06-17 13:07:54] INFO  main.Server.Commands.CommandProcessor - Получена команда: PING
[2026-06-17 13:07:56] INFO  main.Server.Commands.CommandProcessor - Получена команда: PING
[2026-06-17 13:07:58] INFO  main.Server.Commands.CommandProcessor - Получена команда: PING
[2026-06-17 13:08:00] INFO  main.Server.Commands.CommandProcessor - Получена команда: PING
[2026-06-17 13:08:02] INFO  main.Server.Commands.CommandProcessor - Получена команда: PING
[2026-06-17 13:08:04] INFO  main.Server.Commands.CommandProcessor - Получена команда: PING
[2026-06-17 13:08:06] INFO  main.Server.Commands.CommandProcessor - Получена команда: PING
[2026-06-17 13:08:08] INFO  main.Server.Commands.CommandProcessor - Получена команда: PING
[2026-06-17 13:08:10] INFO  main.Server.Commands.CommandProcessor - Получена команда: PING
[2026-06-17 13:08:12] INFO  main.Server.Commands.CommandProcessor - Получена команда: PING
[2026-06-17 13:08:14] INFO  main.Server.Commands.CommandProcessor - Получена команда: PING
[2026-06-17 13:08:16] INFO  main.Server.Commands.CommandProcessor - Получена команда: PING
[2026-06-17 13:08:18] INFO  main.Server.Commands.CommandProcessor - Получена команда: PING
[2026-06-17 13:08:20] INFO  main.Server.Commands.CommandProcessor - Получена команда: PING
[2026-06-17 13:08:22] INFO  main.Server.Commands.CommandProcessor - Получена команда: PING
[2026-06-17 13:08:24] INFO  main.Server.Commands.CommandProcessor - Получена команда: PING
[2026-06-17 13:08:26] INFO  main.Server.Commands.CommandProcessor - Получена команда: PING
[2026-06-17 13:08:28] INFO  main.Server.Commands.CommandProcessor - Получена команда: PING
[2026-06-17 13:08:30] INFO  main.Server.Commands.CommandProcessor - Получена команда: PING
[2026-06-17 13:08:32] INFO  main.Server.Commands.CommandProcessor - Получена команда: PING
[2026-06-17 13:08:34] INFO  main.Server.Commands.CommandProcessor - Получена команда: PING
[2026-06-17 13:08:36] INFO  main.Server.Commands.CommandProcessor - Получена команда: PING
[2026-06-17 13:08:38] INFO  main.Server.Commands.CommandProcessor - Получена команда: PING
[2026-06-17 13:08:40] INFO  main.Server.Commands.CommandProcessor - Получена команда: PING
[2026-06-17 13:08:42] INFO  main.Server.Commands.CommandProcessor - Получена команда: PING
[2026-06-17 13:08:44] INFO  main.Server.Commands.CommandProcessor - Получена команда: PING
[2026-06-17 13:08:46] INFO  main.Server.Commands.CommandProcessor - Получена команда: PING
[2026-06-17 13:08:48] INFO  main.Server.Commands.CommandProcessor - Получена команда: PING
[2026-06-17 13:08:50] INFO  main.Server.Commands.CommandProcessor - Получена команда: PING
[2026-06-17 13:08:52] INFO  main.Server.Commands.CommandProcessor - Получена команда: PING
[2026-06-17 13:08:54] INFO  main.Server.Commands.CommandProcessor - Получена команда: PING
[2026-06-17 13:08:56] INFO  main.Server.Commands.CommandProcessor - Получена команда: PING
[2026-06-17 13:08:58] INFO  main.Server.Commands.CommandProcessor - Получена команда: PING
[2026-06-17 13:09:00] INFO  main.Server.Commands.CommandProcessor - Получена команда: PING
[2026-06-17 13:09:02] INFO  main.Server.Commands.CommandProcessor - Получена команда: PING
[2026-06-17 13:09:04] INFO  main.Server.Commands.CommandProcessor - Получена команда: PING
[2026-06-17 13:09:06] INFO  main.Server.Commands.CommandProcessor - Получена команда: PING
[2026-06-17 13:09:08] INFO  main.Server.Commands.CommandProcessor - Получена команда: PING
[2026-06-17 13:09:10] INFO  main.Server.Commands.CommandProcessor - Получена команда: PING
[2026-06-17 13:09:12] INFO  main.Server.Commands.CommandProcessor - Получена команда: PING
[2026-06-17 13:09:14] INFO  main.Server.Commands.CommandProcessor - Получена команда: PING
[2026-06-17 13:09:16] INFO  main.Server.Commands.CommandProcessor - Получена команда: PING
[2026-06-17 13:09:18] INFO  main.Server.Commands.CommandProcessor - Получена команда: PING
[2026-06-17 13:09:20] INFO  main.Server.Commands.CommandProcessor - Получена команда: PING
[2026-06-17 13:09:22] INFO  main.Server.Commands.CommandProcessor - Получена команда: PING
[2026-06-17 13:09:24] INFO  main.Server.Commands.CommandProcessor - Получена команда: PING
[2026-06-17 13:09:26] INFO  main.Server.Commands.CommandProcessor - Получена команда: PING
[2026-06-17 13:09:28] INFO  main.Server.Commands.CommandProcessor - Получена команда: PING
[2026-06-17 13:09:30] INFO  main.Server.Commands.CommandProcessor - Получена команда: PING
[2026-06-17 13:09:32] INFO  main.Server.Commands.CommandProcessor - Получена команда: PING
[2026-06-17 13:09:34] INFO  main.Server.Commands.CommandProcessor - Получена команда: PING
[2026-06-17 13:09:36] INFO  main.Server.Commands.CommandProcessor - Получена команда: PING
[2026-06-17 13:09:38] INFO  main.Server.Commands.CommandProcessor - Получена команда: PING
[2026-06-17 13:09:40] INFO  main.Server.Commands.CommandProcessor - Получена команда: PING
[2026-06-17 13:09:42] INFO  main.Server.Commands.CommandProcessor - Получена команда: PING
[2026-06-17 13:09:44] INFO  main.Server.Commands.CommandProcessor - Получена команда: PING
[2026-06-17 13:09:46] INFO  main.Server.Commands.CommandProcessor - Получена команда: PING
[2026-06-17 13:09:48] INFO  main.Server.Commands.CommandProcessor - Получена команда: PING
[2026-06-17 13:09:50] INFO  main.Server.Commands.CommandProcessor - Получена команда: PING
[2026-06-17 13:09:52] INFO  main.Server.Commands.CommandProcessor - Получена команда: PING
[2026-06-17 13:09:54] INFO  main.Server.Commands.CommandProcessor - Получена команда: PING
[2026-06-17 13:09:56] INFO  main.Server.Commands.CommandProcessor - Получена команда: PING
[2026-06-17 13:09:58] INFO  main.Server.Commands.CommandProcessor - Получена команда: PING
[2026-06-17 13:10:00] INFO  main.Server.Commands.CommandProcessor - Получена команда: PING
[2026-06-17 13:10:02] INFO  main.Server.Commands.CommandProcessor - Получена команда: PING
[2026-06-17 13:10:04] INFO  main.Server.Commands.CommandProcessor - Получена команда: PING
[2026-06-17 13:10:06] INFO  main.Server.Commands.CommandProcessor - Получена команда: PING
[2026-06-17 13:10:08] INFO  main.Server.Commands.CommandProcessor - Получена команда: PING
[2026-06-17 13:10:10] INFO  main.Server.Commands.CommandProcessor - Получена команда: PING
[2026-06-17 13:10:12] INFO  main.Server.Commands.CommandProcessor - Получена команда: PING
[2026-06-17 13:10:14] INFO  main.Server.Commands.CommandProcessor - Получена команда: PING
[2026-06-17 13:10:16] INFO  main.Server.Commands.CommandProcessor - Получена команда: PING
[2026-06-17 13:10:18] INFO  main.Server.Commands.CommandProcessor - Получена команда: PING
[2026-06-17 13:10:20] INFO  main.Server.Commands.CommandProcessor - Получена команда: PING
[2026-06-17 13:10:22] INFO  main.Server.Commands.CommandProcessor - Получена команда: PING
[2026-06-17 13:10:24] INFO  main.Server.Commands.CommandProcessor - Получена команда: PING
[2026-06-17 13:10:26] INFO  main.Server.Commands.CommandProcessor - Получена команда: PING
[2026-06-17 13:10:28] INFO  main.Server.Commands.CommandProcessor - Получена команда: PING
[2026-06-17 13:10:30] INFO  main.Server.Commands.CommandProcessor - Получена команда: PING
[2026-06-17 13:10:32] INFO  main.Server.Commands.CommandProcessor - Получена команда: PING
[2026-06-17 13:10:34] INFO  main.Server.Commands.CommandProcessor - Получена команда: PING
[2026-06-17 13:10:36] INFO  main.Server.Commands.CommandProcessor - Получена команда: PING
[2026-06-17 13:10:38] INFO  main.Server.Commands.CommandProcessor - Получена команда: PING
[2026-06-17 13:10:40] INFO  main.Server.Commands.CommandProcessor - Получена команда: PING
[2026-06-17 13:10:42] INFO  main.Server.Commands.CommandProcessor - Получена команда: PING
[2026-06-17 13:10:44] INFO  main.Server.Commands.CommandProcessor - Получена команда: PING
[2026-06-17 13:10:46] INFO  main.Server.Commands.CommandProcessor - Получена команда: PING
[2026-06-17 13:10:48] INFO  main.Server.Commands.CommandProcessor - Получена команда: PING
[2026-06-17 13:10:50] INFO  main.Server.Commands.CommandProcessor - Получена команда: PING
[2026-06-17 13:10:52] INFO  main.Server.Commands.CommandProcessor - Получена команда: PING
[2026-06-17 13:10:54] INFO  main.Server.Commands.CommandProcessor - Получена команда: PING
[2026-06-17 13:10:57] INFO  main.Server.Commands.CommandProcessor - Получена команда: PING
[2026-06-17 13:10:59] INFO  main.Server.Commands.CommandProcessor - Получена команда: PING
[2026-06-17 13:11:01] INFO  main.Server.Commands.CommandProcessor - Получена команда: PING
[2026-06-17 13:11:03] INFO  main.Server.Commands.CommandProcessor - Получена команда: PING
[2026-06-17 13:11:05] INFO  main.Server.Commands.CommandProcessor - Получена команда: PING
[2026-06-17 13:11:07] INFO  main.Server.Commands.CommandProcessor - Получена команда: PING
[2026-06-17 13:11:09] INFO  main.Server.Commands.CommandProcessor - Получена команда: PING
[2026-06-17 13:11:11] INFO  main.Server.Commands.CommandProcessor - Получена команда: PING
[2026-06-17 13:11:13] INFO  main.Server.Commands.CommandProcessor - Получена команда: PING
[2026-06-17 13:11:15] INFO  main.Server.Commands.CommandProcessor - Получена команда: PING
[2026-06-17 13:11:17] INFO  main.Server.Commands.CommandProcessor - Получена команда: PING
[2026-06-17 13:11:19] INFO  main.Server.Commands.CommandProcessor - Получена команда: PING
[2026-06-17 13:11:21] INFO  main.Server.Commands.CommandProcessor - Получена команда: PING
[2026-06-17 13:11:23] INFO  main.Server.Commands.CommandProcessor - Получена команда: PING
[2026-06-17 13:11:25] INFO  main.Server.Commands.CommandProcessor - Получена команда: PING
[2026-06-17 13:11:27] INFO  main.Server.Commands.CommandProcessor - Получена команда: PING
[2026-06-17 13:11:29] INFO  main.Server.Commands.CommandProcessor - Получена команда: PING
[2026-06-17 13:11:31] INFO  main.Server.Commands.CommandProcessor - Получена команда: PING
[2026-06-17 13:11:33] INFO  main.Server.Commands.CommandProcessor - Получена команда: PING
[2026-06-17 13:11:35] INFO  main.Server.Commands.CommandProcessor - Получена команда: PING
[2026-06-17 13:11:37] INFO  main.Server.Commands.CommandProcessor - Получена команда: PING
[2026-06-17 13:11:39] INFO  main.Server.Commands.CommandProcessor - Получена команда: PING
[2026-06-17 13:11:41] INFO  main.Server.Commands.CommandProcessor - Получена команда: PING
[2026-06-17 13:11:43] INFO  main.Server.Commands.CommandProcessor - Получена команда: PING
[2026-06-17 13:11:45] INFO  main.Server.Commands.CommandProcessor - Получена команда: PING
[2026-06-17 13:11:47] INFO  main.Server.Commands.CommandProcessor - Получена команда: PING
[2026-06-17 13:11:49] INFO  main.Server.Commands.CommandProcessor - Получена команда: PING
[2026-06-17 13:11:51] INFO  main.Server.Commands.CommandProcessor - Получена команда: PING
[2026-06-17 13:11:53] INFO  main.Server.Commands.CommandProcessor - Получена команда: PING
[2026-06-17 13:11:55] INFO  main.Server.Commands.CommandProcessor - Получена команда: PING
[2026-06-17 13:11:57] INFO  main.Server.Commands.CommandProcessor - Получена команда: PING
[2026-06-17 13:11:59] INFO  main.Server.Commands.CommandProcessor - Получена команда: PING
[2026-06-17 13:12:01] INFO  main.Server.Commands.CommandProcessor - Получена команда: PING
[2026-06-17 13:12:03] INFO  main.Server.Commands.CommandProcessor - Получена команда: PING
[2026-06-17 13:12:05] INFO  main.Server.Commands.CommandProcessor - Получена команда: PING
[2026-06-17 13:12:07] INFO  main.Server.Commands.CommandProcessor - Получена команда: PING
[2026-06-17 13:12:09] INFO  main.Server.Commands.CommandProcessor - Получена команда: PING
[2026-06-17 13:12:11] INFO  main.Server.Commands.CommandProcessor - Получена команда: PING
[2026-06-17 13:12:13] INFO  main.Server.Commands.CommandProcessor - Получена команда: PING
[2026-06-17 13:12:15] INFO  main.Server.Commands.CommandProcessor - Получена команда: PING
[2026-06-17 13:12:17] INFO  main.Server.Commands.CommandProcessor - Получена команда: PING
[2026-06-17 13:12:19] INFO  main.Server.Commands.CommandProcessor - Получена команда: PING
[2026-06-17 13:12:21] INFO  main.Server.Commands.CommandProcessor - Получена команда: PING
[2026-06-17 13:12:23] INFO  main.Server.Commands.CommandProcessor - Получена команда: PING
[2026-06-17 13:12:25] INFO  main.Server.Commands.CommandProcessor - Получена команда: PING
[2026-06-17 13:12:27] INFO  main.Server.Commands.CommandProcessor - Получена команда: PING
[2026-06-17 13:12:29] INFO  main.Server.Commands.CommandProcessor - Получена команда: PING
[2026-06-17 13:12:31] INFO  main.Server.Commands.CommandProcessor - Получена команда: PING
[2026-06-17 13:12:33] INFO  main.Server.Commands.CommandProcessor - Получена команда: PING
[2026-06-17 13:12:35] INFO  main.Server.Commands.CommandProcessor - Получена команда: PING
[2026-06-17 13:12:37] INFO  main.Server.Commands.CommandProcessor - Получена команда: PING
[2026-06-17 13:12:39] INFO  main.Server.Commands.CommandProcessor - Получена команда: PING
[2026-06-17 13:12:41] INFO  main.Server.Commands.CommandProcessor - Получена команда: PING
[2026-06-17 13:12:43] INFO  main.Server.Commands.CommandProcessor - Получена команда: PING
[2026-06-17 13:12:45] INFO  main.Server.Commands.CommandProcessor - Получена команда: PING
[2026-06-17 13:12:47] INFO  main.Server.Commands.CommandProcessor - Получена команда: PING
[2026-06-17 13:12:49] INFO  main.Server.Commands.CommandProcessor - Получена команда: PING
[2026-06-17 13:12:51] INFO  main.Server.Commands.CommandProcessor - Получена команда: PING
[2026-06-17 13:12:53] INFO  main.Server.Commands.CommandProcessor - Получена команда: PING
[2026-06-17 13:12:55] INFO  main.Server.Commands.CommandProcessor - Получена команда: PING
[2026-06-17 13:12:57] INFO  main.Server.Commands.CommandProcessor - Получена команда: PING
[2026-06-17 13:12:59] INFO  main.Server.Commands.CommandProcessor - Получена команда: PING
[2026-06-17 13:13:01] INFO  main.Server.Commands.CommandProcessor - Получена команда: PING
[2026-06-17 13:13:03] INFO  main.Server.Commands.CommandProcessor - Получена команда: PING
[2026-06-17 13:13:05] INFO  main.Server.Commands.CommandProcessor - Получена команда: PING
[2026-06-17 13:13:07] INFO  main.Server.Commands.CommandProcessor - Получена команда: PING
[2026-06-17 13:13:09] INFO  main.Server.Commands.CommandProcessor - Получена команда: PING
[2026-06-17 13:13:11] INFO  main.Server.Commands.CommandProcessor - Получена команда: PING
[2026-06-17 13:13:13] INFO  main.Server.Commands.CommandProcessor - Получена команда: PING
[2026-06-17 13:13:15] INFO  main.Server.Commands.CommandProcessor - Получена команда: PING
[2026-06-17 13:13:17] INFO  main.Server.Commands.CommandProcessor - Получена команда: PING
[2026-06-17 13:13:19] INFO  main.Server.Commands.CommandProcessor - Получена команда: PING
[2026-06-17 13:13:21] INFO  main.Server.Commands.CommandProcessor - Получена команда: PING
[2026-06-17 13:13:23] INFO  main.Server.Commands.CommandProcessor - Получена команда: PING
[2026-06-17 13:13:25] INFO  main.Server.Commands.CommandProcessor - Получена команда: PING
[2026-06-17 13:13:27] INFO  main.Server.Commands.CommandProcessor - Получена команда: PING
[2026-06-17 13:13:29] INFO  main.Server.Commands.CommandProcessor - Получена команда: PING
[2026-06-17 13:13:31] INFO  main.Server.Commands.CommandProcessor - Получена команда: PING
[2026-06-17 13:13:33] INFO  main.Server.Commands.CommandProcessor - Получена команда: PING
[2026-06-17 13:13:35] INFO  main.Server.Commands.CommandProcessor - Получена команда: PING
[2026-06-17 13:13:37] INFO  main.Server.Commands.CommandProcessor - Получена команда: PING
[2026-06-17 13:13:39] INFO  main.Server.Commands.CommandProcessor - Получена команда: PING
[2026-06-17 13:13:41] INFO  main.Server.Commands.CommandProcessor - Получена команда: PING
[2026-06-17 13:13:43] INFO  main.Server.Commands.CommandProcessor - Получена команда: PING
[2026-06-17 13:13:45] INFO  main.Server.Commands.CommandProcessor - Получена команда: PING
[2026-06-17 13:13:47] INFO  main.Server.Commands.CommandProcessor - Получена команда: PING
[2026-06-17 13:13:49] INFO  main.Server.Commands.CommandProcessor - Получена команда: PING
[2026-06-17 13:13:51] INFO  main.Server.Commands.CommandProcessor - Получена команда: PING
[2026-06-17 13:13:53] INFO  main.Server.Commands.CommandProcessor - Получена команда: PING
[2026-06-17 13:13:55] INFO  main.Server.Commands.CommandProcessor - Получена команда: PING
[2026-06-17 13:13:57] INFO  main.Server.Commands.CommandProcessor - Получена команда: PING
[2026-06-17 13:13:59] INFO  main.Server.Commands.CommandProcessor - Получена команда: PING
[2026-06-17 13:14:01] INFO  main.Server.Commands.CommandProcessor - Получена команда: PING
[2026-06-17 13:14:03] INFO  main.Server.Commands.CommandProcessor - Получена команда: PING
[2026-06-17 13:14:05] INFO  main.Server.Commands.CommandProcessor - Получена команда: PING
[2026-06-17 13:14:07] INFO  main.Server.Commands.CommandProcessor - Получена команда: PING
[2026-06-17 13:14:09] INFO  main.Server.Commands.CommandProcessor - Получена команда: PING
[2026-06-17 13:14:11] INFO  main.Server.Commands.CommandProcessor - Получена команда: PING
[2026-06-17 13:14:13] INFO  main.Server.Commands.CommandProcessor - Получена команда: PING
[2026-06-17 13:14:15] INFO  main.Server.Commands.CommandProcessor - Получена команда: PING
[2026-06-17 13:14:17] INFO  main.Server.Commands.CommandProcessor - Получена команда: PING
[2026-06-17 13:14:19] INFO  main.Server.Commands.CommandProcessor - Получена команда: PING
[2026-06-17 13:14:21] INFO  main.Server.Commands.CommandProcessor - Получена команда: PING
[2026-06-17 13:14:23] INFO  main.Server.Commands.CommandProcessor - Получена команда: PING
[2026-06-17 13:14:26] INFO  main.Server.Commands.CommandProcessor - Получена команда: PING
[2026-06-17 13:14:28] INFO  main.Server.Commands.CommandProcessor - Получена команда: PING
[2026-06-17 13:14:30] INFO  main.Server.Commands.CommandProcessor - Получена команда: PING
[2026-06-17 13:14:32] INFO  main.Server.Commands.CommandProcessor - Получена команда: PING
[2026-06-17 13:14:34] INFO  main.Server.Commands.CommandProcessor - Получена команда: PING
[2026-06-17 13:14:36] INFO  main.Server.Commands.CommandProcessor - Получена команда: PING
[2026-06-17 13:14:38] INFO  main.Server.Commands.CommandProcessor - Получена команда: PING
[2026-06-17 13:14:40] INFO  main.Server.Commands.CommandProcessor - Получена команда: PING
[2026-06-17 13:14:42] INFO  main.Server.Commands.CommandProcessor - Получена команда: PING
[2026-06-17 13:14:44] INFO  main.Server.Commands.CommandProcessor - Получена команда: PING
[2026-06-17 13:14:46] INFO  main.Server.Commands.CommandProcessor - Получена команда: PING
[2026-06-17 13:14:48] INFO  main.Server.Commands.CommandProcessor - Получена команда: PING
[2026-06-17 13:14:50] INFO  main.Server.Commands.CommandProcessor - Получена команда: PING
[2026-06-17 13:14:52] INFO  main.Server.Commands.CommandProcessor - Получена команда: PING
[2026-06-17 13:14:54] INFO  main.Server.Commands.CommandProcessor - Получена команда: PING
[2026-06-17 13:14:56] INFO  main.Server.Commands.CommandProcessor - Получена команда: PING
[2026-06-17 13:14:58] INFO  main.Server.Commands.CommandProcessor - Получена команда: PING
[2026-06-17 13:15:00] INFO  main.Server.Commands.CommandProcessor - Получена команда: PING
[2026-06-17 13:15:02] INFO  main.Server.Commands.CommandProcessor - Получена команда: PING
[2026-06-17 13:15:04] INFO  main.Server.Commands.CommandProcessor - Получена команда: PING
[2026-06-17 13:15:06] INFO  main.Server.Commands.CommandProcessor - Получена команда: PING
[2026-06-17 13:15:08] INFO  main.Server.Commands.CommandProcessor - Получена команда: PING
[2026-06-17 13:15:10] INFO  main.Server.Commands.CommandProcessor - Получена команда: PING
[2026-06-17 13:15:12] INFO  main.Server.Commands.CommandProcessor - Получена команда: PING
[2026-06-17 13:15:14] INFO  main.Server.Commands.CommandProcessor - Получена команда: PING
[2026-06-17 13:15:16] INFO  main.Server.Commands.CommandProcessor - Получена команда: PING
[2026-06-17 13:15:18] INFO  main.Server.Commands.CommandProcessor - Получена команда: PING
[2026-06-17 13:15:20] INFO  main.Server.Commands.CommandProcessor - Получена команда: PING
[2026-06-17 13:15:22] INFO  main.Server.Commands.CommandProcessor - Получена команда: PING
[2026-06-17 13:15:24] INFO  main.Server.Commands.CommandProcessor - Получена команда: PING
[2026-06-17 13:15:26] INFO  main.Server.Commands.CommandProcessor - Получена команда: PING
[2026-06-17 13:15:28] INFO  main.Server.Commands.CommandProcessor - Получена команда: PING
[2026-06-17 13:15:30] INFO  main.Server.Commands.CommandProcessor - Получена команда: PING
[2026-06-17 13:15:32] INFO  main.Server.Commands.CommandProcessor - Получена команда: PING
[2026-06-17 13:15:34] INFO  main.Server.Commands.CommandProcessor - Получена команда: PING
[2026-06-17 13:15:36] INFO  main.Server.Commands.CommandProcessor - Получена команда: PING
[2026-06-17 13:15:38] INFO  main.Server.Commands.CommandProcessor - Получена команда: PING
[2026-06-17 13:15:40] INFO  main.Server.Commands.CommandProcessor - Получена команда: PING
[2026-06-17 13:15:42] INFO  main.Server.Commands.CommandProcessor - Получена команда: PING
[2026-06-17 13:15:44] INFO  main.Server.Commands.CommandProcessor - Получена команда: PING
[2026-06-17 13:15:46] INFO  main.Server.Commands.CommandProcessor - Получена команда: PING
[2026-06-17 13:15:48] INFO  main.Server.Commands.CommandProcessor - Получена команда: PING
[2026-06-17 13:15:50] INFO  main.Server.Commands.CommandProcessor - Получена команда: PING
[2026-06-17 13:15:52] INFO  main.Server.Commands.CommandProcessor - Получена команда: PING
[2026-06-17 13:15:54] INFO  main.Server.Commands.CommandProcessor - Получена команда: PING
[2026-06-17 13:15:56] INFO  main.Server.Commands.CommandProcessor - Получена команда: PING
[2026-06-17 13:15:58] INFO  main.Server.Commands.CommandProcessor - Получена команда: PING
[2026-06-17 13:16:00] INFO  main.Server.Commands.CommandProcessor - Получена команда: PING
[2026-06-17 13:16:02] INFO  main.Server.Commands.CommandProcessor - Получена команда: PING
[2026-06-17 13:16:04] INFO  main.Server.Commands.CommandProcessor - Получена команда: PING
[2026-06-17 13:16:06] INFO  main.Server.Commands.CommandProcessor - Получена команда: PING
[2026-06-17 13:16:08] INFO  main.Server.Commands.CommandProcessor - Получена команда: PING
[2026-06-17 13:16:10] INFO  main.Server.Commands.CommandProcessor - Получена команда: PING
[2026-06-17 13:16:12] INFO  main.Server.Commands.CommandProcessor - Получена команда: PING
[2026-06-17 13:16:14] INFO  main.Server.Commands.CommandProcessor - Получена команда: PING
[2026-06-17 13:16:16] INFO  main.Server.Commands.CommandProcessor - Получена команда: PING
[2026-06-17 13:16:18] INFO  main.Server.Commands.CommandProcessor - Получена команда: PING
[2026-06-17 13:16:20] INFO  main.Server.Commands.CommandProcessor - Получена команда: PING
[2026-06-17 13:16:22] INFO  main.Server.Commands.CommandProcessor - Получена команда: PING
[2026-06-17 13:16:24] INFO  main.Server.Commands.CommandProcessor - Получена команда: PING
[2026-06-17 13:16:26] INFO  main.Server.Commands.CommandProcessor - Получена команда: PING
[2026-06-17 13:16:28] INFO  main.Server.Commands.CommandProcessor - Получена команда: PING
[2026-06-17 13:16:30] INFO  main.Server.Commands.CommandProcessor - Получена команда: PING
[2026-06-17 13:16:32] INFO  main.Server.Commands.CommandProcessor - Получена команда: PING
[2026-06-17 13:16:34] INFO  main.Server.Commands.CommandProcessor - Получена команда: PING
[2026-06-17 13:16:36] INFO  main.Server.Commands.CommandProcessor - Получена команда: PING
[2026-06-17 13:16:38] INFO  main.Server.Commands.CommandProcessor - Получена команда: PING
[2026-06-17 13:16:40] INFO  main.Server.Commands.CommandProcessor - Получена команда: PING
[2026-06-17 13:16:42] INFO  main.Server.Commands.CommandProcessor - Получена команда: PING
[2026-06-17 13:16:44] INFO  main.Server.Commands.CommandProcessor - Получена команда: PING
[2026-06-17 13:16:46] INFO  main.Server.Commands.CommandProcessor - Получена команда: PING
[2026-06-17 13:16:48] INFO  main.Server.Commands.CommandProcessor - Получена команда: PING
[2026-06-17 13:16:50] INFO  main.Server.Commands.CommandProcessor - Получена команда: PING
[2026-06-17 13:16:52] INFO  main.Server.Commands.CommandProcessor - Получена команда: PING
[2026-06-17 13:16:54] INFO  main.Server.Commands.CommandProcessor - Получена команда: PING
[2026-06-17 13:16:56] INFO  main.Server.Commands.CommandProcessor - Получена команда: PING
[2026-06-17 13:16:58] INFO  main.Server.Commands.CommandProcessor - Получена команда: PING
[2026-06-17 13:17:00] INFO  main.Server.Commands.CommandProcessor - Получена команда: PING
[2026-06-17 13:17:02] INFO  main.Server.Commands.CommandProcessor - Получена команда: PING
[2026-06-17 13:17:04] INFO  main.Server.Commands.CommandProcessor - Получена команда: PING
[2026-06-17 13:17:06] INFO  main.Server.Commands.CommandProcessor - Получена команда: PING
[2026-06-17 13:17:08] INFO  main.Server.Commands.CommandProcessor - Получена команда: PING
[2026-06-17 13:17:10] INFO  main.Server.Commands.CommandProcessor - Получена команда: PING
[2026-06-17 13:17:12] INFO  main.Server.Commands.CommandProcessor - Получена команда: PING
[2026-06-17 13:17:14] INFO  main.Server.Commands.CommandProcessor - Получена команда: PING
[2026-06-17 13:17:16] INFO  main.Server.Commands.CommandProcessor - Получена команда: PING
[2026-06-17 13:17:18] INFO  main.Server.Commands.CommandProcessor - Получена команда: PING
[2026-06-17 13:17:20] INFO  main.Server.Commands.CommandProcessor - Получена команда: PING
[2026-06-17 13:17:22] INFO  main.Server.Commands.CommandProcessor - Получена команда: PING
[2026-06-17 13:17:24] INFO  main.Server.Commands.CommandProcessor - Получена команда: PING
[2026-06-17 13:17:26] INFO  main.Server.Commands.CommandProcessor - Получена команда: PING
[2026-06-17 13:17:28] INFO  main.Server.Commands.CommandProcessor - Получена команда: PING
[2026-06-17 13:17:30] INFO  main.Server.Commands.CommandProcessor - Получена команда: PING
[2026-06-17 13:17:32] INFO  main.Server.Commands.CommandProcessor - Получена команда: PING
[2026-06-17 13:17:34] INFO  main.Server.Commands.CommandProcessor - Получена команда: PING
[2026-06-17 13:17:36] INFO  main.Server.Commands.CommandProcessor - Получена команда: PING
[2026-06-17 13:17:38] INFO  main.Server.Commands.CommandProcessor - Получена команда: PING
[2026-06-17 13:17:40] INFO  main.Server.Commands.CommandProcessor - Получена команда: PING
[2026-06-17 13:17:42] INFO  main.Server.Commands.CommandProcessor - Получена команда: PING
[2026-06-17 13:17:44] INFO  main.Server.Commands.CommandProcessor - Получена команда: PING
[2026-06-17 13:17:47] INFO  main.Server.Commands.CommandProcessor - Получена команда: PING
[2026-06-17 13:17:49] INFO  main.Server.Commands.CommandProcessor - Получена команда: PING
[2026-06-17 13:17:51] INFO  main.Server.Commands.CommandProcessor - Получена команда: PING
[2026-06-17 13:17:53] INFO  main.Server.Commands.CommandProcessor - Получена команда: PING
[2026-06-17 13:17:55] INFO  main.Server.Commands.CommandProcessor - Получена команда: PING
[2026-06-17 13:17:57] INFO  main.Server.Commands.CommandProcessor - Получена команда: PING
[2026-06-17 13:17:59] INFO  main.Server.Commands.CommandProcessor - Получена команда: PING
[2026-06-17 13:18:01] INFO  main.Server.Commands.CommandProcessor - Получена команда: PING
[2026-06-17 13:18:03] INFO  main.Server.Commands.CommandProcessor - Получена команда: PING
[2026-06-17 13:18:05] INFO  main.Server.Commands.CommandProcessor - Получена команда: PING
[2026-06-17 13:18:07] INFO  main.Server.Commands.CommandProcessor - Получена команда: PING
[2026-06-17 13:18:09] INFO  main.Server.Commands.CommandProcessor - Получена команда: PING
[2026-06-17 13:18:11] INFO  main.Server.Commands.CommandProcessor - Получена команда: PING
[2026-06-17 13:18:13] INFO  main.Server.Commands.CommandProcessor - Получена команда: PING
[2026-06-17 13:18:15] INFO  main.Server.Commands.CommandProcessor - Получена команда: PING
[2026-06-17 13:18:17] INFO  main.Server.Commands.CommandProcessor - Получена команда: PING
[2026-06-17 13:18:19] INFO  main.Server.Commands.CommandProcessor - Получена команда: PING
[2026-06-17 13:18:21] INFO  main.Server.Commands.CommandProcessor - Получена команда: PING
[2026-06-17 13:18:23] INFO  main.Server.Commands.CommandProcessor - Получена команда: PING
[2026-06-17 13:18:25] INFO  main.Server.Commands.CommandProcessor - Получена команда: PING
[2026-06-17 13:18:27] INFO  main.Server.Commands.CommandProcessor - Получена команда: PING
[2026-06-17 13:18:29] INFO  main.Server.Commands.CommandProcessor - Получена команда: PING
[2026-06-17 13:18:31] INFO  main.Server.Commands.CommandProcessor - Получена команда: PING
[2026-06-17 13:18:33] INFO  main.Server.Commands.CommandProcessor - Получена команда: PING
[2026-06-17 13:18:35] INFO  main.Server.Commands.CommandProcessor - Получена команда: PING
[2026-06-17 13:18:37] INFO  main.Server.Commands.CommandProcessor - Получена команда: PING
[2026-06-17 13:18:39] INFO  main.Server.Commands.CommandProcessor - Получена команда: PING
[2026-06-17 13:18:41] INFO  main.Server.Commands.CommandProcessor - Получена команда: PING
[2026-06-17 13:18:43] INFO  main.Server.Commands.CommandProcessor - Получена команда: PING
[2026-06-17 13:18:45] INFO  main.Server.Commands.CommandProcessor - Получена команда: PING
[2026-06-17 13:18:47] INFO  main.Server.Commands.CommandProcessor - Получена команда: PING
[2026-06-17 13:18:49] INFO  main.Server.Commands.CommandProcessor - Получена команда: PING
[2026-06-17 13:18:51] INFO  main.Server.Commands.CommandProcessor - Получена команда: PING
[2026-06-17 13:18:53] INFO  main.Server.Commands.CommandProcessor - Получена команда: PING
[2026-06-17 13:18:55] INFO  main.Server.Commands.CommandProcessor - Получена команда: PING
[2026-06-17 13:18:57] INFO  main.Server.Commands.CommandProcessor - Получена команда: PING
[2026-06-17 13:18:59] INFO  main.Server.Commands.CommandProcessor - Получена команда: PING
[2026-06-17 13:19:01] INFO  main.Server.Commands.CommandProcessor - Получена команда: PING
[2026-06-17 13:19:03] INFO  main.Server.Commands.CommandProcessor - Получена команда: PING
[2026-06-17 13:19:05] INFO  main.Server.Commands.CommandProcessor - Получена команда: PING
[2026-06-17 13:19:07] INFO  main.Server.Commands.CommandProcessor - Получена команда: PING
[2026-06-17 13:19:09] INFO  main.Server.Commands.CommandProcessor - Получена команда: PING
[2026-06-17 13:19:11] INFO  main.Server.Commands.CommandProcessor - Получена команда: PING
[2026-06-17 13:19:13] INFO  main.Server.Commands.CommandProcessor - Получена команда: PING
[2026-06-17 13:19:15] INFO  main.Server.Commands.CommandProcessor - Получена команда: PING
[2026-06-17 13:19:17] INFO  main.Server.Commands.CommandProcessor - Получена команда: PING
[2026-06-17 13:19:19] INFO  main.Server.Commands.CommandProcessor - Получена команда: PING
[2026-06-17 13:19:21] INFO  main.Server.Commands.CommandProcessor - Получена команда: PING
[2026-06-17 13:19:23] INFO  main.Server.Commands.CommandProcessor - Получена команда: PING
[2026-06-17 13:19:25] INFO  main.Server.Commands.CommandProcessor - Получена команда: PING
[2026-06-17 13:19:27] INFO  main.Server.Commands.CommandProcessor - Получена команда: PING
[2026-06-17 13:19:29] INFO  main.Server.Commands.CommandProcessor - Получена команда: PING
[2026-06-17 13:19:31] INFO  main.Server.Commands.CommandProcessor - Получена команда: PING
[2026-06-17 13:19:33] INFO  main.Server.Commands.CommandProcessor - Получена команда: PING
[2026-06-17 13:19:35] INFO  main.Server.Commands.CommandProcessor - Получена команда: PING
[2026-06-17 13:19:37] INFO  main.Server.Commands.CommandProcessor - Получена команда: PING
[2026-06-17 13:19:39] INFO  main.Server.Commands.CommandProcessor - Получена команда: PING
[2026-06-17 13:19:41] INFO  main.Server.Commands.CommandProcessor - Получена команда: PING
[2026-06-17 13:19:43] INFO  main.Server.Commands.CommandProcessor - Получена команда: PING
[2026-06-17 13:19:45] INFO  main.Server.Commands.CommandProcessor - Получена команда: PING
[2026-06-17 13:19:47] INFO  main.Server.Commands.CommandProcessor - Получена команда: PING
[2026-06-17 13:19:49] INFO  main.Server.Commands.CommandProcessor - Получена команда: PING
[2026-06-17 13:19:51] INFO  main.Server.Commands.CommandProcessor - Получена команда: PING
[2026-06-17 13:19:53] INFO  main.Server.Commands.CommandProcessor - Получена команда: PING
[2026-06-17 13:19:55] INFO  main.Server.Commands.CommandProcessor - Получена команда: PING
[2026-06-17 13:19:57] INFO  main.Server.Commands.CommandProcessor - Получена команда: PING
[2026-06-17 13:19:59] INFO  main.Server.Commands.CommandProcessor - Получена команда: PING
[2026-06-17 13:20:01] INFO  main.Server.Commands.CommandProcessor - Получена команда: PING
[2026-06-17 13:20:03] INFO  main.Server.Commands.CommandProcessor - Получена команда: PING
[2026-06-17 13:20:05] INFO  main.Server.Commands.CommandProcessor - Получена команда: PING
[2026-06-17 13:20:07] INFO  main.Server.Commands.CommandProcessor - Получена команда: PING
[2026-06-17 13:20:09] INFO  main.Server.Commands.CommandProcessor - Получена команда: PING
[2026-06-17 13:20:11] INFO  main.Server.Commands.CommandProcessor - Получена команда: PING
[2026-06-17 13:20:13] INFO  main.Server.Commands.CommandProcessor - Получена команда: PING
[2026-06-17 13:20:15] INFO  main.Server.Commands.CommandProcessor - Получена команда: PING
[2026-06-17 13:20:17] INFO  main.Server.Commands.CommandProcessor - Получена команда: PING
[2026-06-17 13:20:19] INFO  main.Server.Commands.CommandProcessor - Получена команда: PING
[2026-06-17 13:20:21] INFO  main.Server.Commands.CommandProcessor - Получена команда: PING
[2026-06-17 13:20:23] INFO  main.Server.Commands.CommandProcessor - Получена команда: PING
[2026-06-17 13:20:25] INFO  main.Server.Commands.CommandProcessor - Получена команда: PING
[2026-06-17 13:20:27] INFO  main.Server.Commands.CommandProcessor - Получена команда: PING
[2026-06-17 13:20:29] INFO  main.Server.Commands.CommandProcessor - Получена команда: PING
[2026-06-17 13:20:31] INFO  main.Server.Commands.CommandProcessor - Получена команда: PING
[2026-06-17 13:20:33] INFO  main.Server.Commands.CommandProcessor - Получена команда: PING
[2026-06-17 13:20:35] INFO  main.Server.Commands.CommandProcessor - Получена команда: PING
[2026-06-17 13:20:37] INFO  main.Server.Commands.CommandProcessor - Получена команда: PING
[2026-06-17 13:20:39] INFO  main.Server.Commands.CommandProcessor - Получена команда: PING
[2026-06-17 13:20:41] INFO  main.Server.Commands.CommandProcessor - Получена команда: PING
[2026-06-17 13:20:43] INFO  main.Server.Commands.CommandProcessor - Получена команда: PING
[2026-06-17 13:20:45] INFO  main.Server.Commands.CommandProcessor - Получена команда: PING
[2026-06-17 13:20:47] INFO  main.Server.Commands.CommandProcessor - Получена команда: PING
[2026-06-17 13:20:49] INFO  main.Server.Commands.CommandProcessor - Получена команда: PING
[2026-06-17 13:20:51] INFO  main.Server.Commands.CommandProcessor - Получена команда: PING
[2026-06-17 13:20:53] INFO  main.Server.Commands.CommandProcessor - Получена команда: PING
[2026-06-17 13:20:55] INFO  main.Server.Commands.CommandProcessor - Получена команда: PING
[2026-06-17 13:20:57] INFO  main.Server.Commands.CommandProcessor - Получена команда: PING
[2026-06-17 13:20:59] INFO  main.Server.Commands.CommandProcessor - Получена команда: PING
[2026-06-17 13:21:01] INFO  main.Server.Commands.CommandProcessor - Получена команда: PING
[2026-06-17 13:21:03] INFO  main.Server.Commands.CommandProcessor - Получена команда: PING
[2026-06-17 13:21:05] INFO  main.Server.Commands.CommandProcessor - Получена команда: PING
[2026-06-17 13:21:07] INFO  main.Server.Commands.CommandProcessor - Получена команда: PING
[2026-06-17 13:21:09] INFO  main.Server.Commands.CommandProcessor - Получена команда: PING
[2026-06-17 13:21:11] INFO  main.Server.Commands.CommandProcessor - Получена команда: PING
[2026-06-17 13:21:13] INFO  main.Server.Commands.CommandProcessor - Получена команда: PING
[2026-06-17 13:21:15] INFO  main.Server.Commands.CommandProcessor - Получена команда: PING
[2026-06-17 13:21:17] INFO  main.Server.Commands.CommandProcessor - Получена команда: PING
[2026-06-17 13:21:19] INFO  main.Server.Commands.CommandProcessor - Получена команда: PING
[2026-06-17 13:21:22] INFO  main.Server.Commands.CommandProcessor - Получена команда: PING
[2026-06-17 13:21:24] INFO  main.Server.Commands.CommandProcessor - Получена команда: PING
[2026-06-17 13:21:26] INFO  main.Server.Commands.CommandProcessor - Получена команда: PING
[2026-06-17 13:21:28] INFO  main.Server.Commands.CommandProcessor - Получена команда: PING
[2026-06-17 13:21:30] INFO  main.Server.Commands.CommandProcessor - Получена команда: PING
[2026-06-17 13:21:32] INFO  main.Server.Commands.CommandProcessor - Получена команда: PING
[2026-06-17 13:21:34] INFO  main.Server.Commands.CommandProcessor - Получена команда: PING
[2026-06-17 13:21:36] INFO  main.Server.Commands.CommandProcessor - Получена команда: PING
[2026-06-17 13:21:38] INFO  main.Server.Commands.CommandProcessor - Получена команда: PING
[2026-06-17 13:21:40] INFO  main.Server.Commands.CommandProcessor - Получена команда: PING
[2026-06-17 13:21:42] INFO  main.Server.Commands.CommandProcessor - Получена команда: PING
[2026-06-17 13:21:44] INFO  main.Server.Commands.CommandProcessor - Получена команда: PING
[2026-06-17 13:21:46] INFO  main.Server.Commands.CommandProcessor - Получена команда: PING
[2026-06-17 13:21:48] INFO  main.Server.Commands.CommandProcessor - Получена команда: PING
[2026-06-17 13:21:50] INFO  main.Server.Commands.CommandProcessor - Получена команда: PING
[2026-06-17 13:21:52] INFO  main.Server.Commands.CommandProcessor - Получена команда: PING
[2026-06-17 13:21:54] INFO  main.Server.Commands.CommandProcessor - Получена команда: PING
[2026-06-17 13:21:56] INFO  main.Server.Commands.CommandProcessor - Получена команда: PING
[2026-06-17 13:21:58] INFO  main.Server.Commands.CommandProcessor - Получена команда: PING
[2026-06-17 13:22:00] INFO  main.Server.Commands.CommandProcessor - Получена команда: PING
[2026-06-17 13:22:02] INFO  main.Server.Commands.CommandProcessor - Получена команда: PING
[2026-06-17 13:22:04] INFO  main.Server.Commands.CommandProcessor - Получена команда: PING
[2026-06-17 13:22:06] INFO  main.Server.Commands.CommandProcessor - Получена команда: PING
[2026-06-17 13:22:08] INFO  main.Server.Commands.CommandProcessor - Получена команда: PING
[2026-06-17 13:22:10] INFO  main.Server.Commands.CommandProcessor - Получена команда: PING
[2026-06-17 13:22:12] INFO  main.Server.Commands.CommandProcessor - Получена команда: PING
[2026-06-17 13:22:14] INFO  main.Server.Commands.CommandProcessor - Получена команда: PING
[2026-06-17 13:22:16] INFO  main.Server.Commands.CommandProcessor - Получена команда: PING
[2026-06-17 13:22:18] INFO  main.Server.Commands.CommandProcessor - Получена команда: PING
[2026-06-17 13:22:20] INFO  main.Server.Commands.CommandProcessor - Получена команда: PING
[2026-06-17 13:22:22] INFO  main.Server.Commands.CommandProcessor - Получена команда: PING
[2026-06-17 13:22:24] INFO  main.Server.Commands.CommandProcessor - Получена команда: PING
[2026-06-17 13:22:26] INFO  main.Server.Commands.CommandProcessor - Получена команда: PING
[2026-06-17 13:22:28] INFO  main.Server.Commands.CommandProcessor - Получена команда: PING
[2026-06-17 13:22:30] INFO  main.Server.Commands.CommandProcessor - Получена команда: PING
[2026-06-17 13:22:32] INFO  main.Server.Commands.CommandProcessor - Получена команда: PING
[2026-06-17 13:22:34] INFO  main.Server.Commands.CommandProcessor - Получена команда: PING
[2026-06-17 13:22:36] INFO  main.Server.Commands.CommandProcessor - Получена команда: PING
[2026-06-17 13:22:38] INFO  main.Server.Commands.CommandProcessor - Получена команда: PING
[2026-06-17 13:22:40] INFO  main.Server.Commands.CommandProcessor - Получена команда: PING
[2026-06-17 13:22:42] INFO  main.Server.Commands.CommandProcessor - Получена команда: PING
[2026-06-17 13:22:44] INFO  main.Server.Commands.CommandProcessor - Получена команда: PING
[2026-06-17 13:22:46] INFO  main.Server.Commands.CommandProcessor - Получена команда: PING
[2026-06-17 13:22:48] INFO  main.Server.Commands.CommandProcessor - Получена команда: PING
[2026-06-17 13:22:50] INFO  main.Server.Commands.CommandProcessor - Получена команда: PING
[2026-06-17 13:22:52] INFO  main.Server.Commands.CommandProcessor - Получена команда: PING
[2026-06-17 13:22:54] INFO  main.Server.Commands.CommandProcessor - Получена команда: PING
[2026-06-17 13:22:56] INFO  main.Server.Commands.CommandProcessor - Получена команда: PING
[2026-06-17 13:22:58] INFO  main.Server.Commands.CommandProcessor - Получена команда: PING
[2026-06-17 13:23:00] INFO  main.Server.Commands.CommandProcessor - Получена команда: PING
[2026-06-17 13:23:02] INFO  main.Server.Commands.CommandProcessor - Получена команда: PING
[2026-06-17 13:23:04] INFO  main.Server.Commands.CommandProcessor - Получена команда: PING
[2026-06-17 13:23:06] INFO  main.Server.Commands.CommandProcessor - Получена команда: PING
[2026-06-17 13:23:08] INFO  main.Server.Commands.CommandProcessor - Получена команда: PING
[2026-06-17 13:23:10] INFO  main.Server.Commands.CommandProcessor - Получена команда: PING
[2026-06-17 13:23:12] INFO  main.Server.Commands.CommandProcessor - Получена команда: PING
[2026-06-17 13:23:14] INFO  main.Server.Commands.CommandProcessor - Получена команда: PING
[2026-06-17 13:23:16] INFO  main.Server.Commands.CommandProcessor - Получена команда: PING
[2026-06-17 13:23:18] INFO  main.Server.Commands.CommandProcessor - Получена команда: PING
[2026-06-17 13:23:20] INFO  main.Server.Commands.CommandProcessor - Получена команда: PING
[2026-06-17 13:23:22] INFO  main.Server.Commands.CommandProcessor - Получена команда: PING
[2026-06-17 13:23:24] INFO  main.Server.Commands.CommandProcessor - Получена команда: PING
[2026-06-17 13:23:26] INFO  main.Server.Commands.CommandProcessor - Получена команда: PING
[2026-06-17 13:23:28] INFO  main.Server.Commands.CommandProcessor - Получена команда: PING
[2026-06-17 13:23:30] INFO  main.Server.Commands.CommandProcessor - Получена команда: PING
[2026-06-17 13:23:32] INFO  main.Server.Commands.CommandProcessor - Получена команда: PING
[2026-06-17 13:23:34] INFO  main.Server.Commands.CommandProcessor - Получена команда: PING
[2026-06-17 13:23:36] INFO  main.Server.Commands.CommandProcessor - Получена команда: PING
[2026-06-17 13:23:38] INFO  main.Server.Commands.CommandProcessor - Получена команда: PING
[2026-06-17 13:23:40] INFO  main.Server.Commands.CommandProcessor - Получена команда: PING
[2026-06-17 13:23:42] INFO  main.Server.Commands.CommandProcessor - Получена команда: PING
[2026-06-17 13:23:44] INFO  main.Server.Commands.CommandProcessor - Получена команда: PING
[2026-06-17 13:23:46] INFO  main.Server.Commands.CommandProcessor - Получена команда: PING
[2026-06-17 13:23:48] INFO  main.Server.Commands.CommandProcessor - Получена команда: PING
[2026-06-17 13:23:50] INFO  main.Server.Commands.CommandProcessor - Получена команда: PING
[2026-06-17 13:23:52] INFO  main.Server.Commands.CommandProcessor - Получена команда: PING
[2026-06-17 13:23:54] INFO  main.Server.Commands.CommandProcessor - Получена команда: PING
[2026-06-17 13:23:56] INFO  main.Server.Commands.CommandProcessor - Получена команда: PING
[2026-06-17 13:23:58] INFO  main.Server.Commands.CommandProcessor - Получена команда: PING
[2026-06-17 13:24:00] INFO  main.Server.Commands.CommandProcessor - Получена команда: PING
[2026-06-17 13:24:02] INFO  main.Server.Commands.CommandProcessor - Получена команда: PING
[2026-06-17 13:24:04] INFO  main.Server.Commands.CommandProcessor - Получена команда: PING
[2026-06-17 13:24:06] INFO  main.Server.Commands.CommandProcessor - Получена команда: PING
[2026-06-17 13:24:08] INFO  main.Server.Commands.CommandProcessor - Получена команда: PING
[2026-06-17 13:24:10] INFO  main.Server.Commands.CommandProcessor - Получена команда: PING
[2026-06-17 13:24:12] INFO  main.Server.Commands.CommandProcessor - Получена команда: PING
[2026-06-17 13:24:14] INFO  main.Server.Commands.CommandProcessor - Получена команда: PING
[2026-06-17 13:24:16] INFO  main.Server.Commands.CommandProcessor - Получена команда: PING
[2026-06-17 13:24:18] INFO  main.Server.Commands.CommandProcessor - Получена команда: PING
[2026-06-17 13:24:20] INFO  main.Server.Commands.CommandProcessor - Получена команда: PING
[2026-06-17 13:24:22] INFO  main.Server.Commands.CommandProcessor - Получена команда: PING
[2026-06-17 13:24:24] INFO  main.Server.Commands.CommandProcessor - Получена команда: PING
[2026-06-17 13:24:26] INFO  main.Server.Commands.CommandProcessor - Получена команда: PING
[2026-06-17 13:24:28] INFO  main.Server.Commands.CommandProcessor - Получена команда: PING
[2026-06-17 13:24:30] INFO  main.Server.Commands.CommandProcessor - Получена команда: PING
[2026-06-17 13:24:32] INFO  main.Server.Commands.CommandProcessor - Получена команда: PING
[2026-06-17 13:24:34] INFO  main.Server.Commands.CommandProcessor - Получена команда: PING
[2026-06-17 13:24:36] INFO  main.Server.Commands.CommandProcessor - Получена команда: PING
[2026-06-17 13:24:38] INFO  main.Server.Commands.CommandProcessor - Получена команда: PING
[2026-06-17 13:24:40] INFO  main.Server.Commands.CommandProcessor - Получена команда: PING
[2026-06-17 13:24:42] INFO  main.Server.Commands.CommandProcessor - Получена команда: PING
[2026-06-17 13:24:44] INFO  main.Server.Commands.CommandProcessor - Получена команда: PING
[2026-06-17 13:24:46] INFO  main.Server.Commands.CommandProcessor - Получена команда: PING
[2026-06-17 13:24:48] INFO  main.Server.Commands.CommandProcessor - Получена команда: PING
[2026-06-17 13:24:50] INFO  main.Server.Commands.CommandProcessor - Получена команда: PING
[2026-06-17 13:24:52] INFO  main.Server.Commands.CommandProcessor - Получена команда: PING
[2026-06-17 13:24:54] INFO  main.Server.Commands.CommandProcessor - Получена команда: PING
[2026-06-17 13:24:56] INFO  main.Server.Commands.CommandProcessor - Получена команда: PING
[2026-06-17 13:24:59] INFO  main.Server.Commands.CommandProcessor - Получена команда: PING
[2026-06-17 13:25:01] INFO  main.Server.Commands.CommandProcessor - Получена команда: PING
[2026-06-17 13:25:03] INFO  main.Server.Commands.CommandProcessor - Получена команда: PING
[2026-06-17 13:25:05] INFO  main.Server.Commands.CommandProcessor - Получена команда: PING
[2026-06-17 13:25:07] INFO  main.Server.Commands.CommandProcessor - Получена команда: PING
[2026-06-17 13:25:09] INFO  main.Server.Commands.CommandProcessor - Получена команда: PING
[2026-06-17 13:25:11] INFO  main.Server.Commands.CommandProcessor - Получена команда: PING
[2026-06-17 13:25:13] INFO  main.Server.Commands.CommandProcessor - Получена команда: PING
[2026-06-17 13:25:15] INFO  main.Server.Commands.CommandProcessor - Получена команда: PING
[2026-06-17 13:25:17] INFO  main.Server.Commands.CommandProcessor - Получена команда: PING
[2026-06-17 13:25:19] INFO  main.Server.Commands.CommandProcessor - Получена команда: PING
[2026-06-17 13:25:21] INFO  main.Server.Commands.CommandProcessor - Получена команда: PING
[2026-06-17 13:25:23] INFO  main.Server.Commands.CommandProcessor - Получена команда: PING
[2026-06-17 13:25:25] INFO  main.Server.Commands.CommandProcessor - Получена команда: PING
[2026-06-17 13:25:27] INFO  main.Server.Commands.CommandProcessor - Получена команда: PING
[2026-06-17 13:25:29] INFO  main.Server.Commands.CommandProcessor - Получена команда: PING
[2026-06-17 13:25:31] INFO  main.Server.Commands.CommandProcessor - Получена команда: PING
[2026-06-17 13:25:33] INFO  main.Server.Commands.CommandProcessor - Получена команда: PING
[2026-06-17 13:25:35] INFO  main.Server.Commands.CommandProcessor - Получена команда: PING
[2026-06-17 13:25:37] INFO  main.Server.Commands.CommandProcessor - Получена команда: PING
[2026-06-17 13:25:39] INFO  main.Server.Commands.CommandProcessor - Получена команда: PING
[2026-06-17 13:25:41] INFO  main.Server.Commands.CommandProcessor - Получена команда: PING
[2026-06-17 13:25:43] INFO  main.Server.Commands.CommandProcessor - Получена команда: PING
[2026-06-17 13:25:45] INFO  main.Server.Commands.CommandProcessor - Получена команда: PING
[2026-06-17 13:25:47] INFO  main.Server.Commands.CommandProcessor - Получена команда: PING
[2026-06-17 13:25:49] INFO  main.Server.Commands.CommandProcessor - Получена команда: PING
[2026-06-17 13:25:51] INFO  main.Server.Commands.CommandProcessor - Получена команда: PING
[2026-06-17 13:25:53] INFO  main.Server.Commands.CommandProcessor - Получена команда: PING
[2026-06-17 13:25:55] INFO  main.Server.Commands.CommandProcessor - Получена команда: PING
[2026-06-17 13:25:57] INFO  main.Server.Commands.CommandProcessor - Получена команда: PING
[2026-06-17 13:25:59] INFO  main.Server.Commands.CommandProcessor - Получена команда: PING
[2026-06-17 13:26:01] INFO  main.Server.Commands.CommandProcessor - Получена команда: PING
[2026-06-17 13:26:03] INFO  main.Server.Commands.CommandProcessor - Получена команда: PING
[2026-06-17 13:26:05] INFO  main.Server.Commands.CommandProcessor - Получена команда: PING
[2026-06-17 13:26:07] INFO  main.Server.Commands.CommandProcessor - Получена команда: PING
[2026-06-17 13:26:09] INFO  main.Server.Commands.CommandProcessor - Получена команда: PING
[2026-06-17 13:26:11] INFO  main.Server.Commands.CommandProcessor - Получена команда: PING
[2026-06-17 13:26:13] INFO  main.Server.Commands.CommandProcessor - Получена команда: PING
[2026-06-17 13:26:15] INFO  main.Server.Commands.CommandProcessor - Получена команда: PING
[2026-06-17 13:26:17] INFO  main.Server.Commands.CommandProcessor - Получена команда: PING
[2026-06-17 13:26:19] INFO  main.Server.Commands.CommandProcessor - Получена команда: PING
[2026-06-17 13:26:21] INFO  main.Server.Commands.CommandProcessor - Получена команда: PING
[2026-06-17 13:26:23] INFO  main.Server.Commands.CommandProcessor - Получена команда: PING
[2026-06-17 13:26:25] INFO  main.Server.Commands.CommandProcessor - Получена команда: PING
[2026-06-17 13:26:27] INFO  main.Server.Commands.CommandProcessor - Получена команда: PING
[2026-06-17 13:26:29] INFO  main.Server.Commands.CommandProcessor - Получена команда: PING
[2026-06-17 13:26:31] INFO  main.Server.Commands.CommandProcessor - Получена команда: PING
[2026-06-17 13:26:33] INFO  main.Server.Commands.CommandProcessor - Получена команда: PING
[2026-06-17 13:26:35] INFO  main.Server.Commands.CommandProcessor - Получена команда: PING
[2026-06-17 13:26:37] INFO  main.Server.Commands.CommandProcessor - Получена команда: PING
[2026-06-17 13:26:39] INFO  main.Server.Commands.CommandProcessor - Получена команда: PING
[2026-06-17 13:26:41] INFO  main.Server.Commands.CommandProcessor - Получена команда: PING
[2026-06-17 13:26:43] INFO  main.Server.Commands.CommandProcessor - Получена команда: PING
[2026-06-17 13:26:45] INFO  main.Server.Commands.CommandProcessor - Получена команда: PING
[2026-06-17 13:26:47] INFO  main.Server.Commands.CommandProcessor - Получена команда: PING
[2026-06-17 13:26:49] INFO  main.Server.Commands.CommandProcessor - Получена команда: PING
[2026-06-17 13:26:51] INFO  main.Server.Commands.CommandProcessor - Получена команда: PING
[2026-06-17 13:26:53] INFO  main.Server.Commands.CommandProcessor - Получена команда: PING
[2026-06-17 13:26:55] INFO  main.Server.Commands.CommandProcessor - Получена команда: PING
[2026-06-17 13:26:57] INFO  main.Server.Commands.CommandProcessor - Получена команда: PING
[2026-06-17 13:26:59] INFO  main.Server.Commands.CommandProcessor - Получена команда: PING
[2026-06-17 13:27:01] INFO  main.Server.Commands.CommandProcessor - Получена команда: PING
[2026-06-17 13:27:03] INFO  main.Server.Commands.CommandProcessor - Получена команда: PING
[2026-06-17 13:27:05] INFO  main.Server.Commands.CommandProcessor - Получена команда: PING
[2026-06-17 13:27:07] INFO  main.Server.Commands.CommandProcessor - Получена команда: PING
[2026-06-17 13:27:09] INFO  main.Server.Commands.CommandProcessor - Получена команда: PING
[2026-06-17 13:27:11] INFO  main.Server.Commands.CommandProcessor - Получена команда: PING
[2026-06-17 13:27:13] INFO  main.Server.Commands.CommandProcessor - Получена команда: PING
[2026-06-17 13:27:15] INFO  main.Server.Commands.CommandProcessor - Получена команда: PING
[2026-06-17 13:27:17] INFO  main.Server.Commands.CommandProcessor - Получена команда: PING
[2026-06-17 13:27:19] INFO  main.Server.Commands.CommandProcessor - Получена команда: PING
[2026-06-17 13:27:21] INFO  main.Server.Commands.CommandProcessor - Получена команда: PING
[2026-06-17 13:27:23] INFO  main.Server.Commands.CommandProcessor - Получена команда: PING
[2026-06-17 13:27:25] INFO  main.Server.Commands.CommandProcessor - Получена команда: PING
[2026-06-17 13:27:27] INFO  main.Server.Commands.CommandProcessor - Получена команда: PING
[2026-06-17 13:27:29] INFO  main.Server.Commands.CommandProcessor - Получена команда: PING
[2026-06-17 13:27:31] INFO  main.Server.Commands.CommandProcessor - Получена команда: PING
[2026-06-17 13:27:33] INFO  main.Server.Commands.CommandProcessor - Получена команда: PING
[2026-06-17 13:27:35] INFO  main.Server.Commands.CommandProcessor - Получена команда: PING
[2026-06-17 13:27:37] INFO  main.Server.Commands.CommandProcessor - Получена команда: PING
[2026-06-17 13:27:39] INFO  main.Server.Commands.CommandProcessor - Получена команда: PING
[2026-06-17 13:27:41] INFO  main.Server.Commands.CommandProcessor - Получена команда: PING
[2026-06-17 13:27:43] INFO  main.Server.Commands.CommandProcessor - Получена команда: PING
[2026-06-17 13:27:45] INFO  main.Server.Commands.CommandProcessor - Получена команда: PING
[2026-06-17 13:27:47] INFO  main.Server.Commands.CommandProcessor - Получена команда: PING
[2026-06-17 13:27:49] INFO  main.Server.Commands.CommandProcessor - Получена команда: PING
[2026-06-17 13:27:51] INFO  main.Server.Commands.CommandProcessor - Получена команда: PING
[2026-06-17 13:27:53] INFO  main.Server.Commands.CommandProcessor - Получена команда: PING
[2026-06-17 13:27:55] INFO  main.Server.Commands.CommandProcessor - Получена команда: PING
[2026-06-17 13:27:57] INFO  main.Server.Commands.CommandProcessor - Получена команда: PING
[2026-06-17 13:27:59] INFO  main.Server.Commands.CommandProcessor - Получена команда: PING
[2026-06-17 13:28:01] INFO  main.Server.Commands.CommandProcessor - Получена команда: PING
[2026-06-17 13:28:03] INFO  main.Server.Commands.CommandProcessor - Получена команда: PING
[2026-06-17 13:28:05] INFO  main.Server.Commands.CommandProcessor - Получена команда: PING
[2026-06-17 13:28:07] INFO  main.Server.Commands.CommandProcessor - Получена команда: PING
[2026-06-17 13:28:09] INFO  main.Server.Commands.CommandProcessor - Получена команда: PING
[2026-06-17 13:28:11] INFO  main.Server.Commands.CommandProcessor - Получена команда: PING
[2026-06-17 13:28:13] INFO  main.Server.Commands.CommandProcessor - Получена команда: PING
[2026-06-17 13:28:15] INFO  main.Server.Commands.CommandProcessor - Получена команда: PING
[2026-06-17 13:28:17] INFO  main.Server.Commands.CommandProcessor - Получена команда: PING
[2026-06-17 13:28:19] INFO  main.Server.Commands.CommandProcessor - Получена команда: PING
[2026-06-17 13:28:21] INFO  main.Server.Commands.CommandProcessor - Получена команда: PING
[2026-06-17 13:28:23] INFO  main.Server.Commands.CommandProcessor - Получена команда: PING
[2026-06-17 13:28:25] INFO  main.Server.Commands.CommandProcessor - Получена команда: PING
[2026-06-17 13:28:27] INFO  main.Server.Commands.CommandProcessor - Получена команда: PING
[2026-06-17 13:28:29] INFO  main.Server.Commands.CommandProcessor - Получена команда: PING
[2026-06-17 13:28:31] INFO  main.Server.Commands.CommandProcessor - Получена команда: PING
[2026-06-17 13:28:33] INFO  main.Server.Commands.CommandProcessor - Получена команда: PING
[2026-06-17 13:28:35] INFO  main.Server.Commands.CommandProcessor - Получена команда: PING
[2026-06-17 13:28:37] INFO  main.Server.Commands.CommandProcessor - Получена команда: PING
[2026-06-17 13:28:39] INFO  main.Server.Commands.CommandProcessor - Получена команда: PING
[2026-06-17 13:28:41] INFO  main.Server.Commands.CommandProcessor - Получена команда: PING
[2026-06-17 13:28:43] INFO  main.Server.Commands.CommandProcessor - Получена команда: PING
[2026-06-17 13:28:45] INFO  main.Server.Commands.CommandProcessor - Получена команда: PING
[2026-06-17 13:28:47] INFO  main.Server.Commands.CommandProcessor - Получена команда: PING
[2026-06-17 13:28:49] INFO  main.Server.Commands.CommandProcessor - Получена команда: PING
[2026-06-17 13:28:51] INFO  main.Server.Commands.CommandProcessor - Получена команда: PING
[2026-06-17 13:28:53] INFO  main.Server.Commands.CommandProcessor - Получена команда: PING
[2026-06-17 13:28:55] INFO  main.Server.Commands.CommandProcessor - Получена команда: PING
[2026-06-17 13:28:57] INFO  main.Server.Commands.CommandProcessor - Получена команда: PING
[2026-06-17 13:28:59] INFO  main.Server.Commands.CommandProcessor - Получена команда: PING
[2026-06-17 13:29:01] INFO  main.Server.Commands.CommandProcessor - Получена команда: PING
[2026-06-17 13:29:04] INFO  main.Server.Commands.CommandProcessor - Получена команда: PING
[2026-06-17 13:29:06] INFO  main.Server.Commands.CommandProcessor - Получена команда: PING
[2026-06-17 13:29:08] INFO  main.Server.Commands.CommandProcessor - Получена команда: PING
[2026-06-17 13:29:10] INFO  main.Server.Commands.CommandProcessor - Получена команда: PING
[2026-06-17 13:29:12] INFO  main.Server.Commands.CommandProcessor - Получена команда: PING
[2026-06-17 13:29:14] INFO  main.Server.Commands.CommandProcessor - Получена команда: PING
[2026-06-17 13:29:16] INFO  main.Server.Commands.CommandProcessor - Получена команда: PING
[2026-06-17 13:29:18] INFO  main.Server.Commands.CommandProcessor - Получена команда: PING
[2026-06-17 13:29:20] INFO  main.Server.Commands.CommandProcessor - Получена команда: PING
[2026-06-17 13:29:22] INFO  main.Server.Commands.CommandProcessor - Получена команда: PING
[2026-06-17 13:29:24] INFO  main.Server.Commands.CommandProcessor - Получена команда: PING
[2026-06-17 13:29:26] INFO  main.Server.Commands.CommandProcessor - Получена команда: PING
[2026-06-17 13:29:28] INFO  main.Server.Commands.CommandProcessor - Получена команда: PING
[2026-06-17 13:29:30] INFO  main.Server.Commands.CommandProcessor - Получена команда: PING
[2026-06-17 13:29:32] INFO  main.Server.Commands.CommandProcessor - Получена команда: PING
[2026-06-17 13:29:34] INFO  main.Server.Commands.CommandProcessor - Получена команда: PING
[2026-06-17 13:29:36] INFO  main.Server.Commands.CommandProcessor - Получена команда: PING
[2026-06-17 13:29:38] INFO  main.Server.Commands.CommandProcessor - Получена команда: PING
[2026-06-17 13:29:40] INFO  main.Server.Commands.CommandProcessor - Получена команда: PING
[2026-06-17 13:29:42] INFO  main.Server.Commands.CommandProcessor - Получена команда: PING
[2026-06-17 13:29:44] INFO  main.Server.Commands.CommandProcessor - Получена команда: PING
[2026-06-17 13:29:46] INFO  main.Server.Commands.CommandProcessor - Получена команда: PING
[2026-06-17 13:29:48] INFO  main.Server.Commands.CommandProcessor - Получена команда: PING
[2026-06-17 13:29:50] INFO  main.Server.Commands.CommandProcessor - Получена команда: PING
[2026-06-17 13:29:52] INFO  main.Server.Commands.CommandProcessor - Получена команда: PING
[2026-06-17 13:29:54] INFO  main.Server.Commands.CommandProcessor - Получена команда: PING
[2026-06-17 13:29:56] INFO  main.Server.Commands.CommandProcessor - Получена команда: PING
[2026-06-17 13:29:58] INFO  main.Server.Commands.CommandProcessor - Получена команда: PING
[2026-06-17 13:30:00] INFO  main.Server.Commands.CommandProcessor - Получена команда: PING
[2026-06-17 13:30:02] INFO  main.Server.Commands.CommandProcessor - Получена команда: PING
[2026-06-17 13:30:04] INFO  main.Server.Commands.CommandProcessor - Получена команда: PING
[2026-06-17 13:30:06] INFO  main.Server.Commands.CommandProcessor - Получена команда: PING
[2026-06-17 13:30:08] INFO  main.Server.Commands.CommandProcessor - Получена команда: PING
[2026-06-17 13:30:10] INFO  main.Server.Commands.CommandProcessor - Получена команда: PING
[2026-06-17 13:30:12] INFO  main.Server.Commands.CommandProcessor - Получена команда: PING
[2026-06-17 13:30:14] INFO  main.Server.Commands.CommandProcessor - Получена команда: PING
[2026-06-17 13:30:16] INFO  main.Server.Commands.CommandProcessor - Получена команда: PING
[2026-06-17 13:30:18] INFO  main.Server.Commands.CommandProcessor - Получена команда: PING
[2026-06-17 13:30:20] INFO  main.Server.Commands.CommandProcessor - Получена команда: PING
[2026-06-17 13:30:22] INFO  main.Server.Commands.CommandProcessor - Получена команда: PING
[2026-06-17 13:30:24] INFO  main.Server.Commands.CommandProcessor - Получена команда: PING
[2026-06-17 13:30:26] INFO  main.Server.Commands.CommandProcessor - Получена команда: PING
[2026-06-17 13:30:28] INFO  main.Server.Commands.CommandProcessor - Получена команда: PING
[2026-06-17 13:30:30] INFO  main.Server.Commands.CommandProcessor - Получена команда: PING
[2026-06-17 13:30:32] INFO  main.Server.Commands.CommandProcessor - Получена команда: PING
[2026-06-17 13:30:34] INFO  main.Server.Commands.CommandProcessor - Получена команда: PING
[2026-06-17 13:30:36] INFO  main.Server.Commands.CommandProcessor - Получена команда: PING
[2026-06-17 13:30:38] INFO  main.Server.Commands.CommandProcessor - Получена команда: PING
[2026-06-17 13:30:40] INFO  main.Server.Commands.CommandProcessor - Получена команда: PING
[2026-06-17 13:30:42] INFO  main.Server.Commands.CommandProcessor - Получена команда: PING
[2026-06-17 13:30:44] INFO  main.Server.Commands.CommandProcessor - Получена команда: PING
[2026-06-17 13:30:46] INFO  main.Server.Commands.CommandProcessor - Получена команда: PING
[2026-06-17 13:30:48] INFO  main.Server.Commands.CommandProcessor - Получена команда: PING
[2026-06-17 13:30:50] INFO  main.Server.Commands.CommandProcessor - Получена команда: PING
[2026-06-17 13:30:52] INFO  main.Server.Commands.CommandProcessor - Получена команда: PING
[2026-06-17 13:30:54] INFO  main.Server.Commands.CommandProcessor - Получена команда: PING
[2026-06-17 13:30:56] INFO  main.Server.Commands.CommandProcessor - Получена команда: PING
[2026-06-17 13:30:58] INFO  main.Server.Commands.CommandProcessor - Получена команда: PING
[2026-06-17 13:31:00] INFO  main.Server.Commands.CommandProcessor - Получена команда: PING
[2026-06-17 13:31:02] INFO  main.Server.Commands.CommandProcessor - Получена команда: PING
[2026-06-17 13:31:04] INFO  main.Server.Commands.CommandProcessor - Получена команда: PING
[2026-06-17 13:31:06] INFO  main.Server.Commands.CommandProcessor - Получена команда: PING
[2026-06-17 13:31:08] INFO  main.Server.Commands.CommandProcessor - Получена команда: PING
[2026-06-17 13:31:10] INFO  main.Server.Commands.CommandProcessor - Получена команда: PING
[2026-06-17 13:31:12] INFO  main.Server.Commands.CommandProcessor - Получена команда: PING
[2026-06-17 13:31:14] INFO  main.Server.Commands.CommandProcessor - Получена команда: PING
[2026-06-17 13:31:16] INFO  main.Server.Commands.CommandProcessor - Получена команда: PING
[2026-06-17 13:31:18] INFO  main.Server.Commands.CommandProcessor - Получена команда: PING
[2026-06-17 13:31:20] INFO  main.Server.Commands.CommandProcessor - Получена команда: PING
[2026-06-17 13:31:22] INFO  main.Server.Commands.CommandProcessor - Получена команда: PING
[2026-06-17 13:31:24] INFO  main.Server.Commands.CommandProcessor - Получена команда: PING
[2026-06-17 13:31:26] INFO  main.Server.Commands.CommandProcessor - Получена команда: PING
[2026-06-17 13:31:28] INFO  main.Server.Commands.CommandProcessor - Получена команда: PING
[2026-06-17 13:31:30] INFO  main.Server.Commands.CommandProcessor - Получена команда: PING
[2026-06-17 13:31:32] INFO  main.Server.Commands.CommandProcessor - Получена команда: PING
[2026-06-17 13:31:34] INFO  main.Server.Commands.CommandProcessor - Получена команда: PING
[2026-06-17 13:31:36] INFO  main.Server.Commands.CommandProcessor - Получена команда: PING
[2026-06-17 13:31:38] INFO  main.Server.Commands.CommandProcessor - Получена команда: PING
[2026-06-17 13:31:40] INFO  main.Server.Commands.CommandProcessor - Получена команда: PING
[2026-06-17 13:31:42] INFO  main.Server.Commands.CommandProcessor - Получена команда: PING
[2026-06-17 13:31:44] INFO  main.Server.Commands.CommandProcessor - Получена команда: PING
[2026-06-17 13:31:46] INFO  main.Server.Commands.CommandProcessor - Получена команда: PING
[2026-06-17 13:31:48] INFO  main.Server.Commands.CommandProcessor - Получена команда: PING
[2026-06-17 13:31:50] INFO  main.Server.Commands.CommandProcessor - Получена команда: PING
[2026-06-17 13:31:52] INFO  main.Server.Commands.CommandProcessor - Получена команда: PING
[2026-06-17 13:31:54] INFO  main.Server.Commands.CommandProcessor - Получена команда: PING
[2026-06-17 13:31:56] INFO  main.Server.Commands.CommandProcessor - Получена команда: PING
[2026-06-17 13:31:58] INFO  main.Server.Commands.CommandProcessor - Получена команда: PING
[2026-06-17 13:32:00] INFO  main.Server.Commands.CommandProcessor - Получена команда: PING
[2026-06-17 13:32:02] INFO  main.Server.Commands.CommandProcessor - Получена команда: PING
[2026-06-17 13:32:04] INFO  main.Server.Commands.CommandProcessor - Получена команда: PING
[2026-06-17 13:32:06] INFO  main.Server.Commands.CommandProcessor - Получена команда: PING
[2026-06-17 13:32:08] INFO  main.Server.Commands.CommandProcessor - Получена команда: PING
[2026-06-17 13:32:10] INFO  main.Server.Commands.CommandProcessor - Получена команда: PING
[2026-06-17 13:32:12] INFO  main.Server.Commands.CommandProcessor - Получена команда: PING
[2026-06-17 13:32:14] INFO  main.Server.Commands.CommandProcessor - Получена команда: PING
[2026-06-17 13:32:16] INFO  main.Server.Commands.CommandProcessor - Получена команда: PING
[2026-06-17 13:32:18] INFO  main.Server.Commands.CommandProcessor - Получена команда: PING
[2026-06-17 13:32:20] INFO  main.Server.Commands.CommandProcessor - Получена команда: PING
[2026-06-17 13:32:22] INFO  main.Server.Commands.CommandProcessor - Получена команда: PING
[2026-06-17 13:32:24] INFO  main.Server.Commands.CommandProcessor - Получена команда: PING
[2026-06-17 13:32:26] INFO  main.Server.Commands.CommandProcessor - Получена команда: PING
[2026-06-17 13:32:28] INFO  main.Server.Commands.CommandProcessor - Получена команда: PING
[2026-06-17 13:32:30] INFO  main.Server.Commands.CommandProcessor - Получена команда: PING
[2026-06-17 13:32:32] INFO  main.Server.Commands.CommandProcessor - Получена команда: PING
[2026-06-17 13:32:34] INFO  main.Server.Commands.CommandProcessor - Получена команда: PING
[2026-06-17 13:32:37] INFO  main.Server.Commands.CommandProcessor - Получена команда: PING
[2026-06-17 13:32:39] INFO  main.Server.Commands.CommandProcessor - Получена команда: PING
[2026-06-17 13:32:41] INFO  main.Server.Commands.CommandProcessor - Получена команда: PING
[2026-06-17 13:32:43] INFO  main.Server.Commands.CommandProcessor - Получена команда: PING
[2026-06-17 13:32:45] INFO  main.Server.Commands.CommandProcessor - Получена команда: PING
[2026-06-17 13:32:47] INFO  main.Server.Commands.CommandProcessor - Получена команда: PING
[2026-06-17 13:32:49] INFO  main.Server.Commands.CommandProcessor - Получена команда: PING
[2026-06-17 13:32:51] INFO  main.Server.Commands.CommandProcessor - Получена команда: PING
[2026-06-17 13:32:53] INFO  main.Server.Commands.CommandProcessor - Получена команда: PING
[2026-06-17 13:32:55] INFO  main.Server.Commands.CommandProcessor - Получена команда: PING
[2026-06-17 13:32:57] INFO  main.Server.Commands.CommandProcessor - Получена команда: PING
[2026-06-17 13:32:59] INFO  main.Server.Commands.CommandProcessor - Получена команда: PING
[2026-06-17 13:33:01] INFO  main.Server.Commands.CommandProcessor - Получена команда: PING
[2026-06-17 13:33:03] INFO  main.Server.Commands.CommandProcessor - Получена команда: PING
[2026-06-17 13:33:05] INFO  main.Server.Commands.CommandProcessor - Получена команда: PING
[2026-06-17 13:33:07] INFO  main.Server.Commands.CommandProcessor - Получена команда: PING
[2026-06-17 13:33:09] INFO  main.Server.Commands.CommandProcessor - Получена команда: PING
[2026-06-17 13:33:11] INFO  main.Server.Commands.CommandProcessor - Получена команда: PING
[2026-06-17 13:33:13] INFO  main.Server.Commands.CommandProcessor - Получена команда: PING
[2026-06-17 13:33:15] INFO  main.Server.Commands.CommandProcessor - Получена команда: PING
[2026-06-17 13:33:17] INFO  main.Server.Commands.CommandProcessor - Получена команда: PING
[2026-06-17 13:33:19] INFO  main.Server.Commands.CommandProcessor - Получена команда: PING
[2026-06-17 13:33:21] INFO  main.Server.Commands.CommandProcessor - Получена команда: PING
[2026-06-17 13:33:23] INFO  main.Server.Commands.CommandProcessor - Получена команда: PING
[2026-06-17 13:33:25] INFO  main.Server.Commands.CommandProcessor - Получена команда: PING
[2026-06-17 13:33:27] INFO  main.Server.Commands.CommandProcessor - Получена команда: PING
[2026-06-17 13:33:29] INFO  main.Server.Commands.CommandProcessor - Получена команда: PING
[2026-06-17 13:33:31] INFO  main.Server.Commands.CommandProcessor - Получена команда: PING
[2026-06-17 13:33:33] INFO  main.Server.Commands.CommandProcessor - Получена команда: PING
[2026-06-17 13:33:35] INFO  main.Server.Commands.CommandProcessor - Получена команда: PING
[2026-06-17 13:33:37] INFO  main.Server.Commands.CommandProcessor - Получена команда: PING
[2026-06-17 13:33:39] INFO  main.Server.Commands.CommandProcessor - Получена команда: PING
[2026-06-17 13:33:41] INFO  main.Server.Commands.CommandProcessor - Получена команда: PING
[2026-06-17 13:33:43] INFO  main.Server.Commands.CommandProcessor - Получена команда: PING
[2026-06-17 13:33:45] INFO  main.Server.Commands.CommandProcessor - Получена команда: PING
[2026-06-17 13:33:47] INFO  main.Server.Commands.CommandProcessor - Получена команда: PING
[2026-06-17 13:33:49] INFO  main.Server.Commands.CommandProcessor - Получена команда: PING
[2026-06-17 13:33:51] INFO  main.Server.Commands.CommandProcessor - Получена команда: PING
[2026-06-17 13:33:53] INFO  main.Server.Commands.CommandProcessor - Получена команда: PING
[2026-06-17 13:33:55] INFO  main.Server.Commands.CommandProcessor - Получена команда: PING
[2026-06-17 13:33:57] INFO  main.Server.Commands.CommandProcessor - Получена команда: PING
[2026-06-17 13:33:59] INFO  main.Server.Commands.CommandProcessor - Получена команда: PING
[2026-06-17 13:34:01] INFO  main.Server.Commands.CommandProcessor - Получена команда: PING
[2026-06-17 13:34:03] INFO  main.Server.Commands.CommandProcessor - Получена команда: PING
[2026-06-17 13:34:05] INFO  main.Server.Commands.CommandProcessor - Получена команда: PING
[2026-06-17 13:34:07] INFO  main.Server.Commands.CommandProcessor - Получена команда: PING
[2026-06-17 13:34:09] INFO  main.Server.Commands.CommandProcessor - Получена команда: PING
[2026-06-17 13:34:11] INFO  main.Server.Commands.CommandProcessor - Получена команда: PING
[2026-06-17 13:34:13] INFO  main.Server.Commands.CommandProcessor - Получена команда: PING
[2026-06-17 13:34:15] INFO  main.Server.Commands.CommandProcessor - Получена команда: PING
[2026-06-17 13:34:17] INFO  main.Server.Commands.CommandProcessor - Получена команда: PING
[2026-06-17 13:34:19] INFO  main.Server.Commands.CommandProcessor - Получена команда: PING
[2026-06-17 13:34:21] INFO  main.Server.Commands.CommandProcessor - Получена команда: PING
[2026-06-17 13:34:23] INFO  main.Server.Commands.CommandProcessor - Получена команда: PING
[2026-06-17 13:34:25] INFO  main.Server.Commands.CommandProcessor - Получена команда: PING
[2026-06-17 13:34:27] INFO  main.Server.Commands.CommandProcessor - Получена команда: PING
[2026-06-17 13:34:29] INFO  main.Server.Commands.CommandProcessor - Получена команда: PING
[2026-06-17 13:34:31] INFO  main.Server.Commands.CommandProcessor - Получена команда: PING
[2026-06-17 13:34:33] INFO  main.Server.Commands.CommandProcessor - Получена команда: PING
[2026-06-17 13:34:35] INFO  main.Server.Commands.CommandProcessor - Получена команда: PING
[2026-06-17 13:34:37] INFO  main.Server.Commands.CommandProcessor - Получена команда: PING
[2026-06-17 13:34:39] INFO  main.Server.Commands.CommandProcessor - Получена команда: PING
[2026-06-17 13:34:41] INFO  main.Server.Commands.CommandProcessor - Получена команда: PING
[2026-06-17 13:34:43] INFO  main.Server.Commands.CommandProcessor - Получена команда: PING
[2026-06-17 13:34:45] INFO  main.Server.Commands.CommandProcessor - Получена команда: PING
[2026-06-17 13:34:47] INFO  main.Server.Commands.CommandProcessor - Получена команда: PING
[2026-06-17 13:34:49] INFO  main.Server.Commands.CommandProcessor - Получена команда: PING
[2026-06-17 13:34:51] INFO  main.Server.Commands.CommandProcessor - Получена команда: PING
[2026-06-17 13:34:53] INFO  main.Server.Commands.CommandProcessor - Получена команда: PING
[2026-06-17 13:34:55] INFO  main.Server.Commands.CommandProcessor - Получена команда: PING
[2026-06-17 13:34:57] INFO  main.Server.Commands.CommandProcessor - Получена команда: PING
[2026-06-17 13:34:59] INFO  main.Server.Commands.CommandProcessor - Получена команда: PING
[2026-06-17 13:35:01] INFO  main.Server.Commands.CommandProcessor - Получена команда: PING
[2026-06-17 13:35:03] INFO  main.Server.Commands.CommandProcessor - Получена команда: PING
[2026-06-17 13:35:05] INFO  main.Server.Commands.CommandProcessor - Получена команда: PING
[2026-06-17 13:35:07] INFO  main.Server.Commands.CommandProcessor - Получена команда: PING
[2026-06-17 13:35:09] INFO  main.Server.Commands.CommandProcessor - Получена команда: PING
[2026-06-17 13:35:11] INFO  main.Server.Commands.CommandProcessor - Получена команда: PING
[2026-06-17 13:35:13] INFO  main.Server.Commands.CommandProcessor - Получена команда: PING
[2026-06-17 13:35:15] INFO  main.Server.Commands.CommandProcessor - Получена команда: PING
[2026-06-17 13:35:17] INFO  main.Server.Commands.CommandProcessor - Получена команда: PING
[2026-06-17 13:35:19] INFO  main.Server.Commands.CommandProcessor - Получена команда: PING
[2026-06-17 13:35:21] INFO  main.Server.Commands.CommandProcessor - Получена команда: PING
[2026-06-17 13:35:23] INFO  main.Server.Commands.CommandProcessor - Получена команда: PING
[2026-06-17 13:35:25] INFO  main.Server.Commands.CommandProcessor - Получена команда: PING
[2026-06-17 13:35:27] INFO  main.Server.Commands.CommandProcessor - Получена команда: PING
[2026-06-17 13:35:29] INFO  main.Server.Commands.CommandProcessor - Получена команда: PING
[2026-06-17 13:35:31] INFO  main.Server.Commands.CommandProcessor - Получена команда: PING
[2026-06-17 13:35:33] INFO  main.Server.Commands.CommandProcessor - Получена команда: PING
[2026-06-17 13:35:35] INFO  main.Server.Commands.CommandProcessor - Получена команда: PING
[2026-06-17 13:35:37] INFO  main.Server.Commands.CommandProcessor - Получена команда: PING
[2026-06-17 13:35:39] INFO  main.Server.Commands.CommandProcessor - Получена команда: PING
[2026-06-17 13:35:41] INFO  main.Server.Commands.CommandProcessor - Получена команда: PING
[2026-06-17 13:35:43] INFO  main.Server.Commands.CommandProcessor - Получена команда: PING
[2026-06-17 13:35:45] INFO  main.Server.Commands.CommandProcessor - Получена команда: PING
[2026-06-17 13:35:47] INFO  main.Server.Commands.CommandProcessor - Получена команда: PING
[2026-06-17 13:35:49] INFO  main.Server.Commands.CommandProcessor - Получена команда: PING
[2026-06-17 13:35:51] INFO  main.Server.Commands.CommandProcessor - Получена команда: PING
[2026-06-17 13:35:53] INFO  main.Server.Commands.CommandProcessor - Получена команда: PING
[2026-06-17 13:35:55] INFO  main.Server.Commands.CommandProcessor - Получена команда: PING
[2026-06-17 13:35:57] INFO  main.Server.Commands.CommandProcessor - Получена команда: PING
[2026-06-17 13:35:59] INFO  main.Server.Commands.CommandProcessor - Получена команда: PING
[2026-06-17 13:36:01] INFO  main.Server.Commands.CommandProcessor - Получена команда: PING
[2026-06-17 13:36:03] INFO  main.Server.Commands.CommandProcessor - Получена команда: PING
[2026-06-17 13:36:05] INFO  main.Server.Commands.CommandProcessor - Получена команда: PING
[2026-06-17 13:36:07] INFO  main.Server.Commands.CommandProcessor - Получена команда: PING
[2026-06-17 13:36:09] INFO  main.Server.Commands.CommandProcessor - Получена команда: PING
[2026-06-17 13:36:11] INFO  main.Server.Commands.CommandProcessor - Получена команда: PING
[2026-06-17 13:36:13] INFO  main.Server.Commands.CommandProcessor - Получена команда: PING
[2026-06-17 13:36:15] INFO  main.Server.Commands.CommandProcessor - Получена команда: PING
[2026-06-17 13:36:17] INFO  main.Server.Commands.CommandProcessor - Получена команда: PING
[2026-06-17 13:36:19] INFO  main.Server.Commands.CommandProcessor - Получена команда: PING
[2026-06-17 13:36:21] INFO  main.Server.Commands.CommandProcessor - Получена команда: PING
[2026-06-17 13:36:23] INFO  main.Server.Commands.CommandProcessor - Получена команда: PING
[2026-06-17 13:36:25] INFO  main.Server.Commands.CommandProcessor - Получена команда: PING
[2026-06-17 13:36:27] INFO  main.Server.Commands.CommandProcessor - Получена команда: PING
[2026-06-17 13:36:29] INFO  main.Server.Commands.CommandProcessor - Получена команда: PING
[2026-06-17 13:36:31] INFO  main.Server.Commands.CommandProcessor - Получена команда: PING
[2026-06-17 13:36:33] INFO  main.Server.Commands.CommandProcessor - Получена команда: PING
[2026-06-17 13:36:35] INFO  main.Server.Commands.CommandProcessor - Получена команда: PING
[2026-06-17 13:36:37] INFO  main.Server.Commands.CommandProcessor - Получена команда: PING
[2026-06-17 13:36:39] INFO  main.Server.Commands.CommandProcessor - Получена команда: PING
[2026-06-17 13:36:41] INFO  main.Server.Commands.CommandProcessor - Получена команда: PING
[2026-06-17 13:36:43] INFO  main.Server.Commands.CommandProcessor - Получена команда: PING
[2026-06-17 13:36:45] INFO  main.Server.Commands.CommandProcessor - Получена команда: PING
[2026-06-17 13:36:47] INFO  main.Server.Commands.CommandProcessor - Получена команда: PING
[2026-06-17 13:36:49] INFO  main.Server.Commands.CommandProcessor - Получена команда: PING
[2026-06-17 13:36:51] INFO  main.Server.Commands.CommandProcessor - Получена команда: PING
[2026-06-17 13:36:53] INFO  main.Server.Commands.CommandProcessor - Получена команда: PING
[2026-06-17 13:36:56] INFO  main.Server.Commands.CommandProcessor - Получена команда: PING
[2026-06-17 13:36:58] INFO  main.Server.Commands.CommandProcessor - Получена команда: PING
[2026-06-17 13:37:00] INFO  main.Server.Commands.CommandProcessor - Получена команда: PING
[2026-06-17 13:37:02] INFO  main.Server.Commands.CommandProcessor - Получена команда: PING
[2026-06-17 13:37:04] INFO  main.Server.Commands.CommandProcessor - Получена команда: PING
[2026-06-17 13:37:06] INFO  main.Server.Commands.CommandProcessor - Получена команда: PING
[2026-06-17 13:37:08] INFO  main.Server.Commands.CommandProcessor - Получена команда: PING
[2026-06-17 13:37:10] INFO  main.Server.Commands.CommandProcessor - Получена команда: PING
[2026-06-17 13:37:12] INFO  main.Server.Commands.CommandProcessor - Получена команда: PING
[2026-06-17 13:37:14] INFO  main.Server.Commands.CommandProcessor - Получена команда: PING
[2026-06-17 13:37:16] INFO  main.Server.Commands.CommandProcessor - Получена команда: PING
[2026-06-17 13:37:18] INFO  main.Server.Commands.CommandProcessor - Получена команда: PING
[2026-06-17 13:37:20] INFO  main.Server.Commands.CommandProcessor - Получена команда: PING
[2026-06-17 13:37:22] INFO  main.Server.Commands.CommandProcessor - Получена команда: PING
[2026-06-17 13:37:24] INFO  main.Server.Commands.CommandProcessor - Получена команда: PING
[2026-06-17 13:37:26] INFO  main.Server.Commands.CommandProcessor - Получена команда: PING
[2026-06-17 13:37:28] INFO  main.Server.Commands.CommandProcessor - Получена команда: PING
[2026-06-17 13:37:30] INFO  main.Server.Commands.CommandProcessor - Получена команда: PING
[2026-06-17 13:37:32] INFO  main.Server.Commands.CommandProcessor - Получена команда: PING
[2026-06-17 13:37:34] INFO  main.Server.Commands.CommandProcessor - Получена команда: PING
[2026-06-17 13:37:36] INFO  main.Server.Commands.CommandProcessor - Получена команда: PING
[2026-06-17 13:37:38] INFO  main.Server.Commands.CommandProcessor - Получена команда: PING
[2026-06-17 13:37:40] INFO  main.Server.Commands.CommandProcessor - Получена команда: PING
[2026-06-17 13:37:42] INFO  main.Server.Commands.CommandProcessor - Получена команда: PING
[2026-06-17 13:37:44] INFO  main.Server.Commands.CommandProcessor - Получена команда: PING
[2026-06-17 13:37:46] INFO  main.Server.Commands.CommandProcessor - Получена команда: PING
[2026-06-17 13:37:48] INFO  main.Server.Commands.CommandProcessor - Получена команда: PING
[2026-06-17 13:37:50] INFO  main.Server.Commands.CommandProcessor - Получена команда: PING
[2026-06-17 13:37:52] INFO  main.Server.Commands.CommandProcessor - Получена команда: PING
[2026-06-17 13:37:54] INFO  main.Server.Commands.CommandProcessor - Получена команда: PING
[2026-06-17 13:37:56] INFO  main.Server.Commands.CommandProcessor - Получена команда: PING
[2026-06-17 13:37:58] INFO  main.Server.Commands.CommandProcessor - Получена команда: PING
[2026-06-17 13:38:00] INFO  main.Server.Commands.CommandProcessor - Получена команда: PING
[2026-06-17 13:38:02] INFO  main.Server.Commands.CommandProcessor - Получена команда: PING
[2026-06-17 13:38:04] INFO  main.Server.Commands.CommandProcessor - Получена команда: PING
[2026-06-17 13:38:06] INFO  main.Server.Commands.CommandProcessor - Получена команда: PING
[2026-06-17 13:38:08] INFO  main.Server.Commands.CommandProcessor - Получена команда: PING
[2026-06-17 13:38:10] INFO  main.Server.Commands.CommandProcessor - Получена команда: PING
[2026-06-17 13:38:12] INFO  main.Server.Commands.CommandProcessor - Получена команда: PING
[2026-06-17 13:38:14] INFO  main.Server.Commands.CommandProcessor - Получена команда: PING
[2026-06-17 13:38:16] INFO  main.Server.Commands.CommandProcessor - Получена команда: PING
[2026-06-17 13:38:18] INFO  main.Server.Commands.CommandProcessor - Получена команда: PING
[2026-06-17 13:38:20] INFO  main.Server.Commands.CommandProcessor - Получена команда: PING
[2026-06-17 13:38:22] INFO  main.Server.Commands.CommandProcessor - Получена команда: PING
[2026-06-17 13:38:24] INFO  main.Server.Commands.CommandProcessor - Получена команда: PING
[2026-06-17 13:38:26] INFO  main.Server.Commands.CommandProcessor - Получена команда: PING
[2026-06-17 13:38:28] INFO  main.Server.Commands.CommandProcessor - Получена команда: PING
[2026-06-17 13:38:30] INFO  main.Server.Commands.CommandProcessor - Получена команда: PING
[2026-06-17 13:38:32] INFO  main.Server.Commands.CommandProcessor - Получена команда: PING
[2026-06-17 13:38:34] INFO  main.Server.Commands.CommandProcessor - Получена команда: PING
[2026-06-17 13:38:36] INFO  main.Server.Commands.CommandProcessor - Получена команда: PING
[2026-06-17 13:38:38] INFO  main.Server.Commands.CommandProcessor - Получена команда: PING
[2026-06-17 13:38:40] INFO  main.Server.Commands.CommandProcessor - Получена команда: PING
[2026-06-17 13:38:42] INFO  main.Server.Commands.CommandProcessor - Получена команда: PING
[2026-06-17 13:38:44] INFO  main.Server.Commands.CommandProcessor - Получена команда: PING
[2026-06-17 13:38:46] INFO  main.Server.Commands.CommandProcessor - Получена команда: PING
[2026-06-17 13:38:48] INFO  main.Server.Commands.CommandProcessor - Получена команда: PING
[2026-06-17 13:38:50] INFO  main.Server.Commands.CommandProcessor - Получена команда: PING
[2026-06-17 13:38:52] INFO  main.Server.Commands.CommandProcessor - Получена команда: PING
[2026-06-17 13:38:54] INFO  main.Server.Commands.CommandProcessor - Получена команда: PING
[2026-06-17 13:38:56] INFO  main.Server.Commands.CommandProcessor - Получена команда: PING
[2026-06-17 13:38:58] INFO  main.Server.Commands.CommandProcessor - Получена команда: PING
[2026-06-17 13:39:00] INFO  main.Server.Commands.CommandProcessor - Получена команда: PING
[2026-06-17 13:39:02] INFO  main.Server.Commands.CommandProcessor - Получена команда: PING
[2026-06-17 13:39:04] INFO  main.Server.Commands.CommandProcessor - Получена команда: PING
[2026-06-17 13:39:06] INFO  main.Server.Commands.CommandProcessor - Получена команда: PING
[2026-06-17 13:39:08] INFO  main.Server.Commands.CommandProcessor - Получена команда: PING
[2026-06-17 13:39:10] INFO  main.Server.Commands.CommandProcessor - Получена команда: PING
[2026-06-17 13:39:12] INFO  main.Server.Commands.CommandProcessor - Получена команда: PING
[2026-06-17 13:39:14] INFO  main.Server.Commands.CommandProcessor - Получена команда: PING
[2026-06-17 13:39:16] INFO  main.Server.Commands.CommandProcessor - Получена команда: PING
[2026-06-17 13:39:18] INFO  main.Server.Commands.CommandProcessor - Получена команда: PING
[2026-06-17 13:39:20] INFO  main.Server.Commands.CommandProcessor - Получена команда: PING
[2026-06-17 13:39:22] INFO  main.Server.Commands.CommandProcessor - Получена команда: PING
[2026-06-17 13:39:24] INFO  main.Server.Commands.CommandProcessor - Получена команда: PING
[2026-06-17 13:39:26] INFO  main.Server.Commands.CommandProcessor - Получена команда: PING
[2026-06-17 13:39:28] INFO  main.Server.Commands.CommandProcessor - Получена команда: PING
[2026-06-17 13:39:30] INFO  main.Server.Commands.CommandProcessor - Получена команда: PING
[2026-06-17 13:39:32] INFO  main.Server.Commands.CommandProcessor - Получена команда: PING
[2026-06-17 13:39:34] INFO  main.Server.Commands.CommandProcessor - Получена команда: PING
[2026-06-17 13:39:36] INFO  main.Server.Commands.CommandProcessor - Получена команда: PING
[2026-06-17 13:39:38] INFO  main.Server.Commands.CommandProcessor - Получена команда: PING
[2026-06-17 13:39:40] INFO  main.Server.Commands.CommandProcessor - Получена команда: PING
[2026-06-17 13:39:42] INFO  main.Server.Commands.CommandProcessor - Получена команда: PING
[2026-06-17 13:39:44] INFO  main.Server.Commands.CommandProcessor - Получена команда: PING
[2026-06-17 13:39:46] INFO  main.Server.Commands.CommandProcessor - Получена команда: PING
[2026-06-17 13:39:48] INFO  main.Server.Commands.CommandProcessor - Получена команда: PING
[2026-06-17 13:39:50] INFO  main.Server.Commands.CommandProcessor - Получена команда: PING
[2026-06-17 13:39:52] INFO  main.Server.Commands.CommandProcessor - Получена команда: PING
[2026-06-17 13:39:54] INFO  main.Server.Commands.CommandProcessor - Получена команда: PING
[2026-06-17 13:39:56] INFO  main.Server.Commands.CommandProcessor - Получена команда: PING
[2026-06-17 13:39:58] INFO  main.Server.Commands.CommandProcessor - Получена команда: PING
[2026-06-17 13:40:00] INFO  main.Server.Commands.CommandProcessor - Получена команда: PING
[2026-06-17 13:40:02] INFO  main.Server.Commands.CommandProcessor - Получена команда: PING
[2026-06-17 13:40:04] INFO  main.Server.Commands.CommandProcessor - Получена команда: PING
[2026-06-17 13:40:06] INFO  main.Server.Commands.CommandProcessor - Получена команда: PING
[2026-06-17 13:40:08] INFO  main.Server.Commands.CommandProcessor - Получена команда: PING
[2026-06-17 13:40:10] INFO  main.Server.Commands.CommandProcessor - Получена команда: PING
[2026-06-17 13:40:12] INFO  main.Server.Commands.CommandProcessor - Получена команда: PING
[2026-06-17 13:40:14] INFO  main.Server.Commands.CommandProcessor - Получена команда: PING
[2026-06-17 13:40:16] INFO  main.Server.Commands.CommandProcessor - Получена команда: PING
[2026-06-17 13:40:18] INFO  main.Server.Commands.CommandProcessor - Получена команда: PING
[2026-06-17 13:40:20] INFO  main.Server.Commands.CommandProcessor - Получена команда: PING
[2026-06-17 13:40:22] INFO  main.Server.Commands.CommandProcessor - Получена команда: PING
[2026-06-17 13:40:24] INFO  main.Server.Commands.CommandProcessor - Получена команда: PING
[2026-06-17 13:40:26] INFO  main.Server.Commands.CommandProcessor - Получена команда: PING
[2026-06-17 13:40:28] INFO  main.Server.Commands.CommandProcessor - Получена команда: PING
[2026-06-17 13:40:30] INFO  main.Server.Commands.CommandProcessor - Получена команда: PING
[2026-06-17 13:40:32] INFO  main.Server.Commands.CommandProcessor - Получена команда: PING
[2026-06-17 13:40:34] INFO  main.Server.Commands.CommandProcessor - Получена команда: PING
[2026-06-17 13:40:36] INFO  main.Server.Commands.CommandProcessor - Получена команда: PING
[2026-06-17 13:40:39] INFO  main.Server.Commands.CommandProcessor - Получена команда: PING
[2026-06-17 13:40:41] INFO  main.Server.Commands.CommandProcessor - Получена команда: PING
[2026-06-17 13:40:43] INFO  main.Server.Commands.CommandProcessor - Получена команда: PING
[2026-06-17 13:40:45] INFO  main.Server.Commands.CommandProcessor - Получена команда: PING
[2026-06-17 13:40:47] INFO  main.Server.Commands.CommandProcessor - Получена команда: PING
[2026-06-17 13:40:49] INFO  main.Server.Commands.CommandProcessor - Получена команда: PING
[2026-06-17 13:40:51] INFO  main.Server.Commands.CommandProcessor - Получена команда: PING
[2026-06-17 13:40:53] INFO  main.Server.Commands.CommandProcessor - Получена команда: PING
[2026-06-17 13:40:55] INFO  main.Server.Commands.CommandProcessor - Получена команда: PING
[2026-06-17 13:40:57] INFO  main.Server.Commands.CommandProcessor - Получена команда: PING
[2026-06-17 13:40:59] INFO  main.Server.Commands.CommandProcessor - Получена команда: PING
[2026-06-17 13:41:01] INFO  main.Server.Commands.CommandProcessor - Получена команда: PING
[2026-06-17 13:41:03] INFO  main.Server.Commands.CommandProcessor - Получена команда: PING
[2026-06-17 13:41:05] INFO  main.Server.Commands.CommandProcessor - Получена команда: PING
[2026-06-17 13:41:07] INFO  main.Server.Commands.CommandProcessor - Получена команда: PING
[2026-06-17 13:41:09] INFO  main.Server.Commands.CommandProcessor - Получена команда: PING
[2026-06-17 13:41:11] INFO  main.Server.Commands.CommandProcessor - Получена команда: PING
[2026-06-17 13:41:13] INFO  main.Server.Commands.CommandProcessor - Получена команда: PING
[2026-06-17 13:41:15] INFO  main.Server.Commands.CommandProcessor - Получена команда: PING
[2026-06-17 13:41:17] INFO  main.Server.Commands.CommandProcessor - Получена команда: PING
[2026-06-17 13:41:19] INFO  main.Server.Commands.CommandProcessor - Получена команда: PING
[2026-06-17 13:41:21] INFO  main.Server.Commands.CommandProcessor - Получена команда: PING
[2026-06-17 13:41:23] INFO  main.Server.Commands.CommandProcessor - Получена команда: PING
[2026-06-17 13:41:25] INFO  main.Server.Commands.CommandProcessor - Получена команда: PING
[2026-06-17 13:41:27] INFO  main.Server.Commands.CommandProcessor - Получена команда: PING
[2026-06-17 13:41:29] INFO  main.Server.Commands.CommandProcessor - Получена команда: PING
[2026-06-17 13:41:31] INFO  main.Server.Commands.CommandProcessor - Получена команда: PING
[2026-06-17 13:41:33] INFO  main.Server.Commands.CommandProcessor - Получена команда: PING
[2026-06-17 13:41:35] INFO  main.Server.Commands.CommandProcessor - Получена команда: PING
[2026-06-17 13:41:37] INFO  main.Server.Commands.CommandProcessor - Получена команда: PING
[2026-06-17 13:41:39] INFO  main.Server.Commands.CommandProcessor - Получена команда: PING
[2026-06-17 13:41:41] INFO  main.Server.Commands.CommandProcessor - Получена команда: PING
[2026-06-17 13:41:43] INFO  main.Server.Commands.CommandProcessor - Получена команда: PING
[2026-06-17 13:41:45] INFO  main.Server.Commands.CommandProcessor - Получена команда: PING
[2026-06-17 13:53:19] INFO  main.Server.FileManagment.FileManager - Файл прочитан: C:\Users\mongo\IdeaProjects\Lab5\test.xml
[2026-06-17 13:53:19] INFO  main.Server.Network.Server - Сервер запущен: 0.0.0.0:8731
[2026-06-17 13:53:28] INFO  main.Server.ServerMain - Завершение JVM, сохранение коллекции
[2026-06-17 13:54:14] INFO  main.Server.FileManagment.FileManager - Файл прочитан: C:\Users\mongo\IdeaProjects\Lab5\test.xml
[2026-06-17 13:54:15] INFO  main.Server.Network.Server - Сервер запущен: 0.0.0.0:8731
[2026-06-17 13:55:03] INFO  main.Server.FileManagment.FileManager - Файл прочитан: C:\Users\mongo\IdeaProjects\Lab5\test.xml
[2026-06-17 13:55:03] INFO  main.Server.Network.Server - Сервер запущен: 0.0.0.0:8731
[2026-06-17 13:55:08] INFO  main.Server.ServerMain - Завершение JVM, сохранение коллекции
[2026-06-17 13:55:08] INFO  main.Server.Commands.CommandProcessor - Сохранение коллекции
[2026-06-17 14:01:06] INFO  main.Server.FileManagment.FileManager - Файл прочитан: C:\Users\mongo\IdeaProjects\Lab5\test.xml
[2026-06-17 14:01:06] INFO  main.Server.Network.Server - Сервер запущен: 0.0.0.0:8731
[2026-06-17 14:03:10] INFO  main.Server.FileManagment.FileManager - Файл прочитан: C:\Users\mongo\IdeaProjects\Lab5\test.xml
[2026-06-17 14:03:10] INFO  main.Server.Network.Server - Сервер запущен: 0.0.0.0:8731
[2026-06-17 14:03:45] INFO  main.Server.ServerMain - Завершение JVM, сохранение коллекции
[2026-06-17 14:03:49] INFO  main.Server.FileManagment.FileManager - Файл прочитан: C:\Users\mongo\IdeaProjects\Lab5\test.xml
[2026-06-17 14:03:49] INFO  main.Server.Network.Server - Сервер запущен: 0.0.0.0:8731
[2026-06-17 14:03:53] INFO  main.Server.ServerMain - Завершение JVM, сохранение коллекции
[2026-06-17 14:03:53] INFO  main.Server.Commands.CommandProcessor - Сохранение коллекции
[2026-06-17 14:04:59] INFO  main.Server.FileManagment.FileManager - Файл прочитан: C:\Users\mongo\IdeaProjects\Lab5\test.xml
[2026-06-17 14:04:59] INFO  main.Server.Network.Server - Сервер запущен: 0.0.0.0:8731
[2026-06-17 14:09:26] INFO  main.Server.FileManagment.FileManager - Файл прочитан: C:\Users\mongo\IdeaProjects\Lab5\test.xml
[2026-06-17 14:09:27] INFO  main.Server.Network.Server - Сервер запущен: 0.0.0.0:8731
[2026-06-17 14:41:02] INFO  main.Server.FileManagment.FileManager - Файл прочитан: C:\Users\mongo\IdeaProjects\Lab5\test.xml
[2026-06-17 14:41:02] INFO  main.Server.Network.Server - Сервер запущен: 0.0.0.0:8731
[2026-06-17 14:42:59] INFO  main.Server.ServerMain - Завершение JVM, сохранение коллекции
[2026-06-17 14:43:03] INFO  main.Server.FileManagment.FileManager - Файл прочитан: C:\Users\mongo\IdeaProjects\Lab5\test.xml
[2026-06-17 14:43:03] INFO  main.Server.Network.Server - Сервер запущен: 0.0.0.0:8731
[2026-06-17 14:53:37] INFO  main.Server.FileManagment.FileManager - Файл прочитан: C:\Users\mongo\IdeaProjects\Lab5\test.xml
[2026-06-17 14:53:37] INFO  main.Server.Network.Server - Сервер запущен: 0.0.0.0:8731
[2026-06-17 14:54:08] INFO  main.Server.ServerMain - Завершение JVM, сохранение коллекции
[2026-06-17 15:23:26] INFO  main.Server.FileManagment.FileManager - Файл прочитан: C:\Users\mongo\IdeaProjects\Lab5\test.xml
[2026-06-17 15:23:26] INFO  main.Server.Network.Server - Сервер запущен: 0.0.0.0:8731
[2026-06-17 15:23:29] INFO  main.Server.Network.Server - Клиент подключился: /127.0.0.1:52501
[2026-06-17 15:23:31] INFO  main.Server.Commands.CommandProcessor - Получена команда: PING
[2026-06-17 15:23:31] INFO  main.Server.Commands.CommandProcessor - Получена команда: PING
[2026-06-17 15:23:33] INFO  main.Server.Commands.CommandProcessor - Получена команда: PING
[2026-06-17 15:23:33] INFO  main.Server.Commands.CommandProcessor - Получена команда: PING
[2026-06-17 15:23:33] INFO  main.Server.Commands.CommandProcessor - Получена команда: PING
[2026-06-17 15:23:35] INFO  main.Server.Commands.CommandProcessor - Получена команда: PING
[2026-06-17 15:23:35] INFO  main.Server.ServerMain - Завершение JVM, сохранение коллекции
[2026-06-18 16:23:19] INFO  main.Server.FileManagment.FileManager - Файл прочитан: C:\Users\mongo\IdeaProjects\Lab5\test.xml
[2026-06-18 16:23:19] INFO  main.Server.Network.Server - Сервер запущен: 0.0.0.0:8731
[2026-06-18 16:24:39] INFO  main.Server.FileManagment.FileManager - Файл прочитан: C:\Users\mongo\IdeaProjects\Lab5\test.xml
[2026-06-18 16:24:39] INFO  main.Server.Network.Server - Сервер запущен: 0.0.0.0:8731
[2026-06-18 16:24:47] INFO  main.Server.Network.Server - Клиент подключился: /127.0.0.1:57328
[2026-06-18 16:24:49] INFO  main.Server.Commands.CommandProcessor - Получена команда: PING
[2026-06-18 16:24:51] INFO  main.Server.Commands.CommandProcessor - Получена команда: PING
[2026-06-18 16:24:53] INFO  main.Server.Commands.CommandProcessor - Получена команда: PING
[2026-06-18 16:24:55] INFO  main.Server.Commands.CommandProcessor - Получена команда: PING
[2026-06-18 16:24:57] INFO  main.Server.Commands.CommandProcessor - Получена команда: PING
[2026-06-18 16:24:59] INFO  main.Server.Commands.CommandProcessor - Получена команда: PING
[2026-06-18 16:25:02] INFO  main.Server.Commands.CommandProcessor - Получена команда: PING
[2026-06-18 16:25:04] INFO  main.Server.Commands.CommandProcessor - Получена команда: PING
[2026-06-18 16:25:06] INFO  main.Server.Commands.CommandProcessor - Получена команда: PING
[2026-06-18 16:25:08] INFO  main.Server.Commands.CommandProcessor - Получена команда: PING
[2026-06-18 16:25:10] INFO  main.Server.Commands.CommandProcessor - Получена команда: PING
[2026-06-18 16:25:12] INFO  main.Server.Commands.CommandProcessor - Получена команда: PING
[2026-06-18 16:25:14] INFO  main.Server.Commands.CommandProcessor - Получена команда: PING
[2026-06-18 16:25:16] INFO  main.Server.Commands.CommandProcessor - Получена команда: PING
[2026-06-18 16:25:18] INFO  main.Server.Commands.CommandProcessor - Получена команда: PING
[2026-06-18 16:25:20] INFO  main.Server.Commands.CommandProcessor - Получена команда: PING
[2026-06-18 16:25:22] INFO  main.Server.Commands.CommandProcessor - Получена команда: PING
[2026-06-18 16:25:24] INFO  main.Server.Commands.CommandProcessor - Получена команда: PING
[2026-06-18 16:25:26] INFO  main.Server.Commands.CommandProcessor - Получена команда: PING
[2026-06-18 16:25:28] INFO  main.Server.Commands.CommandProcessor - Получена команда: PING
[2026-06-18 16:25:30] INFO  main.Server.Commands.CommandProcessor - Получена команда: PING
[2026-06-18 16:25:32] INFO  main.Server.Commands.CommandProcessor - Получена команда: PING
[2026-06-18 16:25:34] INFO  main.Server.Commands.CommandProcessor - Получена команда: PING
[2026-06-18 16:25:36] INFO  main.Server.Network.Server - Клиент отключился
[2026-06-18 16:25:36] INFO  main.Server.ServerMain - Завершение JVM, сохранение коллекции
[2026-06-18 16:25:36] INFO  main.Server.Commands.CommandProcessor - Сохранение коллекции
[2026-06-18 16:25:46] INFO  main.Server.FileManagment.FileManager - Файл прочитан: C:\Users\mongo\IdeaProjects\Lab5\test.xml
[2026-06-18 16:25:46] INFO  main.Server.Network.Server - Сервер запущен: 0.0.0.0:8731
[2026-06-18 16:25:48] INFO  main.Server.Network.Server - Клиент подключился: /127.0.0.1:49156
[2026-06-18 16:25:50] INFO  main.Server.Commands.CommandProcessor - Получена команда: PING
[2026-06-18 16:25:52] INFO  main.Server.Commands.CommandProcessor - Получена команда: PING
[2026-06-18 16:25:54] INFO  main.Server.Commands.CommandProcessor - Получена команда: PING
[2026-06-18 16:25:56] INFO  main.Server.Commands.CommandProcessor - Получена команда: PING
[2026-06-18 16:25:57] INFO  main.Server.Commands.CommandProcessor - Получена команда: REGISTER
[2026-06-18 16:25:58] INFO  main.Server.Commands.CommandProcessor - Получена команда: PING
[2026-06-18 16:26:00] INFO  main.Server.Commands.CommandProcessor - Получена команда: PING
[2026-06-18 16:26:02] INFO  main.Server.Commands.CommandProcessor - Получена команда: PING
[2026-06-18 16:26:04] INFO  main.Server.Commands.CommandProcessor - Получена команда: PING
[2026-06-18 16:26:06] INFO  main.Server.Commands.CommandProcessor - Получена команда: PING
[2026-06-18 16:26:08] INFO  main.Server.Commands.CommandProcessor - Получена команда: PING
[2026-06-18 16:26:10] INFO  main.Server.Commands.CommandProcessor - Получена команда: PING
[2026-06-18 16:26:12] INFO  main.Server.Commands.CommandProcessor - Получена команда: PING
[2026-06-18 16:26:14] INFO  main.Server.Commands.CommandProcessor - Получена команда: PING
[2026-06-18 16:26:15] INFO  main.Server.Network.Server - Клиент отключился
[2026-06-18 16:26:15] INFO  main.Server.ServerMain - Завершение JVM, сохранение коллекции
[2026-06-18 16:26:15] INFO  main.Server.Commands.CommandProcessor - Сохранение коллекции
[2026-06-18 16:27:24] INFO  main.Server.FileManagment.FileManager - Файл прочитан: C:\Users\mongo\IdeaProjects\Lab5\test.xml
[2026-06-18 16:27:24] INFO  main.Server.Network.Server - Сервер запущен: 0.0.0.0:8731
[2026-06-18 16:27:27] INFO  main.Server.Network.Server - Клиент подключился: /127.0.0.1:57698
[2026-06-18 16:27:29] INFO  main.Server.Commands.CommandProcessor - Получена команда: PING
[2026-06-18 16:27:31] INFO  main.Server.Commands.CommandProcessor - Получена команда: PING
[2026-06-18 16:27:31] INFO  main.Server.Commands.CommandProcessor - Получена команда: REGISTER
[2026-06-18 16:27:33] INFO  main.Server.Commands.CommandProcessor - Получена команда: PING
[2026-06-18 16:27:35] INFO  main.Server.Commands.CommandProcessor - Получена команда: PING
[2026-06-18 16:27:37] INFO  main.Server.Commands.CommandProcessor - Получена команда: PING
[2026-06-18 16:27:39] INFO  main.Server.Commands.CommandProcessor - Получена команда: PING
[2026-06-18 16:27:41] INFO  main.Server.Commands.CommandProcessor - Получена команда: PING
[2026-06-18 16:27:43] INFO  main.Server.Commands.CommandProcessor - Получена команда: PING
[2026-06-18 16:27:45] INFO  main.Server.Commands.CommandProcessor - Получена команда: PING
[2026-06-18 16:27:47] INFO  main.Server.Commands.CommandProcessor - Получена команда: PING
[2026-06-18 16:27:48] INFO  main.Server.Network.Server - Клиент отключился
[2026-06-18 16:27:49] INFO  main.Server.Network.Server - Клиент подключился: /127.0.0.1:53905
[2026-06-18 16:27:51] INFO  main.Server.Commands.CommandProcessor - Получена команда: PING
[2026-06-18 16:27:52] INFO  main.Server.Network.Server - Клиент отключился
[2026-06-18 16:27:53] INFO  main.Server.Network.Server - Клиент подключился: /127.0.0.1:53906
[2026-06-18 16:27:55] INFO  main.Server.Commands.CommandProcessor - Получена команда: PING
[2026-06-18 16:27:57] INFO  main.Server.Commands.CommandProcessor - Получена команда: PING
[2026-06-18 16:27:59] INFO  main.Server.Commands.CommandProcessor - Получена команда: PING
[2026-06-18 16:28:01] INFO  main.Server.Commands.CommandProcessor - Получена команда: PING
[2026-06-18 16:28:03] INFO  main.Server.Commands.CommandProcessor - Получена команда: PING
[2026-06-18 16:28:05] INFO  main.Server.Commands.CommandProcessor - Получена команда: PING
[2026-06-18 16:28:07] INFO  main.Server.Commands.CommandProcessor - Получена команда: PING
[2026-06-18 16:28:09] INFO  main.Server.Commands.CommandProcessor - Получена команда: PING
[2026-06-18 16:28:10] INFO  main.Server.Network.Server - Клиент отключился
[2026-06-18 16:28:10] INFO  main.Server.ServerMain - Завершение JVM, сохранение коллекции
[2026-06-18 16:28:10] INFO  main.Server.Commands.CommandProcessor - Сохранение коллекции
[2026-06-18 16:28:15] INFO  main.Server.FileManagment.FileManager - Файл прочитан: C:\Users\mongo\IdeaProjects\Lab5\test.xml
[2026-06-18 16:28:15] INFO  main.Server.Network.Server - Сервер запущен: 0.0.0.0:8731
[2026-06-18 16:28:18] INFO  main.Server.Network.Server - Клиент подключился: /127.0.0.1:53915
[2026-06-18 16:28:20] INFO  main.Server.Commands.CommandProcessor - Получена команда: PING
[2026-06-18 16:28:22] INFO  main.Server.Commands.CommandProcessor - Получена команда: PING
[2026-06-18 16:28:24] INFO  main.Server.Commands.CommandProcessor - Получена команда: PING
[2026-06-18 16:28:26] INFO  main.Server.Commands.CommandProcessor - Получена команда: PING
[2026-06-18 16:28:27] INFO  main.Server.Commands.CommandProcessor - Получена команда: LOGIN
[2026-06-18 16:28:28] INFO  main.Server.Commands.CommandProcessor - Получена команда: PING
[2026-06-18 16:33:10] INFO  main.Server.FileManagment.FileManager - Файл прочитан: C:\Users\mongo\IdeaProjects\Lab5\test.xml
[2026-06-18 16:33:10] INFO  main.Server.Network.Server - Сервер запущен: 0.0.0.0:8731
[2026-06-18 16:33:12] INFO  main.Server.Network.Server - Клиент подключился: /127.0.0.1:64307
[2026-06-18 16:33:14] INFO  main.Server.Commands.CommandProcessor - Получена команда: PING
[2026-06-18 16:33:16] INFO  main.Server.Commands.CommandProcessor - Получена команда: PING
[2026-06-18 16:33:18] INFO  main.Server.Commands.CommandProcessor - Получена команда: PING
[2026-06-18 16:33:20] INFO  main.Server.Commands.CommandProcessor - Получена команда: PING
[2026-06-18 16:33:22] INFO  main.Server.Commands.CommandProcessor - Получена команда: LOGIN
[2026-06-18 16:33:22] INFO  main.Server.Commands.CommandProcessor - Получена команда: PING
[2026-06-18 16:33:24] INFO  main.Server.Commands.CommandProcessor - Получена команда: PING
[2026-06-18 16:33:25] INFO  main.Server.Network.Server - Клиент отключился
[2026-06-18 16:33:25] INFO  main.Server.ServerMain - Завершение JVM, сохранение коллекции
[2026-06-18 16:33:25] INFO  main.Server.Commands.CommandProcessor - Сохранение коллекции
[2026-06-18 22:18:08] INFO  main.Server.FileManagment.FileManager - Файл прочитан: C:\Users\mongo\IdeaProjects\Lab5\test.xml
[2026-06-18 22:18:09] INFO  main.Server.Network.Server - Сервер запущен: 0.0.0.0:8731
[2026-06-18 22:19:53] INFO  main.Server.FileManagment.FileManager - Файл прочитан: C:\Users\mongo\IdeaProjects\Lab5\test.xml
[2026-06-18 22:19:53] INFO  main.Server.Network.Server - Сервер запущен: 0.0.0.0:8731
[2026-06-18 22:20:03] INFO  main.Server.Network.Server - Клиент подключился: /127.0.0.1:60921
[2026-06-18 22:20:05] INFO  main.Server.Commands.CommandProcessor - Получена команда: PING
[2026-06-18 22:20:07] INFO  main.Server.Commands.CommandProcessor - Получена команда: PING
[2026-06-18 22:20:09] INFO  main.Server.Commands.CommandProcessor - Получена команда: PING
[2026-06-18 22:20:11] INFO  main.Server.Commands.CommandProcessor - Получена команда: PING
[2026-06-18 22:20:13] INFO  main.Server.Commands.CommandProcessor - Получена команда: PING
[2026-06-18 22:20:15] INFO  main.Server.Commands.CommandProcessor - Получена команда: PING
[2026-06-18 22:20:17] INFO  main.Server.Commands.CommandProcessor - Получена команда: PING
[2026-06-18 22:20:18] INFO  main.Server.Commands.CommandProcessor - Получена команда: REGISTER
[2026-06-18 22:20:19] INFO  main.Server.Commands.CommandProcessor - Получена команда: PING
[2026-06-18 22:20:21] INFO  main.Server.Commands.CommandProcessor - Получена команда: PING
[2026-06-18 22:20:23] INFO  main.Server.Commands.CommandProcessor - Получена команда: PING
[2026-06-18 22:20:25] INFO  main.Server.Commands.CommandProcessor - Получена команда: PING
[2026-06-18 22:20:27] INFO  main.Server.Commands.CommandProcessor - Получена команда: PING
[2026-06-18 22:20:29] INFO  main.Server.Commands.CommandProcessor - Получена команда: PING
[2026-06-18 22:20:31] INFO  main.Server.Commands.CommandProcessor - Получена команда: PING
[2026-06-18 22:20:33] INFO  main.Server.Commands.CommandProcessor - Получена команда: PING
[2026-06-18 22:20:35] INFO  main.Server.Commands.CommandProcessor - Получена команда: PING
[2026-06-18 22:20:37] INFO  main.Server.Commands.CommandProcessor - Получена команда: PING
[2026-06-18 22:20:39] INFO  main.Server.Commands.CommandProcessor - Получена команда: PING
[2026-06-18 22:20:41] INFO  main.Server.Commands.CommandProcessor - Получена команда: PING
[2026-06-18 22:20:43] INFO  main.Server.Commands.CommandProcessor - Получена команда: PING
[2026-06-18 22:20:45] INFO  main.Server.Commands.CommandProcessor - Получена команда: PING
[2026-06-18 22:20:47] INFO  main.Server.Commands.CommandProcessor - Получена команда: PING
[2026-06-18 22:20:49] INFO  main.Server.Commands.CommandProcessor - Получена команда: PING
[2026-06-18 22:20:51] INFO  main.Server.Commands.CommandProcessor - Получена команда: PING
[2026-06-18 22:20:53] INFO  main.Server.Commands.CommandProcessor - Получена команда: PING
[2026-06-18 22:20:55] INFO  main.Server.Commands.CommandProcessor - Получена команда: PING
[2026-06-18 22:20:57] INFO  main.Server.Commands.CommandProcessor - Получена команда: PING
[2026-06-18 22:20:59] INFO  main.Server.Commands.CommandProcessor - Получена команда: PING
[2026-06-18 22:21:01] INFO  main.Server.Commands.CommandProcessor - Получена команда: PING
[2026-06-18 22:21:03] INFO  main.Server.Commands.CommandProcessor - Получена команда: PING
[2026-06-18 22:21:05] INFO  main.Server.Commands.CommandProcessor - Получена команда: PING
[2026-06-18 22:21:07] INFO  main.Server.Commands.CommandProcessor - Получена команда: PING
[2026-06-18 22:21:09] INFO  main.Server.Commands.CommandProcessor - Получена команда: PING
[2026-06-18 22:21:11] INFO  main.Server.Commands.CommandProcessor - Получена команда: PING
[2026-06-18 22:21:13] INFO  main.Server.Commands.CommandProcessor - Получена команда: PING
[2026-06-18 22:21:15] INFO  main.Server.Commands.CommandProcessor - Получена команда: PING
[2026-06-18 22:21:17] INFO  main.Server.Commands.CommandProcessor - Получена команда: PING
[2026-06-18 22:21:19] INFO  main.Server.Commands.CommandProcessor - Получена команда: PING
[2026-06-18 22:21:21] INFO  main.Server.Commands.CommandProcessor - Получена команда: PING
[2026-06-18 22:21:23] INFO  main.Server.Commands.CommandProcessor - Получена команда: PING
[2026-06-18 22:21:25] INFO  main.Server.Commands.CommandProcessor - Получена команда: PING
[2026-06-18 22:21:27] INFO  main.Server.Commands.CommandProcessor - Получена команда: PING
[2026-06-18 22:21:29] INFO  main.Server.Commands.CommandProcessor - Получена команда: PING
[2026-06-18 22:21:31] INFO  main.Server.Commands.CommandProcessor - Получена команда: PING
[2026-06-18 22:21:33] INFO  main.Server.Commands.CommandProcessor - Получена команда: PING
[2026-06-18 22:21:35] INFO  main.Server.Commands.CommandProcessor - Получена команда: PING
[2026-06-18 22:21:37] INFO  main.Server.Commands.CommandProcessor - Получена команда: PING
[2026-06-18 22:21:39] INFO  main.Server.Commands.CommandProcessor - Получена команда: PING
[2026-06-18 22:21:41] INFO  main.Server.Commands.CommandProcessor - Получена команда: PING
[2026-06-18 22:21:43] INFO  main.Server.Commands.CommandProcessor - Получена команда: PING
[2026-06-18 22:21:45] INFO  main.Server.Commands.CommandProcessor - Получена команда: PING
[2026-06-18 22:21:47] INFO  main.Server.Commands.CommandProcessor - Получена команда: PING
[2026-06-18 22:21:49] INFO  main.Server.Commands.CommandProcessor - Получена команда: PING
[2026-06-18 22:21:51] INFO  main.Server.Commands.CommandProcessor - Получена команда: PING
[2026-06-18 22:21:53] INFO  main.Server.Commands.CommandProcessor - Получена команда: PING
[2026-06-18 22:21:55] INFO  main.Server.Commands.CommandProcessor - Получена команда: PING
[2026-06-18 22:21:57] INFO  main.Server.Commands.CommandProcessor - Получена команда: PING
[2026-06-18 22:21:59] INFO  main.Server.Commands.CommandProcessor - Получена команда: PING
[2026-06-18 22:22:02] INFO  main.Server.Commands.CommandProcessor - Получена команда: PING
[2026-06-18 22:22:04] INFO  main.Server.Commands.CommandProcessor - Получена команда: PING
[2026-06-18 22:22:06] INFO  main.Server.Commands.CommandProcessor - Получена команда: PING
[2026-06-18 22:22:08] INFO  main.Server.Commands.CommandProcessor - Получена команда: PING
[2026-06-18 22:22:10] INFO  main.Server.Commands.CommandProcessor - Получена команда: PING
[2026-06-18 22:22:12] INFO  main.Server.Commands.CommandProcessor - Получена команда: PING
[2026-06-18 22:22:12] INFO  main.Server.Commands.CommandProcessor - Получена команда: REGISTER
[2026-06-18 22:22:14] INFO  main.Server.Commands.CommandProcessor - Получена команда: PING
[2026-06-18 22:22:16] INFO  main.Server.Commands.CommandProcessor - Получена команда: PING
[2026-06-18 22:22:18] INFO  main.Server.Commands.CommandProcessor - Получена команда: PING
[2026-06-18 22:22:20] INFO  main.Server.Commands.CommandProcessor - Получена команда: PING
[2026-06-18 22:22:22] INFO  main.Server.Commands.CommandProcessor - Получена команда: PING
[2026-06-18 22:22:24] INFO  main.Server.Commands.CommandProcessor - Получена команда: PING
[2026-06-18 22:22:26] INFO  main.Server.Commands.CommandProcessor - Получена команда: PING
[2026-06-18 22:22:28] INFO  main.Server.Commands.CommandProcessor - Получена команда: PING
[2026-06-18 22:22:30] INFO  main.Server.Commands.CommandProcessor - Получена команда: PING
[2026-06-18 22:22:32] INFO  main.Server.Commands.CommandProcessor - Получена команда: PING
[2026-06-18 22:22:34] INFO  main.Server.Commands.CommandProcessor - Получена команда: PING
[2026-06-18 22:22:36] INFO  main.Server.Commands.CommandProcessor - Получена команда: PING
[2026-06-18 22:22:38] INFO  main.Server.Commands.CommandProcessor - Получена команда: PING
[2026-06-18 22:22:40] INFO  main.Server.Commands.CommandProcessor - Получена команда: PING
[2026-06-18 22:22:42] INFO  main.Server.Commands.CommandProcessor - Получена команда: PING
[2026-06-18 22:22:44] INFO  main.Server.Commands.CommandProcessor - Получена команда: PING
[2026-06-18 22:22:46] INFO  main.Server.Commands.CommandProcessor - Получена команда: PING
[2026-06-18 22:22:48] INFO  main.Server.Commands.CommandProcessor - Получена команда: PING
[2026-06-18 22:22:50] INFO  main.Server.Commands.CommandProcessor - Получена команда: PING
[2026-06-18 22:22:52] INFO  main.Server.Commands.CommandProcessor - Получена команда: PING
[2026-06-18 22:22:54] INFO  main.Server.Commands.CommandProcessor - Получена команда: PING
[2026-06-18 22:22:56] INFO  main.Server.Commands.CommandProcessor - Получена команда: PING
[2026-06-18 22:22:58] INFO  main.Server.Commands.CommandProcessor - Получена команда: PING
[2026-06-18 22:23:00] INFO  main.Server.Commands.CommandProcessor - Получена команда: PING
[2026-06-18 22:23:02] INFO  main.Server.Commands.CommandProcessor - Получена команда: PING
[2026-06-18 22:23:04] INFO  main.Server.Commands.CommandProcessor - Получена команда: PING
[2026-06-18 22:23:06] INFO  main.Server.Commands.CommandProcessor - Получена команда: PING
[2026-06-18 22:23:08] INFO  main.Server.Commands.CommandProcessor - Получена команда: PING
[2026-06-18 22:23:10] INFO  main.Server.Commands.CommandProcessor - Получена команда: PING
[2026-06-18 22:23:12] INFO  main.Server.Commands.CommandProcessor - Получена команда: PING
[2026-06-18 22:23:14] INFO  main.Server.Commands.CommandProcessor - Получена команда: PING
[2026-06-18 22:23:16] INFO  main.Server.Commands.CommandProcessor - Получена команда: PING
[2026-06-18 22:23:18] INFO  main.Server.Commands.CommandProcessor - Получена команда: PING
[2026-06-18 22:23:20] INFO  main.Server.Commands.CommandProcessor - Получена команда: PING
[2026-06-18 22:23:22] INFO  main.Server.Commands.CommandProcessor - Получена команда: PING
[2026-06-18 22:23:24] INFO  main.Server.Commands.CommandProcessor - Получена команда: PING
[2026-06-18 22:23:26] INFO  main.Server.Commands.CommandProcessor - Получена команда: PING
[2026-06-18 22:23:28] INFO  main.Server.Commands.CommandProcessor - Получена команда: PING
[2026-06-18 22:23:30] INFO  main.Server.Commands.CommandProcessor - Получена команда: PING
[2026-06-18 22:23:32] INFO  main.Server.Commands.CommandProcessor - Получена команда: PING
[2026-06-18 22:23:34] INFO  main.Server.Commands.CommandProcessor - Получена команда: PING
[2026-06-18 22:23:36] INFO  main.Server.Commands.CommandProcessor - Получена команда: PING
[2026-06-18 22:23:38] INFO  main.Server.Commands.CommandProcessor - Получена команда: PING
[2026-06-18 22:23:40] INFO  main.Server.Commands.CommandProcessor - Получена команда: PING
[2026-06-18 22:23:42] INFO  main.Server.Commands.CommandProcessor - Получена команда: PING
[2026-06-18 22:23:44] INFO  main.Server.Commands.CommandProcessor - Получена команда: PING
[2026-06-18 22:23:46] INFO  main.Server.Commands.CommandProcessor - Получена команда: PING
[2026-06-18 22:23:48] INFO  main.Server.Commands.CommandProcessor - Получена команда: PING
[2026-06-18 22:23:50] INFO  main.Server.Commands.CommandProcessor - Получена команда: PING
[2026-06-18 22:23:52] INFO  main.Server.Commands.CommandProcessor - Получена команда: PING
[2026-06-18 22:23:54] INFO  main.Server.Commands.CommandProcessor - Получена команда: PING
[2026-06-18 22:23:56] INFO  main.Server.Commands.CommandProcessor - Получена команда: PING
[2026-06-18 22:23:58] INFO  main.Server.Commands.CommandProcessor - Получена команда: PING
[2026-06-18 22:24:00] INFO  main.Server.Commands.CommandProcessor - Получена команда: PING
[2026-06-18 22:24:02] INFO  main.Server.Commands.CommandProcessor - Получена команда: PING
[2026-06-18 22:24:04] INFO  main.Server.Commands.CommandProcessor - Получена команда: PING
[2026-06-18 22:24:06] INFO  main.Server.Commands.CommandProcessor - Получена команда: PING
[2026-06-18 22:24:08] INFO  main.Server.Commands.CommandProcessor - Получена команда: PING
[2026-06-18 22:24:10] INFO  main.Server.Commands.CommandProcessor - Получена команда: PING
[2026-06-18 22:24:12] INFO  main.Server.Commands.CommandProcessor - Получена команда: PING
[2026-06-18 22:24:14] INFO  main.Server.Commands.CommandProcessor - Получена команда: PING
[2026-06-18 22:24:16] INFO  main.Server.Commands.CommandProcessor - Получена команда: PING
[2026-06-18 22:24:18] INFO  main.Server.Commands.CommandProcessor - Получена команда: PING
[2026-06-18 22:24:20] INFO  main.Server.Commands.CommandProcessor - Получена команда: PING
[2026-06-18 22:24:20] INFO  main.Server.Network.Server - Клиент отключился
[2026-06-18 22:24:20] INFO  main.Server.ServerMain - Завершение JVM, сохранение коллекции
[2026-06-18 22:24:20] INFO  main.Server.Commands.CommandProcessor - Сохранение коллекции
[2026-06-18 22:24:27] INFO  main.Server.FileManagment.FileManager - Файл прочитан: C:\Users\mongo\IdeaProjects\Lab5\test.xml
[2026-06-18 22:24:27] INFO  main.Server.Network.Server - Сервер запущен: 0.0.0.0:8731
[2026-06-18 22:24:29] INFO  main.Server.Network.Server - Клиент подключился: /127.0.0.1:59215
[2026-06-18 22:24:31] INFO  main.Server.Commands.CommandProcessor - Получена команда: PING
[2026-06-18 22:24:33] INFO  main.Server.Commands.CommandProcessor - Получена команда: PING
[2026-06-18 22:24:35] INFO  main.Server.Commands.CommandProcessor - Получена команда: REGISTER
[2026-06-18 22:24:35] INFO  main.Server.Commands.CommandProcessor - Получена команда: PING
[2026-06-18 22:24:37] INFO  main.Server.Commands.CommandProcessor - Получена команда: PING
[2026-06-18 22:24:39] INFO  main.Server.Commands.CommandProcessor - Получена команда: PING
[2026-06-18 22:24:41] INFO  main.Server.Commands.CommandProcessor - Получена команда: PING
[2026-06-18 22:24:43] INFO  main.Server.Commands.CommandProcessor - Получена команда: PING
[2026-06-18 22:24:45] INFO  main.Server.Commands.CommandProcessor - Получена команда: PING
[2026-06-18 22:24:47] INFO  main.Server.Commands.CommandProcessor - Получена команда: PING
[2026-06-18 22:24:49] INFO  main.Server.Commands.CommandProcessor - Получена команда: PING
[2026-06-18 22:24:51] INFO  main.Server.Commands.CommandProcessor - Получена команда: PING
[2026-06-18 22:24:53] INFO  main.Server.Commands.CommandProcessor - Получена команда: PING
[2026-06-18 22:24:55] INFO  main.Server.Commands.CommandProcessor - Получена команда: PING
[2026-06-18 22:24:57] INFO  main.Server.Commands.CommandProcessor - Получена команда: PING
[2026-06-18 22:24:59] INFO  main.Server.Commands.CommandProcessor - Получена команда: PING
[2026-06-18 22:25:01] INFO  main.Server.Commands.CommandProcessor - Получена команда: PING
[2026-06-18 22:25:03] INFO  main.Server.Commands.CommandProcessor - Получена команда: PING
[2026-06-18 22:25:05] INFO  main.Server.Commands.CommandProcessor - Получена команда: PING
[2026-06-18 22:25:07] INFO  main.Server.Commands.CommandProcessor - Получена команда: PING
[2026-06-18 22:25:09] INFO  main.Server.Commands.CommandProcessor - Получена команда: PING
[2026-06-18 22:25:11] INFO  main.Server.Commands.CommandProcessor - Получена команда: PING
[2026-06-18 22:25:13] INFO  main.Server.Commands.CommandProcessor - Получена команда: PING
[2026-06-18 22:25:15] INFO  main.Server.Commands.CommandProcessor - Получена команда: PING
[2026-06-18 22:25:18] INFO  main.Server.Commands.CommandProcessor - Получена команда: PING
[2026-06-18 22:25:20] INFO  main.Server.Commands.CommandProcessor - Получена команда: PING
[2026-06-18 22:25:22] INFO  main.Server.Commands.CommandProcessor - Получена команда: PING
[2026-06-18 22:25:24] INFO  main.Server.Commands.CommandProcessor - Получена команда: PING
[2026-06-18 22:25:26] INFO  main.Server.Commands.CommandProcessor - Получена команда: PING
[2026-06-18 22:25:28] INFO  main.Server.Commands.CommandProcessor - Получена команда: PING
[2026-06-18 22:25:30] INFO  main.Server.Commands.CommandProcessor - Получена команда: PING
[2026-06-18 22:25:32] INFO  main.Server.Commands.CommandProcessor - Получена команда: PING
[2026-06-18 22:25:34] INFO  main.Server.Commands.CommandProcessor - Получена команда: PING
[2026-06-18 22:25:36] INFO  main.Server.Commands.CommandProcessor - Получена команда: PING
[2026-06-18 22:25:38] INFO  main.Server.Commands.CommandProcessor - Получена команда: PING
[2026-06-18 22:25:40] INFO  main.Server.Commands.CommandProcessor - Получена команда: PING
[2026-06-18 22:25:42] INFO  main.Server.Commands.CommandProcessor - Получена команда: PING
[2026-06-18 22:25:44] INFO  main.Server.Commands.CommandProcessor - Получена команда: PING
[2026-06-18 22:25:46] INFO  main.Server.Commands.CommandProcessor - Получена команда: PING
[2026-06-18 22:25:48] INFO  main.Server.Commands.CommandProcessor - Получена команда: PING
[2026-06-18 22:25:50] INFO  main.Server.Commands.CommandProcessor - Получена команда: PING
[2026-06-18 22:25:52] INFO  main.Server.Commands.CommandProcessor - Получена команда: PING
[2026-06-18 22:25:54] INFO  main.Server.Commands.CommandProcessor - Получена команда: PING
[2026-06-18 22:25:56] INFO  main.Server.Commands.CommandProcessor - Получена команда: PING
[2026-06-18 23:24:13] INFO  main.Server.FileManagment.FileManager - Файл прочитан: C:\Users\mongo\IdeaProjects\Lab5\test.xml
[2026-06-18 23:24:13] INFO  main.Server.Network.Server - Сервер запущен: 0.0.0.0:8731
[2026-06-18 23:24:16] INFO  main.Server.Network.Server - Клиент подключился: /127.0.0.1:53521
[2026-06-18 23:24:18] INFO  main.Server.Commands.CommandProcessor - Получена команда: PING
[2026-06-18 23:24:20] INFO  main.Server.Commands.CommandProcessor - Получена команда: PING
[2026-06-18 23:24:22] INFO  main.Server.Commands.CommandProcessor - Получена команда: PING
[2026-06-18 23:24:22] INFO  main.Server.Commands.CommandProcessor - Получена команда: REGISTER
[2026-06-18 23:24:24] INFO  main.Server.Commands.CommandProcessor - Получена команда: PING
[2026-06-18 23:24:26] INFO  main.Server.Commands.CommandProcessor - Получена команда: PING
[2026-06-18 23:24:28] INFO  main.Server.Commands.CommandProcessor - Получена команда: PING
[2026-06-18 23:24:30] INFO  main.Server.Commands.CommandProcessor - Получена команда: PING
[2026-06-18 23:24:32] INFO  main.Server.Commands.CommandProcessor - Получена команда: PING
[2026-06-18 23:24:34] INFO  main.Server.Commands.CommandProcessor - Получена команда: PING
[2026-06-18 23:24:36] INFO  main.Server.Commands.CommandProcessor - Получена команда: PING
[2026-06-18 23:24:38] INFO  main.Server.Commands.CommandProcessor - Получена команда: PING
[2026-06-18 23:24:40] INFO  main.Server.Commands.CommandProcessor - Получена команда: PING
[2026-06-18 23:24:42] INFO  main.Server.Commands.CommandProcessor - Получена команда: PING
[2026-06-18 23:24:44] INFO  main.Server.Commands.CommandProcessor - Получена команда: PING
[2026-06-18 23:24:46] INFO  main.Server.Commands.CommandProcessor - Получена команда: PING
[2026-06-18 23:24:48] INFO  main.Server.Commands.CommandProcessor - Получена команда: PING
[2026-06-18 23:24:50] INFO  main.Server.Commands.CommandProcessor - Получена команда: PING
[2026-06-18 23:24:52] INFO  main.Server.Commands.CommandProcessor - Получена команда: PING
[2026-06-18 23:24:54] INFO  main.Server.Commands.CommandProcessor - Получена команда: PING
[2026-06-18 23:24:56] INFO  main.Server.Commands.CommandProcessor - Получена команда: PING
[2026-06-18 23:24:58] INFO  main.Server.Commands.CommandProcessor - Получена команда: PING
[2026-06-18 23:25:00] INFO  main.Server.Commands.CommandProcessor - Получена команда: PING
[2026-06-18 23:25:02] INFO  main.Server.Commands.CommandProcessor - Получена команда: PING
[2026-06-18 23:25:04] INFO  main.Server.Commands.CommandProcessor - Получена команда: PING
[2026-06-18 23:25:06] INFO  main.Server.Commands.CommandProcessor - Получена команда: PING
[2026-06-18 23:25:08] INFO  main.Server.Commands.CommandProcessor - Получена команда: PING
[2026-06-18 23:25:10] INFO  main.Server.Commands.CommandProcessor - Получена команда: PING
[2026-06-18 23:25:12] INFO  main.Server.Commands.CommandProcessor - Получена команда: PING
[2026-06-18 23:25:14] INFO  main.Server.Commands.CommandProcessor - Получена команда: PING
[2026-06-18 23:25:16] INFO  main.Server.Commands.CommandProcessor - Получена команда: PING
[2026-06-18 23:25:18] INFO  main.Server.Commands.CommandProcessor - Получена команда: PING
[2026-06-18 23:25:20] INFO  main.Server.Commands.CommandProcessor - Получена команда: PING
[2026-06-18 23:25:22] INFO  main.Server.Commands.CommandProcessor - Получена команда: PING
[2026-06-18 23:25:24] INFO  main.Server.Commands.CommandProcessor - Получена команда: PING
[2026-06-18 23:25:26] INFO  main.Server.Commands.CommandProcessor - Получена команда: PING
[2026-06-18 23:25:28] INFO  main.Server.Commands.CommandProcessor - Получена команда: PING
[2026-06-18 23:25:30] INFO  main.Server.Commands.CommandProcessor - Получена команда: PING
[2026-06-18 23:25:32] INFO  main.Server.Commands.CommandProcessor - Получена команда: PING
[2026-06-18 23:25:34] INFO  main.Server.Commands.CommandProcessor - Получена команда: PING
[2026-06-18 23:25:36] INFO  main.Server.Commands.CommandProcessor - Получена команда: PING
[2026-06-18 23:25:38] INFO  main.Server.Commands.CommandProcessor - Получена команда: PING
[2026-06-18 23:25:40] INFO  main.Server.Commands.CommandProcessor - Получена команда: PING
[2026-06-18 23:25:43] INFO  main.Server.Commands.CommandProcessor - Получена команда: PING
[2026-06-18 23:25:45] INFO  main.Server.Commands.CommandProcessor - Получена команда: PING
[2026-06-18 23:25:47] INFO  main.Server.Commands.CommandProcessor - Получена команда: PING
[2026-06-18 23:25:49] INFO  main.Server.Commands.CommandProcessor - Получена команда: PING
[2026-06-18 23:25:51] INFO  main.Server.Commands.CommandProcessor - Получена команда: PING
[2026-06-18 23:25:53] INFO  main.Server.Commands.CommandProcessor - Получена команда: PING
[2026-06-18 23:25:55] INFO  main.Server.Commands.CommandProcessor - Получена команда: PING
[2026-06-18 23:25:57] INFO  main.Server.Commands.CommandProcessor - Получена команда: PING
[2026-06-18 23:25:59] INFO  main.Server.Commands.CommandProcessor - Получена команда: PING
[2026-06-18 23:26:01] INFO  main.Server.Commands.CommandProcessor - Получена команда: PING
[2026-06-18 23:26:03] INFO  main.Server.Commands.CommandProcessor - Получена команда: PING
[2026-06-18 23:26:05] INFO  main.Server.Commands.CommandProcessor - Получена команда: PING
[2026-06-18 23:26:07] INFO  main.Server.Commands.CommandProcessor - Получена команда: PING
[2026-06-18 23:26:09] INFO  main.Server.Commands.CommandProcessor - Получена команда: PING
[2026-06-18 23:26:11] INFO  main.Server.Commands.CommandProcessor - Получена команда: PING
[2026-06-18 23:26:13] INFO  main.Server.Commands.CommandProcessor - Получена команда: PING
[2026-06-18 23:26:15] INFO  main.Server.Commands.CommandProcessor - Получена команда: PING
[2026-06-18 23:26:17] INFO  main.Server.Commands.CommandProcessor - Получена команда: PING
[2026-06-18 23:26:19] INFO  main.Server.Commands.CommandProcessor - Получена команда: PING
[2026-06-18 23:26:21] INFO  main.Server.Commands.CommandProcessor - Получена команда: PING
[2026-06-18 23:26:23] INFO  main.Server.Commands.CommandProcessor - Получена команда: PING
[2026-06-18 23:26:25] INFO  main.Server.Commands.CommandProcessor - Получена команда: PING
[2026-06-18 23:26:27] INFO  main.Server.Commands.CommandProcessor - Получена команда: PING
[2026-06-18 23:26:29] INFO  main.Server.Commands.CommandProcessor - Получена команда: PING
[2026-06-18 23:26:31] INFO  main.Server.Commands.CommandProcessor - Получена команда: PING
[2026-06-18 23:26:33] INFO  main.Server.Commands.CommandProcessor - Получена команда: PING
[2026-06-18 23:26:35] INFO  main.Server.Commands.CommandProcessor - Получена команда: PING
[2026-06-18 23:26:37] INFO  main.Server.Commands.CommandProcessor - Получена команда: PING
[2026-06-18 23:26:39] INFO  main.Server.Commands.CommandProcessor - Получена команда: PING
[2026-06-18 23:26:41] INFO  main.Server.Commands.CommandProcessor - Получена команда: PING
[2026-06-18 23:26:43] INFO  main.Server.Commands.CommandProcessor - Получена команда: PING
[2026-06-18 23:26:45] INFO  main.Server.Commands.CommandProcessor - Получена команда: PING
[2026-06-18 23:26:47] INFO  main.Server.Commands.CommandProcessor - Получена команда: PING
[2026-06-18 23:26:49] INFO  main.Server.Commands.CommandProcessor - Получена команда: PING
[2026-06-18 23:26:51] INFO  main.Server.Commands.CommandProcessor - Получена команда: PING
[2026-06-18 23:26:53] INFO  main.Server.Commands.CommandProcessor - Получена команда: PING
[2026-06-18 23:26:55] INFO  main.Server.Commands.CommandProcessor - Получена команда: PING
[2026-06-18 23:26:57] INFO  main.Server.Commands.CommandProcessor - Получена команда: PING
[2026-06-18 23:26:59] INFO  main.Server.Commands.CommandProcessor - Получена команда: PING
[2026-06-18 23:27:01] INFO  main.Server.Commands.CommandProcessor - Получена команда: PING
[2026-06-18 23:27:03] INFO  main.Server.Commands.CommandProcessor - Получена команда: PING
[2026-06-18 23:27:05] INFO  main.Server.Commands.CommandProcessor - Получена команда: PING
[2026-06-18 23:27:07] INFO  main.Server.Commands.CommandProcessor - Получена команда: PING
[2026-06-18 23:27:09] INFO  main.Server.Commands.CommandProcessor - Получена команда: PING
[2026-06-18 23:27:11] INFO  main.Server.Commands.CommandProcessor - Получена команда: PING
[2026-06-18 23:27:13] INFO  main.Server.Commands.CommandProcessor - Получена команда: PING
[2026-06-18 23:27:15] INFO  main.Server.Commands.CommandProcessor - Получена команда: PING
[2026-06-18 23:27:17] INFO  main.Server.Commands.CommandProcessor - Получена команда: PING
[2026-06-18 23:27:19] INFO  main.Server.Commands.CommandProcessor - Получена команда: PING
[2026-06-18 23:27:21] INFO  main.Server.Commands.CommandProcessor - Получена команда: PING
[2026-06-18 23:27:23] INFO  main.Server.Commands.CommandProcessor - Получена команда: PING
[2026-06-18 23:27:25] INFO  main.Server.Commands.CommandProcessor - Получена команда: PING
[2026-06-18 23:27:27] INFO  main.Server.Commands.CommandProcessor - Получена команда: PING
[2026-06-18 23:27:29] INFO  main.Server.Commands.CommandProcessor - Получена команда: PING
[2026-06-18 23:27:31] INFO  main.Server.Commands.CommandProcessor - Получена команда: PING
[2026-06-18 23:27:33] INFO  main.Server.Commands.CommandProcessor - Получена команда: PING
[2026-06-18 23:27:35] INFO  main.Server.Commands.CommandProcessor - Получена команда: PING
[2026-06-18 23:27:37] INFO  main.Server.Commands.CommandProcessor - Получена команда: PING
[2026-06-18 23:27:39] INFO  main.Server.Commands.CommandProcessor - Получена команда: PING
[2026-06-18 23:27:41] INFO  main.Server.Commands.CommandProcessor - Получена команда: PING
[2026-06-18 23:27:43] INFO  main.Server.Commands.CommandProcessor - Получена команда: PING
[2026-06-18 23:27:45] INFO  main.Server.Commands.CommandProcessor - Получена команда: PING
[2026-06-18 23:27:47] INFO  main.Server.Commands.CommandProcessor - Получена команда: PING
[2026-06-18 23:27:49] INFO  main.Server.Commands.CommandProcessor - Получена команда: PING
[2026-06-18 23:27:51] INFO  main.Server.Commands.CommandProcessor - Получена команда: PING
[2026-06-18 23:27:53] INFO  main.Server.Commands.CommandProcessor - Получена команда: PING
[2026-06-18 23:27:55] INFO  main.Server.Commands.CommandProcessor - Получена команда: PING
[2026-06-18 23:27:57] INFO  main.Server.Commands.CommandProcessor - Получена команда: PING
[2026-06-18 23:27:59] INFO  main.Server.Commands.CommandProcessor - Получена команда: PING
[2026-06-18 23:28:01] INFO  main.Server.Commands.CommandProcessor - Получена команда: PING
[2026-06-18 23:28:03] INFO  main.Server.Commands.CommandProcessor - Получена команда: PING
[2026-06-18 23:28:05] INFO  main.Server.Commands.CommandProcessor - Получена команда: PING
[2026-06-18 23:28:07] INFO  main.Server.Commands.CommandProcessor - Получена команда: PING
[2026-06-18 23:28:09] INFO  main.Server.Commands.CommandProcessor - Получена команда: PING
[2026-06-18 23:28:11] INFO  main.Server.Commands.CommandProcessor - Получена команда: PING
[2026-06-18 23:28:13] INFO  main.Server.Commands.CommandProcessor - Получена команда: PING
[2026-06-18 23:28:15] INFO  main.Server.Commands.CommandProcessor - Получена команда: PING
[2026-06-18 23:28:17] INFO  main.Server.Commands.CommandProcessor - Получена команда: PING
[2026-06-18 23:28:19] INFO  main.Server.Commands.CommandProcessor - Получена команда: PING
[2026-06-18 23:28:21] INFO  main.Server.Commands.CommandProcessor - Получена команда: PING
[2026-06-18 23:28:23] INFO  main.Server.Commands.CommandProcessor - Получена команда: PING
[2026-06-18 23:28:25] INFO  main.Server.Commands.CommandProcessor - Получена команда: PING
[2026-06-18 23:28:27] INFO  main.Server.Commands.CommandProcessor - Получена команда: PING
[2026-06-18 23:28:29] INFO  main.Server.Commands.CommandProcessor - Получена команда: PING
[2026-06-18 23:28:31] INFO  main.Server.Commands.CommandProcessor - Получена команда: PING
[2026-06-18 23:28:33] INFO  main.Server.Commands.CommandProcessor - Получена команда: PING
[2026-06-18 23:28:35] INFO  main.Server.Commands.CommandProcessor - Получена команда: PING
[2026-06-18 23:28:37] INFO  main.Server.Commands.CommandProcessor - Получена команда: PING
[2026-06-18 23:28:39] INFO  main.Server.Commands.CommandProcessor - Получена команда: PING
[2026-06-18 23:28:41] INFO  main.Server.Commands.CommandProcessor - Получена команда: PING
[2026-06-18 23:28:43] INFO  main.Server.Commands.CommandProcessor - Получена команда: PING
[2026-06-18 23:28:45] INFO  main.Server.Commands.CommandProcessor - Получена команда: PING
[2026-06-18 23:28:47] INFO  main.Server.Commands.CommandProcessor - Получена команда: PING
[2026-06-18 23:28:49] INFO  main.Server.Commands.CommandProcessor - Получена команда: PING
[2026-06-18 23:28:51] INFO  main.Server.Commands.CommandProcessor - Получена команда: PING
[2026-06-18 23:28:53] INFO  main.Server.Commands.CommandProcessor - Получена команда: PING
[2026-06-18 23:28:55] INFO  main.Server.Commands.CommandProcessor - Получена команда: PING
[2026-06-18 23:28:57] INFO  main.Server.Commands.CommandProcessor - Получена команда: PING
[2026-06-18 23:28:59] INFO  main.Server.Commands.CommandProcessor - Получена команда: PING
[2026-06-18 23:29:01] INFO  main.Server.Commands.CommandProcessor - Получена команда: PING
[2026-06-18 23:29:03] INFO  main.Server.Commands.CommandProcessor - Получена команда: PING
[2026-06-18 23:29:05] INFO  main.Server.Commands.CommandProcessor - Получена команда: PING
[2026-06-18 23:29:07] INFO  main.Server.Commands.CommandProcessor - Получена команда: PING
[2026-06-18 23:29:09] INFO  main.Server.Commands.CommandProcessor - Получена команда: PING
[2026-06-18 23:29:11] INFO  main.Server.Commands.CommandProcessor - Получена команда: PING
[2026-06-18 23:29:13] INFO  main.Server.Commands.CommandProcessor - Получена команда: PING
[2026-06-18 23:29:15] INFO  main.Server.Commands.CommandProcessor - Получена команда: PING
[2026-06-18 23:29:17] INFO  main.Server.Commands.CommandProcessor - Получена команда: PING
[2026-06-18 23:29:19] INFO  main.Server.Commands.CommandProcessor - Получена команда: PING
[2026-06-18 23:29:21] INFO  main.Server.Commands.CommandProcessor - Получена команда: PING
[2026-06-18 23:29:23] INFO  main.Server.Commands.CommandProcessor - Получена команда: PING
[2026-06-18 23:29:25] INFO  main.Server.Commands.CommandProcessor - Получена команда: PING
[2026-06-18 23:29:28] INFO  main.Server.Commands.CommandProcessor - Получена команда: PING
[2026-06-18 23:29:30] INFO  main.Server.Commands.CommandProcessor - Получена команда: PING
[2026-06-18 23:29:32] INFO  main.Server.Commands.CommandProcessor - Получена команда: PING
[2026-06-18 23:29:34] INFO  main.Server.Commands.CommandProcessor - Получена команда: PING
[2026-06-18 23:29:36] INFO  main.Server.Commands.CommandProcessor - Получена команда: PING
[2026-06-18 23:29:38] INFO  main.Server.Commands.CommandProcessor - Получена команда: PING
[2026-06-18 23:29:40] INFO  main.Server.Commands.CommandProcessor - Получена команда: PING
[2026-06-18 23:29:42] INFO  main.Server.Commands.CommandProcessor - Получена команда: PING
[2026-06-18 23:29:44] INFO  main.Server.Commands.CommandProcessor - Получена команда: PING
[2026-06-18 23:29:46] INFO  main.Server.Commands.CommandProcessor - Получена команда: PING
[2026-06-18 23:29:48] INFO  main.Server.Commands.CommandProcessor - Получена команда: PING
[2026-06-18 23:29:50] INFO  main.Server.Commands.CommandProcessor - Получена команда: PING
[2026-06-18 23:29:52] INFO  main.Server.Commands.CommandProcessor - Получена команда: PING
[2026-06-18 23:29:54] INFO  main.Server.Commands.CommandProcessor - Получена команда: PING
[2026-06-18 23:29:56] INFO  main.Server.Commands.CommandProcessor - Получена команда: PING
[2026-06-18 23:29:58] INFO  main.Server.Commands.CommandProcessor - Получена команда: PING
[2026-06-18 23:30:00] INFO  main.Server.Commands.CommandProcessor - Получена команда: PING
[2026-06-18 23:30:02] INFO  main.Server.Commands.CommandProcessor - Получена команда: PING
[2026-06-18 23:30:04] INFO  main.Server.Commands.CommandProcessor - Получена команда: PING
[2026-06-18 23:30:06] INFO  main.Server.Commands.CommandProcessor - Получена команда: PING
[2026-06-18 23:30:08] INFO  main.Server.Commands.CommandProcessor - Получена команда: PING
[2026-06-18 23:30:10] INFO  main.Server.Commands.CommandProcessor - Получена команда: PING
[2026-06-18 23:30:12] INFO  main.Server.Commands.CommandProcessor - Получена команда: PING
[2026-06-18 23:30:14] INFO  main.Server.Commands.CommandProcessor - Получена команда: PING
[2026-06-18 23:30:16] INFO  main.Server.Commands.CommandProcessor - Получена команда: PING
[2026-06-18 23:30:18] INFO  main.Server.Commands.CommandProcessor - Получена команда: PING
[2026-06-18 23:30:20] INFO  main.Server.Commands.CommandProcessor - Получена команда: PING
[2026-06-18 23:30:22] INFO  main.Server.Commands.CommandProcessor - Получена команда: PING
[2026-06-18 23:30:24] INFO  main.Server.Commands.CommandProcessor - Получена команда: PING
[2026-06-18 23:30:26] INFO  main.Server.Commands.CommandProcessor - Получена команда: PING
[2026-06-18 23:30:28] INFO  main.Server.Commands.CommandProcessor - Получена команда: PING
[2026-06-18 23:30:30] INFO  main.Server.Commands.CommandProcessor - Получена команда: PING
[2026-06-18 23:30:32] INFO  main.Server.Commands.CommandProcessor - Получена команда: PING
[2026-06-18 23:30:34] INFO  main.Server.Commands.CommandProcessor - Получена команда: PING
[2026-06-18 23:30:36] INFO  main.Server.Commands.CommandProcessor - Получена команда: PING
[2026-06-18 23:30:38] INFO  main.Server.Commands.CommandProcessor - Получена команда: PING
[2026-06-18 23:30:40] INFO  main.Server.Commands.CommandProcessor - Получена команда: PING
[2026-06-18 23:30:42] INFO  main.Server.Commands.CommandProcessor - Получена команда: PING
[2026-06-18 23:30:44] INFO  main.Server.Commands.CommandProcessor - Получена команда: PING
[2026-06-18 23:30:46] INFO  main.Server.Commands.CommandProcessor - Получена команда: PING
[2026-06-18 23:30:48] INFO  main.Server.Commands.CommandProcessor - Получена команда: PING
[2026-06-18 23:30:50] INFO  main.Server.Commands.CommandProcessor - Получена команда: PING
[2026-06-18 23:30:52] INFO  main.Server.Commands.CommandProcessor - Получена команда: PING
[2026-06-18 23:30:54] INFO  main.Server.Commands.CommandProcessor - Получена команда: PING
[2026-06-18 23:30:56] INFO  main.Server.Commands.CommandProcessor - Получена команда: PING
[2026-06-18 23:30:58] INFO  main.Server.Commands.CommandProcessor - Получена команда: PING
[2026-06-18 23:31:00] INFO  main.Server.Commands.CommandProcessor - Получена команда: PING
[2026-06-18 23:31:02] INFO  main.Server.Commands.CommandProcessor - Получена команда: PING
[2026-06-18 23:31:04] INFO  main.Server.Commands.CommandProcessor - Получена команда: PING
[2026-06-18 23:31:06] INFO  main.Server.Commands.CommandProcessor - Получена команда: PING
[2026-06-18 23:31:08] INFO  main.Server.Commands.CommandProcessor - Получена команда: PING
[2026-06-18 23:31:10] INFO  main.Server.Commands.CommandProcessor - Получена команда: PING
[2026-06-18 23:31:12] INFO  main.Server.Commands.CommandProcessor - Получена команда: PING
[2026-06-18 23:31:14] INFO  main.Server.Commands.CommandProcessor - Получена команда: PING
[2026-06-18 23:31:16] INFO  main.Server.Commands.CommandProcessor - Получена команда: PING
[2026-06-18 23:31:18] INFO  main.Server.Commands.CommandProcessor - Получена команда: PING
[2026-06-18 23:31:20] INFO  main.Server.Commands.CommandProcessor - Получена команда: PING
[2026-06-18 23:31:22] INFO  main.Server.Commands.CommandProcessor - Получена команда: PING
[2026-06-18 23:31:24] INFO  main.Server.Commands.CommandProcessor - Получена команда: PING
[2026-06-18 23:31:26] INFO  main.Server.Commands.CommandProcessor - Получена команда: PING
[2026-06-18 23:31:28] INFO  main.Server.Commands.CommandProcessor - Получена команда: PING
[2026-06-18 23:31:30] INFO  main.Server.Commands.CommandProcessor - Получена команда: PING
[2026-06-18 23:31:32] INFO  main.Server.Commands.CommandProcessor - Получена команда: PING
[2026-06-18 23:31:34] INFO  main.Server.Commands.CommandProcessor - Получена команда: PING
[2026-06-18 23:31:36] INFO  main.Server.Commands.CommandProcessor - Получена команда: PING
[2026-06-18 23:31:38] INFO  main.Server.Commands.CommandProcessor - Получена команда: PING
[2026-06-18 23:31:40] INFO  main.Server.Commands.CommandProcessor - Получена команда: PING
[2026-06-18 23:31:42] INFO  main.Server.Commands.CommandProcessor - Получена команда: PING
[2026-06-18 23:31:44] INFO  main.Server.Commands.CommandProcessor - Получена команда: PING
[2026-06-18 23:31:46] INFO  main.Server.Commands.CommandProcessor - Получена команда: PING
[2026-06-18 23:31:48] INFO  main.Server.Commands.CommandProcessor - Получена команда: PING
[2026-06-18 23:31:50] INFO  main.Server.Commands.CommandProcessor - Получена команда: PING
[2026-06-18 23:31:52] INFO  main.Server.Commands.CommandProcessor - Получена команда: PING
[2026-06-18 23:31:54] INFO  main.Server.Commands.CommandProcessor - Получена команда: PING
[2026-06-18 23:31:56] INFO  main.Server.Commands.CommandProcessor - Получена команда: PING
[2026-06-18 23:31:58] INFO  main.Server.Commands.CommandProcessor - Получена команда: PING
[2026-06-18 23:32:00] INFO  main.Server.Commands.CommandProcessor - Получена команда: PING
[2026-06-18 23:32:02] INFO  main.Server.Commands.CommandProcessor - Получена команда: PING
[2026-06-18 23:32:04] INFO  main.Server.Commands.CommandProcessor - Получена команда: PING
[2026-06-18 23:32:06] INFO  main.Server.Commands.CommandProcessor - Получена команда: PING
[2026-06-18 23:32:08] INFO  main.Server.Commands.CommandProcessor - Получена команда: PING
[2026-06-18 23:32:10] INFO  main.Server.Commands.CommandProcessor - Получена команда: PING
[2026-06-18 23:32:12] INFO  main.Server.Commands.CommandProcessor - Получена команда: PING
[2026-06-18 23:32:14] INFO  main.Server.Commands.CommandProcessor - Получена команда: PING
[2026-06-18 23:32:16] INFO  main.Server.Commands.CommandProcessor - Получена команда: PING
[2026-06-18 23:32:18] INFO  main.Server.Commands.CommandProcessor - Получена команда: PING
[2026-06-18 23:32:20] INFO  main.Server.Commands.CommandProcessor - Получена команда: PING
[2026-06-18 23:32:22] INFO  main.Server.Commands.CommandProcessor - Получена команда: PING
[2026-06-18 23:32:24] INFO  main.Server.Commands.CommandProcessor - Получена команда: PING
[2026-06-18 23:32:26] INFO  main.Server.Commands.CommandProcessor - Получена команда: PING
[2026-06-18 23:32:28] INFO  main.Server.Commands.CommandProcessor - Получена команда: PING
[2026-06-18 23:32:30] INFO  main.Server.Commands.CommandProcessor - Получена команда: PING
[2026-06-18 23:32:32] INFO  main.Server.Commands.CommandProcessor - Получена команда: PING
[2026-06-18 23:32:34] INFO  main.Server.Commands.CommandProcessor - Получена команда: PING
[2026-06-18 23:32:36] INFO  main.Server.Commands.CommandProcessor - Получена команда: PING
[2026-06-18 23:32:38] INFO  main.Server.Commands.CommandProcessor - Получена команда: PING
[2026-06-18 23:32:40] INFO  main.Server.Commands.CommandProcessor - Получена команда: PING
[2026-06-18 23:32:42] INFO  main.Server.Commands.CommandProcessor - Получена команда: PING
[2026-06-18 23:45:13] INFO  main.Server.DatabaseManagment.DatabaseManager - База данных подключена
[2026-06-18 23:45:13] INFO  main.Server.FileManagment.FileManager - Файл прочитан: C:\Users\mongo\IdeaProjects\Lab5\test.xml
[2026-06-18 23:45:13] INFO  main.Server.Network.Server - Сервер запущен: 0.0.0.0:8731
[2026-06-18 23:45:18] INFO  main.Server.Network.Server - Клиент подключился: /127.0.0.1:63247
[2026-06-18 23:45:20] INFO  main.Server.Commands.CommandProcessor - Получена команда: PING
[2026-06-18 23:45:22] INFO  main.Server.Commands.CommandProcessor - Получена команда: PING
[2026-06-18 23:45:24] INFO  main.Server.Commands.CommandProcessor - Получена команда: PING
[2026-06-18 23:45:24] INFO  main.Server.Commands.CommandProcessor - Получена команда: LOGIN
[2026-06-18 23:45:26] INFO  main.Server.Commands.CommandProcessor - Получена команда: PING
[2026-06-18 23:45:28] INFO  main.Server.Commands.CommandProcessor - Получена команда: PING
[2026-06-18 23:45:30] INFO  main.Server.Commands.CommandProcessor - Получена команда: PING
[2026-06-18 23:45:32] INFO  main.Server.Commands.CommandProcessor - Получена команда: PING
[2026-06-18 23:45:34] INFO  main.Server.Commands.CommandProcessor - Получена команда: PING
[2026-06-18 23:45:36] INFO  main.Server.Commands.CommandProcessor - Получена команда: PING
[2026-06-18 23:45:38] INFO  main.Server.Commands.CommandProcessor - Получена команда: PING
[2026-06-18 23:45:40] INFO  main.Server.Commands.CommandProcessor - Получена команда: PING
[2026-06-18 23:45:42] INFO  main.Server.Commands.CommandProcessor - Получена команда: PING
[2026-06-18 23:45:44] INFO  main.Server.Commands.CommandProcessor - Получена команда: PING
[2026-06-18 23:45:46] INFO  main.Server.Commands.CommandProcessor - Получена команда: PING
[2026-06-18 23:45:48] INFO  main.Server.Commands.CommandProcessor - Получена команда: PING
[2026-06-18 23:45:50] INFO  main.Server.Commands.CommandProcessor - Получена команда: PING
[2026-06-18 23:45:52] INFO  main.Server.Commands.CommandProcessor - Получена команда: PING
[2026-06-18 23:45:54] INFO  main.Server.Commands.CommandProcessor - Получена команда: PING
[2026-06-18 23:45:56] INFO  main.Server.Commands.CommandProcessor - Получена команда: PING
[2026-06-18 23:45:58] INFO  main.Server.Commands.CommandProcessor - Получена команда: PING
[2026-06-18 23:46:00] INFO  main.Server.Commands.CommandProcessor - Получена команда: PING
[2026-06-18 23:46:02] INFO  main.Server.Commands.CommandProcessor - Получена команда: PING
[2026-06-18 23:46:04] INFO  main.Server.Commands.CommandProcessor - Получена команда: PING
[2026-06-18 23:46:06] INFO  main.Server.Commands.CommandProcessor - Получена команда: PING
[2026-06-18 23:46:08] INFO  main.Server.Commands.CommandProcessor - Получена команда: PING
[2026-06-18 23:46:10] INFO  main.Server.Commands.CommandProcessor - Получена команда: PING
[2026-06-18 23:46:12] INFO  main.Server.Commands.CommandProcessor - Получена команда: PING
[2026-06-18 23:46:14] INFO  main.Server.Commands.CommandProcessor - Получена команда: PING
[2026-06-18 23:46:16] INFO  main.Server.Commands.CommandProcessor - Получена команда: PING
[2026-06-18 23:46:16] INFO  main.Server.Commands.CommandProcessor - Получена команда: REGISTER
[2026-06-18 23:46:18] INFO  main.Server.Commands.CommandProcessor - Получена команда: PING
[2026-06-18 23:46:20] INFO  main.Server.Commands.CommandProcessor - Получена команда: LOGIN
[2026-06-18 23:46:20] INFO  main.Server.Commands.CommandProcessor - Получена команда: PING
[2026-06-18 23:46:22] INFO  main.Server.Commands.CommandProcessor - Получена команда: PING
[2026-06-18 23:46:24] INFO  main.Server.Commands.CommandProcessor - Получена команда: PING
[2026-06-18 23:46:26] INFO  main.Server.Commands.CommandProcessor - Получена команда: PING
[2026-06-18 23:46:28] INFO  main.Server.Commands.CommandProcessor - Получена команда: PING
[2026-06-18 23:46:30] INFO  main.Server.Commands.CommandProcessor - Получена команда: PING
[2026-06-18 23:46:32] INFO  main.Server.Commands.CommandProcessor - Получена команда: PING
[2026-06-18 23:46:34] INFO  main.Server.Commands.CommandProcessor - Получена команда: PING
[2026-06-18 23:46:36] INFO  main.Server.Commands.CommandProcessor - Получена команда: PING
[2026-06-18 23:46:38] INFO  main.Server.Commands.CommandProcessor - Получена команда: PING
[2026-06-18 23:46:40] INFO  main.Server.Commands.CommandProcessor - Получена команда: PING
[2026-06-18 23:46:42] INFO  main.Server.Commands.CommandProcessor - Получена команда: PING
[2026-06-18 23:46:44] INFO  main.Server.Commands.CommandProcessor - Получена команда: PING
[2026-06-18 23:46:46] INFO  main.Server.Commands.CommandProcessor - Получена команда: PING
[2026-06-18 23:46:48] INFO  main.Server.Commands.CommandProcessor - Получена команда: PING
[2026-06-18 23:46:50] INFO  main.Server.Commands.CommandProcessor - Получена команда: PING
[2026-06-18 23:46:52] INFO  main.Server.Commands.CommandProcessor - Получена команда: PING
[2026-06-18 23:46:54] INFO  main.Server.Commands.CommandProcessor - Получена команда: PING
[2026-06-18 23:46:56] INFO  main.Server.Commands.CommandProcessor - Получена команда: PING
[2026-06-18 23:46:58] INFO  main.Server.Commands.CommandProcessor - Получена команда: PING
[2026-06-18 23:47:00] INFO  main.Server.Commands.CommandProcessor - Получена команда: PING
[2026-06-18 23:47:02] INFO  main.Server.Commands.CommandProcessor - Получена команда: PING
[2026-06-18 23:47:04] INFO  main.Server.Commands.CommandProcessor - Получена команда: PING
[2026-06-18 23:47:06] INFO  main.Server.Commands.CommandProcessor - Получена команда: PING
[2026-06-18 23:47:08] INFO  main.Server.Commands.CommandProcessor - Получена команда: PING
[2026-06-18 23:47:10] INFO  main.Server.Commands.CommandProcessor - Получена команда: PING
[2026-06-18 23:47:12] INFO  main.Server.Commands.CommandProcessor - Получена команда: PING
[2026-06-18 23:47:14] INFO  main.Server.Commands.CommandProcessor - Получена команда: PING
[2026-06-18 23:47:16] INFO  main.Server.Commands.CommandProcessor - Получена команда: PING
[2026-06-18 23:47:18] INFO  main.Server.Commands.CommandProcessor - Получена команда: PING
[2026-06-18 23:47:20] INFO  main.Server.Commands.CommandProcessor - Получена команда: PING
[2026-06-18 23:47:22] INFO  main.Server.Commands.CommandProcessor - Получена команда: PING
[2026-06-18 23:47:24] INFO  main.Server.Commands.CommandProcessor - Получена команда: PING
[2026-06-18 23:47:26] INFO  main.Server.Commands.CommandProcessor - Получена команда: PING
[2026-06-18 23:47:28] INFO  main.Server.Commands.CommandProcessor - Получена команда: PING
[2026-06-18 23:47:30] INFO  main.Server.Commands.CommandProcessor - Получена команда: PING
[2026-06-18 23:47:32] INFO  main.Server.Commands.CommandProcessor - Получена команда: PING
[2026-06-18 23:47:34] INFO  main.Server.Commands.CommandProcessor - Получена команда: PING
[2026-06-18 23:47:36] INFO  main.Server.Commands.CommandProcessor - Получена команда: PING
[2026-06-18 23:47:37] INFO  main.Server.ServerMain - Завершение JVM, сохранение коллекции
[2026-06-18 23:47:37] INFO  main.Server.Commands.CommandProcessor - Сохранение коллекции
[2026-06-18 23:47:54] INFO  main.Server.DatabaseManagment.DatabaseManager - База данных подключена
[2026-06-18 23:47:54] INFO  main.Server.FileManagment.FileManager - Файл прочитан: C:\Users\mongo\IdeaProjects\Lab5\test.xml
[2026-06-18 23:47:54] INFO  main.Server.Network.Server - Сервер запущен: 0.0.0.0:8731
[2026-06-18 23:47:56] INFO  main.Server.Network.Server - Клиент подключился: /127.0.0.1:49674
[2026-06-18 23:47:58] INFO  main.Server.Commands.CommandProcessor - Получена команда: PING
[2026-06-18 23:48:00] INFO  main.Server.Commands.CommandProcessor - Получена команда: LOGIN
[2026-06-18 23:48:00] INFO  main.Server.Commands.CommandProcessor - Получена команда: PING
[2026-06-18 23:48:02] INFO  main.Server.Commands.CommandProcessor - Получена команда: PING
[2026-06-18 23:48:04] INFO  main.Server.Commands.CommandProcessor - Получена команда: PING
[2026-06-18 23:48:06] INFO  main.Server.Commands.CommandProcessor - Получена команда: PING
[2026-06-18 23:48:08] INFO  main.Server.Commands.CommandProcessor - Получена команда: PING
[2026-06-18 23:48:10] INFO  main.Server.Commands.CommandProcessor - Получена команда: PING
[2026-06-18 23:48:12] INFO  main.Server.Commands.CommandProcessor - Получена команда: PING
[2026-06-18 23:48:14] INFO  main.Server.Commands.CommandProcessor - Получена команда: PING
[2026-06-18 23:48:16] INFO  main.Server.Commands.CommandProcessor - Получена команда: PING
[2026-06-18 23:48:18] INFO  main.Server.Commands.CommandProcessor - Получена команда: PING
[2026-06-18 23:48:20] INFO  main.Server.Commands.CommandProcessor - Получена команда: PING
[2026-06-18 23:48:22] INFO  main.Server.Commands.CommandProcessor - Получена команда: PING
[2026-06-18 23:48:24] INFO  main.Server.Commands.CommandProcessor - Получена команда: PING
[2026-06-18 23:48:26] INFO  main.Server.Commands.CommandProcessor - Получена команда: PING
[2026-06-18 23:48:28] INFO  main.Server.Commands.CommandProcessor - Получена команда: PING
[2026-06-18 23:48:30] INFO  main.Server.Commands.CommandProcessor - Получена команда: PING
[2026-06-18 23:48:32] INFO  main.Server.Commands.CommandProcessor - Получена команда: PING
[2026-06-18 23:48:34] INFO  main.Server.Commands.CommandProcessor - Получена команда: PING
[2026-06-18 23:48:36] INFO  main.Server.Commands.CommandProcessor - Получена команда: PING
[2026-06-18 23:48:38] INFO  main.Server.Commands.CommandProcessor - Получена команда: PING
[2026-06-18 23:48:40] INFO  main.Server.Commands.CommandProcessor - Получена команда: PING
[2026-06-18 23:48:42] INFO  main.Server.Commands.CommandProcessor - Получена команда: PING
[2026-06-18 23:48:44] INFO  main.Server.Commands.CommandProcessor - Получена команда: PING
[2026-06-18 23:48:46] INFO  main.Server.Commands.CommandProcessor - Получена команда: PING
[2026-06-18 23:48:49] INFO  main.Server.Commands.CommandProcessor - Получена команда: PING
[2026-06-18 23:48:51] INFO  main.Server.Commands.CommandProcessor - Получена команда: PING
[2026-06-18 23:48:53] INFO  main.Server.Commands.CommandProcessor - Получена команда: PING
[2026-06-18 23:48:55] INFO  main.Server.Commands.CommandProcessor - Получена команда: PING
[2026-06-18 23:48:57] INFO  main.Server.Commands.CommandProcessor - Получена команда: PING
[2026-06-18 23:48:59] INFO  main.Server.Commands.CommandProcessor - Получена команда: PING
[2026-06-18 23:49:01] INFO  main.Server.Commands.CommandProcessor - Получена команда: PING
[2026-06-18 23:49:03] INFO  main.Server.Commands.CommandProcessor - Получена команда: PING
[2026-06-18 23:49:05] INFO  main.Server.Commands.CommandProcessor - Получена команда: PING
[2026-06-18 23:49:07] INFO  main.Server.Commands.CommandProcessor - Получена команда: PING
[2026-06-18 23:49:09] INFO  main.Server.Commands.CommandProcessor - Получена команда: PING
[2026-06-18 23:49:10] INFO  main.Server.ServerMain - Завершение JVM, сохранение коллекции
[2026-06-18 23:49:10] INFO  main.Server.Commands.CommandProcessor - Сохранение коллекции
[2026-06-18 23:49:15] INFO  main.Server.DatabaseManagment.DatabaseManager - База данных подключена
[2026-06-18 23:49:15] INFO  main.Server.FileManagment.FileManager - Файл прочитан: C:\Users\mongo\IdeaProjects\Lab5\test.xml
[2026-06-18 23:49:15] INFO  main.Server.Network.Server - Сервер запущен: 0.0.0.0:8731
[2026-06-18 23:49:17] INFO  main.Server.Network.Server - Клиент подключился: /127.0.0.1:65279
[2026-06-18 23:49:19] INFO  main.Server.Commands.CommandProcessor - Получена команда: PING
[2026-06-18 23:49:21] INFO  main.Server.Commands.CommandProcessor - Получена команда: PING
[2026-06-18 23:49:22] INFO  main.Server.Commands.CommandProcessor - Получена команда: LOGIN
[2026-06-18 23:49:23] INFO  main.Server.Commands.CommandProcessor - Получена команда: PING
[2026-06-18 23:49:25] INFO  main.Server.Commands.CommandProcessor - Получена команда: PING
[2026-06-18 23:49:27] INFO  main.Server.Commands.CommandProcessor - Получена команда: PING
[2026-06-18 23:49:29] INFO  main.Server.Commands.CommandProcessor - Получена команда: PING
[2026-06-18 23:49:32] INFO  main.Server.Commands.CommandProcessor - Получена команда: PING
[2026-06-18 23:49:34] INFO  main.Server.Commands.CommandProcessor - Получена команда: PING
[2026-06-18 23:49:36] INFO  main.Server.Commands.CommandProcessor - Получена команда: PING
[2026-06-18 23:49:38] INFO  main.Server.Commands.CommandProcessor - Получена команда: PING
[2026-06-18 23:49:40] INFO  main.Server.Commands.CommandProcessor - Получена команда: PING
[2026-06-18 23:49:42] INFO  main.Server.Commands.CommandProcessor - Получена команда: PING
[2026-06-18 23:49:44] INFO  main.Server.Commands.CommandProcessor - Получена команда: PING
[2026-06-18 23:49:46] INFO  main.Server.Commands.CommandProcessor - Получена команда: PING
[2026-06-18 23:49:48] INFO  main.Server.Commands.CommandProcessor - Получена команда: PING
[2026-06-18 23:49:50] INFO  main.Server.Commands.CommandProcessor - Получена команда: PING
[2026-06-18 23:49:52] INFO  main.Server.Commands.CommandProcessor - Получена команда: PING
[2026-06-18 23:49:54] INFO  main.Server.Commands.CommandProcessor - Получена команда: PING
[2026-06-18 23:49:56] INFO  main.Server.Commands.CommandProcessor - Получена команда: PING
[2026-06-18 23:49:58] INFO  main.Server.Commands.CommandProcessor - Получена команда: PING
[2026-06-18 23:50:00] INFO  main.Server.Commands.CommandProcessor - Получена команда: PING
[2026-06-18 23:50:02] INFO  main.Server.Commands.CommandProcessor - Получена команда: PING
[2026-06-18 23:50:03] INFO  main.Server.ServerMain - Завершение JVM, сохранение коллекции
[2026-06-18 23:50:03] INFO  main.Server.Commands.CommandProcessor - Сохранение коллекции
[2026-06-18 23:50:07] INFO  main.Server.DatabaseManagment.DatabaseManager - База данных подключена
[2026-06-18 23:50:07] INFO  main.Server.FileManagment.FileManager - Файл прочитан: C:\Users\mongo\IdeaProjects\Lab5\test.xml
[2026-06-18 23:50:07] INFO  main.Server.Network.Server - Сервер запущен: 0.0.0.0:8731
[2026-06-18 23:50:10] INFO  main.Server.Network.Server - Клиент подключился: /127.0.0.1:50136
[2026-06-18 23:50:12] INFO  main.Server.Commands.CommandProcessor - Получена команда: PING
[2026-06-18 23:50:14] INFO  main.Server.Commands.CommandProcessor - Получена команда: LOGIN
[2026-06-18 23:50:14] INFO  main.Server.Commands.CommandProcessor - Получена команда: PING
[2026-06-18 23:50:16] INFO  main.Server.Commands.CommandProcessor - Получена команда: PING
[2026-06-18 23:50:18] INFO  main.Server.Commands.CommandProcessor - Получена команда: PING
[2026-06-18 23:50:20] INFO  main.Server.Commands.CommandProcessor - Получена команда: PING
[2026-06-18 23:50:22] INFO  main.Server.Commands.CommandProcessor - Получена команда: PING
[2026-06-18 23:50:24] INFO  main.Server.Commands.CommandProcessor - Получена команда: PING
[2026-06-18 23:50:26] INFO  main.Server.Commands.CommandProcessor - Получена команда: PING
[2026-06-18 23:50:28] INFO  main.Server.Commands.CommandProcessor - Получена команда: PING
[2026-06-18 23:50:30] INFO  main.Server.Commands.CommandProcessor - Получена команда: PING
[2026-06-18 23:50:32] INFO  main.Server.Commands.CommandProcessor - Получена команда: PING
[2026-06-18 23:50:34] INFO  main.Server.Commands.CommandProcessor - Получена команда: PING
[2026-06-18 23:50:36] INFO  main.Server.Commands.CommandProcessor - Получена команда: PING
[2026-06-18 23:50:38] INFO  main.Server.Commands.CommandProcessor - Получена команда: PING
[2026-06-18 23:50:40] INFO  main.Server.Commands.CommandProcessor - Получена команда: PING
[2026-06-18 23:50:42] INFO  main.Server.Commands.CommandProcessor - Получена команда: PING
[2026-06-18 23:50:44] INFO  main.Server.Commands.CommandProcessor - Получена команда: PING
[2026-06-18 23:50:46] INFO  main.Server.Commands.CommandProcessor - Получена команда: PING
[2026-06-18 23:50:48] INFO  main.Server.Commands.CommandProcessor - Получена команда: PING
[2026-06-18 23:50:50] INFO  main.Server.Commands.CommandProcessor - Получена команда: PING
[2026-06-18 23:50:51] INFO  main.Server.Network.Server - Клиент отключился
[2026-06-18 23:50:51] INFO  main.Server.ServerMain - Завершение JVM, сохранение коллекции
[2026-06-18 23:50:51] INFO  main.Server.Commands.CommandProcessor - Сохранение коллекции
[2026-06-18 23:50:56] INFO  main.Server.DatabaseManagment.DatabaseManager - База данных подключена
[2026-06-18 23:50:56] INFO  main.Server.FileManagment.FileManager - Файл прочитан: C:\Users\mongo\IdeaProjects\Lab5\test.xml
[2026-06-18 23:50:56] INFO  main.Server.Network.Server - Сервер запущен: 0.0.0.0:8731
[2026-06-18 23:50:58] INFO  main.Server.Network.Server - Клиент подключился: /127.0.0.1:64454
[2026-06-18 23:51:00] INFO  main.Server.Commands.CommandProcessor - Получена команда: PING
[2026-06-18 23:51:02] INFO  main.Server.Commands.CommandProcessor - Получена команда: LOGIN
[2026-06-18 23:51:02] INFO  main.Server.Commands.CommandProcessor - Получена команда: PING
[2026-06-18 23:51:04] INFO  main.Server.Commands.CommandProcessor - Получена команда: PING
[2026-06-18 23:51:06] INFO  main.Server.Commands.CommandProcessor - Получена команда: PING
[2026-06-18 23:51:08] INFO  main.Server.Commands.CommandProcessor - Получена команда: PING
[2026-06-18 23:51:10] INFO  main.Server.Commands.CommandProcessor - Получена команда: PING
[2026-06-18 23:51:12] INFO  main.Server.Commands.CommandProcessor - Получена команда: PING
[2026-06-18 23:51:14] INFO  main.Server.Commands.CommandProcessor - Получена команда: PING
[2026-06-18 23:51:16] INFO  main.Server.Commands.CommandProcessor - Получена команда: PING
[2026-06-18 23:51:18] INFO  main.Server.Commands.CommandProcessor - Получена команда: PING
[2026-06-18 23:51:20] INFO  main.Server.Commands.CommandProcessor - Получена команда: PING
[2026-06-18 23:51:22] INFO  main.Server.Commands.CommandProcessor - Получена команда: PING
[2026-06-18 23:51:24] INFO  main.Server.Commands.CommandProcessor - Получена команда: PING
[2026-06-18 23:51:26] INFO  main.Server.Commands.CommandProcessor - Получена команда: PING
[2026-06-18 23:51:28] INFO  main.Server.Commands.CommandProcessor - Получена команда: PING
[2026-06-18 23:51:30] INFO  main.Server.Commands.CommandProcessor - Получена команда: PING
[2026-06-18 23:51:32] INFO  main.Server.Commands.CommandProcessor - Получена команда: PING
[2026-06-18 23:51:34] INFO  main.Server.Commands.CommandProcessor - Получена команда: PING
[2026-06-18 23:51:36] INFO  main.Server.Commands.CommandProcessor - Получена команда: PING
[2026-06-18 23:51:38] INFO  main.Server.Commands.CommandProcessor - Получена команда: PING
[2026-06-18 23:51:40] INFO  main.Server.Commands.CommandProcessor - Получена команда: PING
[2026-06-18 23:51:42] INFO  main.Server.Commands.CommandProcessor - Получена команда: PING
[2026-06-18 23:51:44] INFO  main.Server.Commands.CommandProcessor - Получена команда: PING
[2026-06-18 23:51:46] INFO  main.Server.Commands.CommandProcessor - Получена команда: PING
[2026-06-18 23:51:48] INFO  main.Server.Commands.CommandProcessor - Получена команда: PING
[2026-06-18 23:51:50] INFO  main.Server.Commands.CommandProcessor - Получена команда: PING
[2026-06-18 23:51:52] INFO  main.Server.Commands.CommandProcessor - Получена команда: PING
[2026-06-18 23:51:54] INFO  main.Server.Commands.CommandProcessor - Получена команда: PING
[2026-06-18 23:51:56] INFO  main.Server.Commands.CommandProcessor - Получена команда: PING
[2026-06-18 23:51:58] INFO  main.Server.Commands.CommandProcessor - Получена команда: PING
[2026-06-18 23:52:00] INFO  main.Server.Commands.CommandProcessor - Получена команда: PING
[2026-06-18 23:52:02] INFO  main.Server.Commands.CommandProcessor - Получена команда: PING
[2026-06-18 23:52:05] INFO  main.Server.Commands.CommandProcessor - Получена команда: PING
[2026-06-18 23:52:07] INFO  main.Server.Commands.CommandProcessor - Получена команда: PING
[2026-06-18 23:52:09] INFO  main.Server.Commands.CommandProcessor - Получена команда: PING
[2026-06-18 23:52:11] INFO  main.Server.Commands.CommandProcessor - Получена команда: PING
[2026-06-18 23:52:13] INFO  main.Server.Commands.CommandProcessor - Получена команда: PING
[2026-06-18 23:52:15] INFO  main.Server.Commands.CommandProcessor - Получена команда: PING
[2026-06-18 23:52:17] INFO  main.Server.Commands.CommandProcessor - Получена команда: PING
[2026-06-18 23:52:19] INFO  main.Server.Commands.CommandProcessor - Получена команда: PING
[2026-06-18 23:52:21] INFO  main.Server.Commands.CommandProcessor - Получена команда: PING
[2026-06-18 23:52:23] INFO  main.Server.Commands.CommandProcessor - Получена команда: PING
[2026-06-18 23:52:25] INFO  main.Server.Commands.CommandProcessor - Получена команда: PING
[2026-06-18 23:52:27] INFO  main.Server.Commands.CommandProcessor - Получена команда: PING
[2026-06-18 23:52:29] INFO  main.Server.Commands.CommandProcessor - Получена команда: PING
[2026-06-18 23:52:31] INFO  main.Server.Commands.CommandProcessor - Получена команда: PING
[2026-06-18 23:52:33] INFO  main.Server.Commands.CommandProcessor - Получена команда: PING
[2026-06-18 23:52:35] INFO  main.Server.Commands.CommandProcessor - Получена команда: PING
[2026-06-18 23:52:36] INFO  main.Server.Commands.CommandProcessor - Получена команда: LOGIN
[2026-06-18 23:52:37] INFO  main.Server.Commands.CommandProcessor - Получена команда: PING
[2026-06-18 23:52:39] INFO  main.Server.Commands.CommandProcessor - Получена команда: PING
[2026-06-18 23:52:41] INFO  main.Server.Commands.CommandProcessor - Получена команда: PING
[2026-06-18 23:52:43] INFO  main.Server.Commands.CommandProcessor - Получена команда: PING
[2026-06-18 23:52:45] INFO  main.Server.Commands.CommandProcessor - Получена команда: PING
[2026-06-18 23:52:47] INFO  main.Server.Commands.CommandProcessor - Получена команда: PING
[2026-06-18 23:52:49] INFO  main.Server.Commands.CommandProcessor - Получена команда: PING
[2026-06-18 23:52:51] INFO  main.Server.Commands.CommandProcessor - Получена команда: PING
[2026-06-18 23:52:53] INFO  main.Server.Commands.CommandProcessor - Получена команда: PING
[2026-06-18 23:52:55] INFO  main.Server.Commands.CommandProcessor - Получена команда: PING
[2026-06-18 23:52:57] INFO  main.Server.Commands.CommandProcessor - Получена команда: PING
[2026-06-18 23:52:59] INFO  main.Server.Commands.CommandProcessor - Получена команда: PING
[2026-06-18 23:53:01] INFO  main.Server.Commands.CommandProcessor - Получена команда: PING
[2026-06-18 23:53:03] INFO  main.Server.Commands.CommandProcessor - Получена команда: PING
[2026-06-18 23:53:05] INFO  main.Server.Commands.CommandProcessor - Получена команда: PING
[2026-06-18 23:53:07] INFO  main.Server.Commands.CommandProcessor - Получена команда: PING
[2026-06-18 23:53:09] INFO  main.Server.Commands.CommandProcessor - Получена команда: PING
[2026-06-18 23:53:11] INFO  main.Server.Commands.CommandProcessor - Получена команда: PING
[2026-06-18 23:53:13] INFO  main.Server.Commands.CommandProcessor - Получена команда: PING
[2026-06-18 23:53:15] INFO  main.Server.Commands.CommandProcessor - Получена команда: PING
[2026-06-18 23:53:17] INFO  main.Server.Commands.CommandProcessor - Получена команда: PING
[2026-06-18 23:53:19] INFO  main.Server.Commands.CommandProcessor - Получена команда: PING
[2026-06-18 23:53:21] INFO  main.Server.Commands.CommandProcessor - Получена команда: PING
[2026-06-18 23:53:23] INFO  main.Server.Commands.CommandProcessor - Получена команда: PING
[2026-06-18 23:53:25] INFO  main.Server.Commands.CommandProcessor - Получена команда: PING
[2026-06-18 23:53:27] INFO  main.Server.Commands.CommandProcessor - Получена команда: PING
[2026-06-18 23:53:29] INFO  main.Server.Commands.CommandProcessor - Получена команда: PING
[2026-06-18 23:53:31] INFO  main.Server.Commands.CommandProcessor - Получена команда: PING
[2026-06-18 23:53:33] INFO  main.Server.Commands.CommandProcessor - Получена команда: PING
[2026-06-18 23:53:35] INFO  main.Server.Commands.CommandProcessor - Получена команда: PING
[2026-06-18 23:53:37] INFO  main.Server.Commands.CommandProcessor - Получена команда: PING
[2026-06-18 23:53:39] INFO  main.Server.Commands.CommandProcessor - Получена команда: PING
[2026-06-18 23:53:41] INFO  main.Server.Commands.CommandProcessor - Получена команда: PING
[2026-06-18 23:53:43] INFO  main.Server.Commands.CommandProcessor - Получена команда: PING
[2026-06-18 23:53:45] INFO  main.Server.Commands.CommandProcessor - Получена команда: PING
[2026-06-18 23:53:47] INFO  main.Server.Commands.CommandProcessor - Получена команда: PING
[2026-06-18 23:53:49] INFO  main.Server.Commands.CommandProcessor - Получена команда: PING
[2026-06-18 23:53:51] INFO  main.Server.Commands.CommandProcessor - Получена команда: PING
[2026-06-18 23:53:53] INFO  main.Server.Commands.CommandProcessor - Получена команда: PING
[2026-06-18 23:53:55] INFO  main.Server.Commands.CommandProcessor - Получена команда: PING
[2026-06-18 23:53:56] INFO  main.Server.ServerMain - Завершение JVM, сохранение коллекции
[2026-06-18 23:53:56] INFO  main.Server.Commands.CommandProcessor - Сохранение коллекции
[2026-06-18 23:53:56] INFO  main.Server.Network.Server - Клиент отключился
[2026-06-18 23:56:35] INFO  main.Server.DatabaseManagment.DatabaseManager - База данных подключена
[2026-06-18 23:56:35] INFO  main.Server.FileManagment.FileManager - Файл прочитан: C:\Users\mongo\IdeaProjects\Lab5\test.xml
[2026-06-18 23:56:35] INFO  main.Server.Network.Server - Сервер запущен: 0.0.0.0:8731
[2026-06-18 23:56:37] INFO  main.Server.Network.Server - Клиент подключился: /127.0.0.1:56032
[2026-06-18 23:56:39] INFO  main.Server.Commands.CommandProcessor - Получена команда: PING
[2026-06-18 23:56:41] INFO  main.Server.Commands.CommandProcessor - Получена команда: PING
[2026-06-18 23:56:42] INFO  main.Server.Commands.CommandProcessor - Получена команда: LOGIN
[2026-06-18 23:56:43] INFO  main.Server.Commands.CommandProcessor - Получена команда: PING
[2026-06-18 23:56:44] INFO  main.Server.Network.Server - Клиент отключился
[2026-06-18 23:56:44] INFO  main.Server.ServerMain - Завершение JVM, сохранение коллекции
[2026-06-18 23:56:44] INFO  main.Server.Commands.CommandProcessor - Коллекция не сохранена, поскольку режим записи в файл отключён
[2026-06-19 13:37:29] INFO  main.Server.FileManagment.FileManager - Файл прочитан: C:\Users\mongo\IdeaProjects\Lab5\test.xml
[2026-06-19 13:37:29] INFO  main.Server.Network.Server - Сервер запущен: 0.0.0.0:8731
[2026-06-19 13:37:33] INFO  main.Server.Network.Server - Клиент подключился: /127.0.0.1:50540
[2026-06-19 13:37:35] INFO  main.Server.Commands.CommandProcessor - Получена команда: PING
[2026-06-19 13:37:37] INFO  main.Server.Commands.CommandProcessor - Получена команда: PING
[2026-06-19 13:37:38] INFO  main.Server.ServerMain - Завершение JVM, сохранение коллекции
[2026-06-19 13:37:38] INFO  main.Server.Commands.CommandProcessor - Коллекция не сохранена, поскольку режим записи в файл отключён
[2026-06-19 18:12:36] INFO  main.Server.FileManagment.FileManager - Файл прочитан: C:\Users\mongo\IdeaProjects\Lab5\test.xml
[2026-06-19 18:12:36] INFO  main.Server.Network.Server - Сервер запущен: 0.0.0.0:8731
[2026-06-19 18:12:37] INFO  main.Server.ServerMain - Завершение JVM, сохранение коллекции
[2026-06-19 18:12:37] INFO  main.Server.Commands.CommandProcessor - Коллекция не сохранена, поскольку режим записи в файл отключён
[2026-06-19 18:13:20] INFO  main.Server.DatabaseManagment.DatabaseManager - База данных подключена
[2026-06-19 18:13:20] INFO  main.Server.FileManagment.FileManager - Файл прочитан: C:\Users\mongo\IdeaProjects\Lab5\test.xml
[2026-06-19 18:13:20] INFO  main.Server.Network.Server - Сервер запущен: 0.0.0.0:8731
[2026-06-19 18:13:22] INFO  main.Server.Network.Server - Клиент подключился: /127.0.0.1:57873
[2026-06-19 18:13:56] INFO  main.Server.ServerMain - Завершение JVM, сохранение коллекции
[2026-06-19 18:13:56] INFO  main.Server.Commands.CommandProcessor - Коллекция не сохранена, поскольку режим записи в файл отключён
[2026-06-19 18:13:56] INFO  main.Server.Network.Server - Клиент отключился
[2026-06-19 18:26:58] INFO  main.Server.DatabaseManagment.DatabaseManager - База данных подключена
[2026-06-19 18:26:58] INFO  main.Server.FileManagment.FileManager - Файл прочитан: C:\Users\mongo\IdeaProjects\Lab5\test.xml
[2026-06-19 18:26:58] INFO  main.Server.Network.Server - Сервер запущен: 0.0.0.0:8731
[2026-06-19 18:27:00] INFO  main.Server.Network.Server - Клиент подключился: /127.0.0.1:53614
[2026-06-19 18:27:34] INFO  main.Server.Commands.CommandProcessor - Получена команда: LOGIN
[2026-06-19 18:29:38] INFO  main.Server.Network.Server - Клиент отключился
[2026-06-19 18:29:38] INFO  main.Server.ServerMain - Завершение JVM, сохранение коллекции
[2026-06-19 18:29:38] INFO  main.Server.Commands.CommandProcessor - Коллекция не сохранена, поскольку режим записи в файл отключён
[2026-06-19 18:41:22] INFO  main.Server.DatabaseManagment.DatabaseManager - База данных подключена
[2026-06-19 18:41:22] INFO  main.Server.FileManagment.FileManager - Файл прочитан: C:\Users\mongo\IdeaProjects\Lab5\test.xml
[2026-06-19 18:41:22] INFO  main.Server.Network.Server - Сервер запущен: 0.0.0.0:8731
[2026-06-19 18:41:25] INFO  main.Server.Network.Server - Клиент подключился: /127.0.0.1:55125
[2026-06-19 18:41:27] INFO  main.Server.Commands.CommandProcessor - Получена команда: PING
[2026-06-19 18:41:29] INFO  main.Server.Commands.CommandProcessor - Получена команда: PING
[2026-06-19 18:41:31] INFO  main.Server.Commands.CommandProcessor - Получена команда: PING
[2026-06-19 18:41:33] INFO  main.Server.Commands.CommandProcessor - Получена команда: PING
[2026-06-19 18:41:35] INFO  main.Server.Commands.CommandProcessor - Получена команда: PING
[2026-06-19 18:41:37] INFO  main.Server.Commands.CommandProcessor - Получена команда: PING
[2026-06-19 18:41:39] INFO  main.Server.Commands.CommandProcessor - Получена команда: PING
[2026-06-19 18:41:41] INFO  main.Server.Commands.CommandProcessor - Получена команда: PING
[2026-06-19 18:41:43] INFO  main.Server.Commands.CommandProcessor - Получена команда: PING
[2026-06-19 18:41:45] INFO  main.Server.Commands.CommandProcessor - Получена команда: PING
[2026-06-19 18:41:47] INFO  main.Server.Commands.CommandProcessor - Получена команда: PING
[2026-06-19 18:41:49] INFO  main.Server.Commands.CommandProcessor - Получена команда: PING
[2026-06-19 18:41:51] INFO  main.Server.Commands.CommandProcessor - Получена команда: PING
[2026-06-19 18:41:53] INFO  main.Server.Commands.CommandProcessor - Получена команда: PING
[2026-06-19 18:41:55] INFO  main.Server.Commands.CommandProcessor - Получена команда: PING
[2026-06-19 18:41:57] INFO  main.Server.Commands.CommandProcessor - Получена команда: PING
[2026-06-19 18:41:59] INFO  main.Server.Commands.CommandProcessor - Получена команда: PING
[2026-06-19 18:42:01] INFO  main.Server.Commands.CommandProcessor - Получена команда: PING
[2026-06-19 18:42:03] INFO  main.Server.Commands.CommandProcessor - Получена команда: PING
[2026-06-19 18:42:05] INFO  main.Server.Commands.CommandProcessor - Получена команда: PING
[2026-06-19 18:42:07] INFO  main.Server.Commands.CommandProcessor - Получена команда: PING
[2026-06-19 18:42:09] INFO  main.Server.Commands.CommandProcessor - Получена команда: PING
[2026-06-19 18:42:11] INFO  main.Server.Commands.CommandProcessor - Получена команда: PING
[2026-06-19 18:42:13] INFO  main.Server.Commands.CommandProcessor - Получена команда: PING
[2026-06-19 18:42:15] INFO  main.Server.Commands.CommandProcessor - Получена команда: PING
[2026-06-19 18:42:17] INFO  main.Server.Commands.CommandProcessor - Получена команда: PING
[2026-06-19 18:42:19] INFO  main.Server.Commands.CommandProcessor - Получена команда: PING
[2026-06-19 18:42:21] INFO  main.Server.Commands.CommandProcessor - Получена команда: PING
[2026-06-19 18:42:23] INFO  main.Server.Commands.CommandProcessor - Получена команда: PING
[2026-06-19 18:42:25] INFO  main.Server.Commands.CommandProcessor - Получена команда: PING
[2026-06-19 18:42:27] INFO  main.Server.Commands.CommandProcessor - Получена команда: PING
[2026-06-19 18:42:29] INFO  main.Server.Commands.CommandProcessor - Получена команда: PING
[2026-06-19 18:42:31] INFO  main.Server.Commands.CommandProcessor - Получена команда: PING
[2026-06-19 18:42:33] INFO  main.Server.Commands.CommandProcessor - Получена команда: PING
[2026-06-19 18:42:35] INFO  main.Server.Commands.CommandProcessor - Получена команда: PING
[2026-06-19 18:42:37] INFO  main.Server.Commands.CommandProcessor - Получена команда: PING
[2026-06-19 18:42:39] INFO  main.Server.Commands.CommandProcessor - Получена команда: PING
[2026-06-19 18:42:41] INFO  main.Server.Commands.CommandProcessor - Получена команда: PING
[2026-06-19 18:42:43] INFO  main.Server.Commands.CommandProcessor - Получена команда: PING
[2026-06-19 18:42:45] INFO  main.Server.Commands.CommandProcessor - Получена команда: PING
[2026-06-19 18:42:47] INFO  main.Server.Commands.CommandProcessor - Получена команда: PING
[2026-06-19 18:42:49] INFO  main.Server.Commands.CommandProcessor - Получена команда: PING
[2026-06-19 18:42:51] INFO  main.Server.Commands.CommandProcessor - Получена команда: PING
[2026-06-19 18:42:53] INFO  main.Server.Commands.CommandProcessor - Получена команда: PING
[2026-06-19 18:42:55] INFO  main.Server.Commands.CommandProcessor - Получена команда: PING
[2026-06-19 18:42:57] INFO  main.Server.Commands.CommandProcessor - Получена команда: PING
[2026-06-19 18:42:59] INFO  main.Server.Commands.CommandProcessor - Получена команда: PING
[2026-06-19 18:43:01] INFO  main.Server.Commands.CommandProcessor - Получена команда: PING
[2026-06-19 18:43:03] INFO  main.Server.Commands.CommandProcessor - Получена команда: PING
[2026-06-19 18:43:05] INFO  main.Server.Commands.CommandProcessor - Получена команда: PING
[2026-06-19 18:43:07] INFO  main.Server.Commands.CommandProcessor - Получена команда: PING
[2026-06-19 18:43:09] INFO  main.Server.Commands.CommandProcessor - Получена команда: PING
[2026-06-19 18:43:11] INFO  main.Server.Commands.CommandProcessor - Получена команда: PING
[2026-06-19 18:43:13] INFO  main.Server.Commands.CommandProcessor - Получена команда: PING
[2026-06-19 18:43:15] INFO  main.Server.Commands.CommandProcessor - Получена команда: PING
[2026-06-19 18:43:17] INFO  main.Server.Commands.CommandProcessor - Получена команда: PING
[2026-06-19 18:43:19] INFO  main.Server.Commands.CommandProcessor - Получена команда: PING
[2026-06-19 18:43:21] INFO  main.Server.Commands.CommandProcessor - Получена команда: PING
[2026-06-19 18:43:23] INFO  main.Server.Commands.CommandProcessor - Получена команда: PING
[2026-06-19 18:43:25] INFO  main.Server.Commands.CommandProcessor - Получена команда: PING
[2026-06-19 18:43:27] INFO  main.Server.Commands.CommandProcessor - Получена команда: PING
[2026-06-19 18:43:29] INFO  main.Server.Commands.CommandProcessor - Получена команда: PING
[2026-06-19 18:43:31] INFO  main.Server.Commands.CommandProcessor - Получена команда: PING
[2026-06-19 18:43:33] INFO  main.Server.Commands.CommandProcessor - Получена команда: PING
[2026-06-19 18:43:35] INFO  main.Server.Commands.CommandProcessor - Получена команда: PING
[2026-06-19 18:43:38] INFO  main.Server.Commands.CommandProcessor - Получена команда: PING
[2026-06-19 18:43:40] INFO  main.Server.Commands.CommandProcessor - Получена команда: PING
[2026-06-19 18:43:42] INFO  main.Server.Commands.CommandProcessor - Получена команда: PING
[2026-06-19 18:43:44] INFO  main.Server.Commands.CommandProcessor - Получена команда: PING
[2026-06-19 18:43:46] INFO  main.Server.Commands.CommandProcessor - Получена команда: PING
[2026-06-19 18:43:48] INFO  main.Server.Commands.CommandProcessor - Получена команда: PING
[2026-06-19 18:43:50] INFO  main.Server.Commands.CommandProcessor - Получена команда: PING
[2026-06-19 18:43:52] INFO  main.Server.Commands.CommandProcessor - Получена команда: PING
[2026-06-19 18:43:54] INFO  main.Server.Commands.CommandProcessor - Получена команда: PING
[2026-06-19 18:43:56] INFO  main.Server.Commands.CommandProcessor - Получена команда: PING
[2026-06-19 18:43:58] INFO  main.Server.Commands.CommandProcessor - Получена команда: PING
[2026-06-19 18:44:00] INFO  main.Server.Commands.CommandProcessor - Получена команда: PING
[2026-06-19 18:44:02] INFO  main.Server.Commands.CommandProcessor - Получена команда: PING
[2026-06-19 18:44:04] INFO  main.Server.Commands.CommandProcessor - Получена команда: PING
[2026-06-19 18:44:06] INFO  main.Server.Commands.CommandProcessor - Получена команда: PING
[2026-06-19 18:44:08] INFO  main.Server.Commands.CommandProcessor - Получена команда: PING
[2026-06-19 18:44:10] INFO  main.Server.Commands.CommandProcessor - Получена команда: PING
[2026-06-19 18:44:12] INFO  main.Server.Commands.CommandProcessor - Получена команда: PING
[2026-06-19 18:44:14] INFO  main.Server.Commands.CommandProcessor - Получена команда: PING
[2026-06-19 18:44:16] INFO  main.Server.Commands.CommandProcessor - Получена команда: PING
[2026-06-19 18:44:18] INFO  main.Server.Commands.CommandProcessor - Получена команда: PING
[2026-06-19 18:44:20] INFO  main.Server.Commands.CommandProcessor - Получена команда: PING
[2026-06-19 18:44:22] INFO  main.Server.Commands.CommandProcessor - Получена команда: PING
[2026-06-19 18:44:24] INFO  main.Server.Commands.CommandProcessor - Получена команда: PING
[2026-06-19 18:44:26] INFO  main.Server.Commands.CommandProcessor - Получена команда: PING
[2026-06-19 18:44:28] INFO  main.Server.Commands.CommandProcessor - Получена команда: PING
[2026-06-19 18:44:30] INFO  main.Server.Commands.CommandProcessor - Получена команда: PING
[2026-06-19 18:44:32] INFO  main.Server.Commands.CommandProcessor - Получена команда: PING
[2026-06-19 18:44:34] INFO  main.Server.Commands.CommandProcessor - Получена команда: PING
[2026-06-19 18:44:36] INFO  main.Server.Commands.CommandProcessor - Получена команда: PING
[2026-06-19 18:44:38] INFO  main.Server.Commands.CommandProcessor - Получена команда: PING
[2026-06-19 18:44:40] INFO  main.Server.Commands.CommandProcessor - Получена команда: PING
[2026-06-19 18:44:42] INFO  main.Server.Commands.CommandProcessor - Получена команда: PING
[2026-06-19 18:44:44] INFO  main.Server.Commands.CommandProcessor - Получена команда: PING
[2026-06-19 18:44:46] INFO  main.Server.Commands.CommandProcessor - Получена команда: PING
[2026-06-19 18:44:48] INFO  main.Server.Commands.CommandProcessor - Получена команда: PING
[2026-06-19 18:44:50] INFO  main.Server.Commands.CommandProcessor - Получена команда: PING
[2026-06-19 18:44:52] INFO  main.Server.Commands.CommandProcessor - Получена команда: PING
[2026-06-19 18:44:54] INFO  main.Server.Commands.CommandProcessor - Получена команда: PING
[2026-06-19 18:44:56] INFO  main.Server.Commands.CommandProcessor - Получена команда: PING
[2026-06-19 18:44:58] INFO  main.Server.Commands.CommandProcessor - Получена команда: PING
[2026-06-19 18:45:00] INFO  main.Server.Commands.CommandProcessor - Получена команда: PING
[2026-06-19 18:45:02] INFO  main.Server.Commands.CommandProcessor - Получена команда: PING
[2026-06-19 18:45:04] INFO  main.Server.Commands.CommandProcessor - Получена команда: PING
[2026-06-19 18:45:06] INFO  main.Server.Commands.CommandProcessor - Получена команда: PING
[2026-06-19 18:45:08] INFO  main.Server.Commands.CommandProcessor - Получена команда: PING
[2026-06-19 18:45:10] INFO  main.Server.Commands.CommandProcessor - Получена команда: PING
[2026-06-19 18:45:12] INFO  main.Server.Commands.CommandProcessor - Получена команда: PING
[2026-06-19 18:45:14] INFO  main.Server.Commands.CommandProcessor - Получена команда: PING
[2026-06-19 18:45:16] INFO  main.Server.Commands.CommandProcessor - Получена команда: PING
[2026-06-19 18:45:18] INFO  main.Server.Commands.CommandProcessor - Получена команда: PING
[2026-06-19 18:45:20] INFO  main.Server.Commands.CommandProcessor - Получена команда: PING
[2026-06-19 18:45:22] INFO  main.Server.Commands.CommandProcessor - Получена команда: PING
[2026-06-19 18:45:24] INFO  main.Server.Commands.CommandProcessor - Получена команда: PING
[2026-06-19 18:45:26] INFO  main.Server.Commands.CommandProcessor - Получена команда: PING
[2026-06-19 18:45:28] INFO  main.Server.Commands.CommandProcessor - Получена команда: PING
[2026-06-19 18:45:30] INFO  main.Server.Commands.CommandProcessor - Получена команда: PING
[2026-06-19 18:45:32] INFO  main.Server.Commands.CommandProcessor - Получена команда: PING
[2026-06-19 18:45:34] INFO  main.Server.Commands.CommandProcessor - Получена команда: PING
[2026-06-19 18:45:36] INFO  main.Server.Commands.CommandProcessor - Получена команда: PING
[2026-06-19 18:45:38] INFO  main.Server.Commands.CommandProcessor - Получена команда: PING
[2026-06-19 18:45:40] INFO  main.Server.Commands.CommandProcessor - Получена команда: PING
[2026-06-19 18:45:42] INFO  main.Server.Commands.CommandProcessor - Получена команда: PING
[2026-06-19 18:45:44] INFO  main.Server.Commands.CommandProcessor - Получена команда: PING
[2026-06-19 18:45:46] INFO  main.Server.Commands.CommandProcessor - Получена команда: PING
[2026-06-19 18:45:48] INFO  main.Server.Commands.CommandProcessor - Получена команда: PING
[2026-06-19 18:45:50] INFO  main.Server.Commands.CommandProcessor - Получена команда: PING
[2026-06-19 18:45:52] INFO  main.Server.Commands.CommandProcessor - Получена команда: PING
[2026-06-19 18:45:54] INFO  main.Server.Commands.CommandProcessor - Получена команда: PING
[2026-06-19 18:45:56] INFO  main.Server.Commands.CommandProcessor - Получена команда: PING
[2026-06-19 18:45:58] INFO  main.Server.Commands.CommandProcessor - Получена команда: PING
[2026-06-19 18:46:00] INFO  main.Server.Commands.CommandProcessor - Получена команда: PING
[2026-06-19 18:46:02] INFO  main.Server.Commands.CommandProcessor - Получена команда: PING
[2026-06-19 18:46:04] INFO  main.Server.Commands.CommandProcessor - Получена команда: PING
[2026-06-19 18:46:06] INFO  main.Server.Commands.CommandProcessor - Получена команда: PING
[2026-06-19 18:46:08] INFO  main.Server.Commands.CommandProcessor - Получена команда: PING
[2026-06-19 18:46:10] INFO  main.Server.Commands.CommandProcessor - Получена команда: PING
[2026-06-19 18:46:12] INFO  main.Server.Commands.CommandProcessor - Получена команда: PING
[2026-06-19 18:46:14] INFO  main.Server.Commands.CommandProcessor - Получена команда: PING
[2026-06-19 18:46:16] INFO  main.Server.Commands.CommandProcessor - Получена команда: PING
[2026-06-19 18:46:18] INFO  main.Server.Commands.CommandProcessor - Получена команда: PING
[2026-06-19 18:46:20] INFO  main.Server.Commands.CommandProcessor - Получена команда: PING
[2026-06-19 18:46:22] INFO  main.Server.Commands.CommandProcessor - Получена команда: PING
[2026-06-19 18:46:24] INFO  main.Server.Commands.CommandProcessor - Получена команда: PING
[2026-06-19 18:46:26] INFO  main.Server.Commands.CommandProcessor - Получена команда: PING
[2026-06-19 18:46:28] INFO  main.Server.Commands.CommandProcessor - Получена команда: PING
[2026-06-19 18:46:30] INFO  main.Server.Commands.CommandProcessor - Получена команда: PING
[2026-06-19 18:46:32] INFO  main.Server.Commands.CommandProcessor - Получена команда: PING
[2026-06-19 18:46:34] INFO  main.Server.Commands.CommandProcessor - Получена команда: PING
[2026-06-19 18:46:36] INFO  main.Server.Commands.CommandProcessor - Получена команда: PING
[2026-06-19 18:46:38] INFO  main.Server.Commands.CommandProcessor - Получена команда: PING
[2026-06-19 18:46:40] INFO  main.Server.Commands.CommandProcessor - Получена команда: PING
[2026-06-19 18:46:42] INFO  main.Server.Commands.CommandProcessor - Получена команда: PING
[2026-06-19 18:46:44] INFO  main.Server.Commands.CommandProcessor - Получена команда: PING
[2026-06-19 18:46:46] INFO  main.Server.Commands.CommandProcessor - Получена команда: PING
[2026-06-19 18:46:48] INFO  main.Server.Commands.CommandProcessor - Получена команда: PING
[2026-06-19 18:46:50] INFO  main.Server.Commands.CommandProcessor - Получена команда: PING
[2026-06-19 18:46:52] INFO  main.Server.Commands.CommandProcessor - Получена команда: PING
[2026-06-19 18:46:54] INFO  main.Server.Commands.CommandProcessor - Получена команда: PING
[2026-06-19 18:46:56] INFO  main.Server.Commands.CommandProcessor - Получена команда: PING
[2026-06-19 18:46:58] INFO  main.Server.Commands.CommandProcessor - Получена команда: PING
[2026-06-19 18:47:00] INFO  main.Server.Commands.CommandProcessor - Получена команда: PING
[2026-06-19 18:47:03] INFO  main.Server.Commands.CommandProcessor - Получена команда: PING
[2026-06-19 18:47:05] INFO  main.Server.Commands.CommandProcessor - Получена команда: PING
[2026-06-19 18:47:07] INFO  main.Server.Commands.CommandProcessor - Получена команда: PING
[2026-06-19 18:47:09] INFO  main.Server.Commands.CommandProcessor - Получена команда: PING
[2026-06-19 18:47:11] INFO  main.Server.Commands.CommandProcessor - Получена команда: PING
[2026-06-19 18:47:13] INFO  main.Server.Commands.CommandProcessor - Получена команда: PING
[2026-06-19 18:47:15] INFO  main.Server.Commands.CommandProcessor - Получена команда: PING
[2026-06-19 18:47:17] INFO  main.Server.Commands.CommandProcessor - Получена команда: PING
[2026-06-19 18:47:19] INFO  main.Server.Commands.CommandProcessor - Получена команда: PING
[2026-06-19 18:47:21] INFO  main.Server.Commands.CommandProcessor - Получена команда: PING
[2026-06-19 18:47:23] INFO  main.Server.Commands.CommandProcessor - Получена команда: PING
[2026-06-19 18:47:25] INFO  main.Server.Commands.CommandProcessor - Получена команда: PING
[2026-06-19 18:47:27] INFO  main.Server.Commands.CommandProcessor - Получена команда: PING
[2026-06-19 18:47:29] INFO  main.Server.Commands.CommandProcessor - Получена команда: PING
[2026-06-19 18:47:31] INFO  main.Server.Commands.CommandProcessor - Получена команда: PING
[2026-06-19 18:47:33] INFO  main.Server.Commands.CommandProcessor - Получена команда: PING
[2026-06-19 18:47:35] INFO  main.Server.Commands.CommandProcessor - Получена команда: PING
[2026-06-19 18:47:37] INFO  main.Server.Commands.CommandProcessor - Получена команда: PING
[2026-06-19 18:47:39] INFO  main.Server.Commands.CommandProcessor - Получена команда: PING
[2026-06-19 18:47:41] INFO  main.Server.Commands.CommandProcessor - Получена команда: PING
[2026-06-19 18:47:43] INFO  main.Server.Commands.CommandProcessor - Получена команда: PING
[2026-06-19 18:47:45] INFO  main.Server.Commands.CommandProcessor - Получена команда: PING
[2026-06-19 18:47:47] INFO  main.Server.Commands.CommandProcessor - Получена команда: PING
[2026-06-19 18:47:49] INFO  main.Server.Commands.CommandProcessor - Получена команда: PING
[2026-06-19 18:47:51] INFO  main.Server.Commands.CommandProcessor - Получена команда: PING
[2026-06-19 18:47:53] INFO  main.Server.Commands.CommandProcessor - Получена команда: PING
[2026-06-19 18:47:55] INFO  main.Server.Commands.CommandProcessor - Получена команда: PING
[2026-06-19 18:47:57] INFO  main.Server.Commands.CommandProcessor - Получена команда: PING
[2026-06-19 18:47:59] INFO  main.Server.Commands.CommandProcessor - Получена команда: PING
[2026-06-19 18:48:01] INFO  main.Server.Commands.CommandProcessor - Получена команда: PING
[2026-06-19 18:48:03] INFO  main.Server.Commands.CommandProcessor - Получена команда: PING
[2026-06-19 18:48:05] INFO  main.Server.Commands.CommandProcessor - Получена команда: PING
[2026-06-19 18:48:07] INFO  main.Server.Commands.CommandProcessor - Получена команда: PING
[2026-06-19 18:48:09] INFO  main.Server.Commands.CommandProcessor - Получена команда: PING
[2026-06-19 18:48:11] INFO  main.Server.Commands.CommandProcessor - Получена команда: PING
[2026-06-19 18:48:13] INFO  main.Server.Commands.CommandProcessor - Получена команда: PING
[2026-06-19 18:48:15] INFO  main.Server.Commands.CommandProcessor - Получена команда: PING
[2026-06-19 18:48:17] INFO  main.Server.Commands.CommandProcessor - Получена команда: PING
[2026-06-19 18:48:19] INFO  main.Server.Commands.CommandProcessor - Получена команда: PING
[2026-06-19 18:48:21] INFO  main.Server.Commands.CommandProcessor - Получена команда: PING
[2026-06-19 18:48:23] INFO  main.Server.Commands.CommandProcessor - Получена команда: PING
[2026-06-19 18:48:25] INFO  main.Server.Commands.CommandProcessor - Получена команда: PING
[2026-06-19 18:48:27] INFO  main.Server.Commands.CommandProcessor - Получена команда: PING
[2026-06-19 18:48:29] INFO  main.Server.Commands.CommandProcessor - Получена команда: PING
[2026-06-19 18:48:31] INFO  main.Server.Commands.CommandProcessor - Получена команда: PING
[2026-06-19 18:48:33] INFO  main.Server.Commands.CommandProcessor - Получена команда: PING
[2026-06-19 18:48:35] INFO  main.Server.Commands.CommandProcessor - Получена команда: PING
[2026-06-19 18:48:37] INFO  main.Server.Commands.CommandProcessor - Получена команда: PING
[2026-06-19 18:48:39] INFO  main.Server.Commands.CommandProcessor - Получена команда: PING
[2026-06-19 18:48:41] INFO  main.Server.Commands.CommandProcessor - Получена команда: PING
[2026-06-19 18:48:43] INFO  main.Server.Commands.CommandProcessor - Получена команда: PING
[2026-06-19 18:48:45] INFO  main.Server.Commands.CommandProcessor - Получена команда: PING
[2026-06-19 18:48:47] INFO  main.Server.Commands.CommandProcessor - Получена команда: PING
[2026-06-19 18:48:49] INFO  main.Server.Commands.CommandProcessor - Получена команда: PING
[2026-06-19 18:48:51] INFO  main.Server.Commands.CommandProcessor - Получена команда: PING
[2026-06-19 18:48:53] INFO  main.Server.Commands.CommandProcessor - Получена команда: PING
[2026-06-19 18:48:55] INFO  main.Server.Commands.CommandProcessor - Получена команда: PING
[2026-06-19 18:48:57] INFO  main.Server.Commands.CommandProcessor - Получена команда: PING
[2026-06-19 18:48:59] INFO  main.Server.Commands.CommandProcessor - Получена команда: PING
[2026-06-19 18:49:01] INFO  main.Server.Commands.CommandProcessor - Получена команда: PING
[2026-06-19 18:49:03] INFO  main.Server.Commands.CommandProcessor - Получена команда: PING
[2026-06-19 18:49:05] INFO  main.Server.Commands.CommandProcessor - Получена команда: PING
[2026-06-19 18:49:07] INFO  main.Server.Commands.CommandProcessor - Получена команда: PING
[2026-06-19 18:49:09] INFO  main.Server.Commands.CommandProcessor - Получена команда: PING
[2026-06-19 18:49:11] INFO  main.Server.Commands.CommandProcessor - Получена команда: PING
[2026-06-19 18:49:13] INFO  main.Server.Commands.CommandProcessor - Получена команда: PING
[2026-06-19 18:49:15] INFO  main.Server.Commands.CommandProcessor - Получена команда: PING
[2026-06-19 18:49:17] INFO  main.Server.Commands.CommandProcessor - Получена команда: PING
[2026-06-19 18:49:19] INFO  main.Server.Commands.CommandProcessor - Получена команда: PING
[2026-06-19 18:49:21] INFO  main.Server.Commands.CommandProcessor - Получена команда: PING
[2026-06-19 18:49:23] INFO  main.Server.Commands.CommandProcessor - Получена команда: PING
[2026-06-19 18:49:25] INFO  main.Server.Commands.CommandProcessor - Получена команда: PING
[2026-06-19 18:49:27] INFO  main.Server.Commands.CommandProcessor - Получена команда: PING
[2026-06-19 18:49:29] INFO  main.Server.Commands.CommandProcessor - Получена команда: PING
[2026-06-19 18:49:31] INFO  main.Server.Commands.CommandProcessor - Получена команда: PING
[2026-06-19 18:49:33] INFO  main.Server.Commands.CommandProcessor - Получена команда: PING
[2026-06-19 18:49:35] INFO  main.Server.Commands.CommandProcessor - Получена команда: PING
[2026-06-19 18:49:37] INFO  main.Server.Commands.CommandProcessor - Получена команда: PING
[2026-06-19 18:49:39] INFO  main.Server.Commands.CommandProcessor - Получена команда: PING
[2026-06-19 18:49:41] INFO  main.Server.Commands.CommandProcessor - Получена команда: PING
[2026-06-19 18:49:43] INFO  main.Server.Commands.CommandProcessor - Получена команда: PING
[2026-06-19 18:49:45] INFO  main.Server.Commands.CommandProcessor - Получена команда: PING
[2026-06-19 18:49:47] INFO  main.Server.Commands.CommandProcessor - Получена команда: PING
[2026-06-19 18:49:49] INFO  main.Server.Commands.CommandProcessor - Получена команда: PING
[2026-06-19 18:49:51] INFO  main.Server.Commands.CommandProcessor - Получена команда: PING
[2026-06-19 18:49:53] INFO  main.Server.Commands.CommandProcessor - Получена команда: PING
[2026-06-19 18:49:55] INFO  main.Server.Commands.CommandProcessor - Получена команда: PING
[2026-06-19 18:49:57] INFO  main.Server.Commands.CommandProcessor - Получена команда: PING
[2026-06-19 18:49:59] INFO  main.Server.Commands.CommandProcessor - Получена команда: PING
[2026-06-19 18:50:01] INFO  main.Server.Commands.CommandProcessor - Получена команда: PING
[2026-06-19 18:50:03] INFO  main.Server.Commands.CommandProcessor - Получена команда: PING
[2026-06-19 18:50:05] INFO  main.Server.Commands.CommandProcessor - Получена команда: PING
[2026-06-19 18:50:07] INFO  main.Server.Commands.CommandProcessor - Получена команда: PING
[2026-06-19 18:50:09] INFO  main.Server.Commands.CommandProcessor - Получена команда: PING
[2026-06-19 18:50:11] INFO  main.Server.Commands.CommandProcessor - Получена команда: PING
[2026-06-19 18:50:13] INFO  main.Server.Commands.CommandProcessor - Получена команда: PING
[2026-06-19 18:50:15] INFO  main.Server.Commands.CommandProcessor - Получена команда: PING
[2026-06-19 18:50:17] INFO  main.Server.Commands.CommandProcessor - Получена команда: PING
[2026-06-19 18:50:19] INFO  main.Server.Commands.CommandProcessor - Получена команда: PING
[2026-06-19 18:50:21] INFO  main.Server.Commands.CommandProcessor - Получена команда: PING
[2026-06-19 18:50:23] INFO  main.Server.Commands.CommandProcessor - Получена команда: PING
[2026-06-19 18:50:25] INFO  main.Server.Commands.CommandProcessor - Получена команда: PING
[2026-06-19 18:50:27] INFO  main.Server.Commands.CommandProcessor - Получена команда: PING
[2026-06-19 18:50:29] INFO  main.Server.Commands.CommandProcessor - Получена команда: PING
[2026-06-19 18:50:32] INFO  main.Server.Commands.CommandProcessor - Получена команда: PING
[2026-06-19 18:50:34] INFO  main.Server.Commands.CommandProcessor - Получена команда: PING
[2026-06-19 18:50:36] INFO  main.Server.Commands.CommandProcessor - Получена команда: PING
[2026-06-19 18:50:38] INFO  main.Server.Commands.CommandProcessor - Получена команда: PING
[2026-06-19 18:50:40] INFO  main.Server.Commands.CommandProcessor - Получена команда: PING
[2026-06-19 18:50:42] INFO  main.Server.Commands.CommandProcessor - Получена команда: PING
[2026-06-19 18:50:44] INFO  main.Server.Commands.CommandProcessor - Получена команда: PING
[2026-06-19 18:50:46] INFO  main.Server.Commands.CommandProcessor - Получена команда: PING
[2026-06-19 18:50:48] INFO  main.Server.Commands.CommandProcessor - Получена команда: PING
[2026-06-19 18:50:50] INFO  main.Server.Commands.CommandProcessor - Получена команда: PING
[2026-06-19 18:50:52] INFO  main.Server.Commands.CommandProcessor - Получена команда: PING
[2026-06-19 18:50:54] INFO  main.Server.Commands.CommandProcessor - Получена команда: PING
[2026-06-19 18:50:56] INFO  main.Server.Commands.CommandProcessor - Получена команда: PING
[2026-06-19 18:50:58] INFO  main.Server.Commands.CommandProcessor - Получена команда: PING
[2026-06-19 18:51:00] INFO  main.Server.Commands.CommandProcessor - Получена команда: PING
[2026-06-19 18:51:02] INFO  main.Server.Commands.CommandProcessor - Получена команда: PING
[2026-06-19 18:51:04] INFO  main.Server.Commands.CommandProcessor - Получена команда: PING
[2026-06-19 18:51:06] INFO  main.Server.Commands.CommandProcessor - Получена команда: PING
[2026-06-19 18:51:08] INFO  main.Server.Commands.CommandProcessor - Получена команда: PING
[2026-06-19 18:51:10] INFO  main.Server.Commands.CommandProcessor - Получена команда: PING
[2026-06-19 18:51:12] INFO  main.Server.Commands.CommandProcessor - Получена команда: PING
[2026-06-19 18:51:14] INFO  main.Server.Commands.CommandProcessor - Получена команда: PING
[2026-06-19 18:51:16] INFO  main.Server.Commands.CommandProcessor - Получена команда: PING
[2026-06-19 18:51:18] INFO  main.Server.Commands.CommandProcessor - Получена команда: PING
[2026-06-19 18:51:20] INFO  main.Server.Commands.CommandProcessor - Получена команда: PING
[2026-06-19 18:51:22] INFO  main.Server.Commands.CommandProcessor - Получена команда: PING
[2026-06-19 18:51:24] INFO  main.Server.Commands.CommandProcessor - Получена команда: PING
[2026-06-19 18:51:26] INFO  main.Server.Commands.CommandProcessor - Получена команда: PING
[2026-06-19 18:51:28] INFO  main.Server.Commands.CommandProcessor - Получена команда: PING
[2026-06-19 18:51:30] INFO  main.Server.Commands.CommandProcessor - Получена команда: PING
[2026-06-19 18:51:32] INFO  main.Server.Commands.CommandProcessor - Получена команда: PING
[2026-06-19 18:51:34] INFO  main.Server.Commands.CommandProcessor - Получена команда: PING
[2026-06-19 18:51:36] INFO  main.Server.Commands.CommandProcessor - Получена команда: PING
[2026-06-19 18:51:38] INFO  main.Server.Commands.CommandProcessor - Получена команда: PING
[2026-06-19 18:51:40] INFO  main.Server.Commands.CommandProcessor - Получена команда: PING
[2026-06-19 18:51:42] INFO  main.Server.Commands.CommandProcessor - Получена команда: PING
[2026-06-19 18:51:44] INFO  main.Server.Commands.CommandProcessor - Получена команда: PING
[2026-06-19 18:51:46] INFO  main.Server.Commands.CommandProcessor - Получена команда: PING
[2026-06-19 18:51:48] INFO  main.Server.Commands.CommandProcessor - Получена команда: PING
[2026-06-19 18:51:50] INFO  main.Server.Commands.CommandProcessor - Получена команда: PING
[2026-06-19 18:51:52] INFO  main.Server.Commands.CommandProcessor - Получена команда: PING
[2026-06-19 18:51:54] INFO  main.Server.Commands.CommandProcessor - Получена команда: PING
[2026-06-19 18:51:56] INFO  main.Server.Commands.CommandProcessor - Получена команда: PING
[2026-06-19 18:51:58] INFO  main.Server.Commands.CommandProcessor - Получена команда: PING
[2026-06-19 18:52:00] INFO  main.Server.Commands.CommandProcessor - Получена команда: PING
[2026-06-19 18:52:02] INFO  main.Server.Commands.CommandProcessor - Получена команда: PING
[2026-06-19 18:52:04] INFO  main.Server.Commands.CommandProcessor - Получена команда: PING
[2026-06-19 18:52:06] INFO  main.Server.Commands.CommandProcessor - Получена команда: PING
[2026-06-19 18:52:08] INFO  main.Server.Commands.CommandProcessor - Получена команда: PING
[2026-06-19 18:52:10] INFO  main.Server.Commands.CommandProcessor - Получена команда: PING
[2026-06-19 18:52:12] INFO  main.Server.Commands.CommandProcessor - Получена команда: PING
[2026-06-19 18:52:14] INFO  main.Server.Commands.CommandProcessor - Получена команда: PING
[2026-06-19 18:52:16] INFO  main.Server.Commands.CommandProcessor - Получена команда: PING
[2026-06-19 18:52:18] INFO  main.Server.Commands.CommandProcessor - Получена команда: PING
[2026-06-19 18:52:20] INFO  main.Server.Commands.CommandProcessor - Получена команда: PING
[2026-06-19 18:52:22] INFO  main.Server.Commands.CommandProcessor - Получена команда: PING
[2026-06-19 18:52:24] INFO  main.Server.Commands.CommandProcessor - Получена команда: PING
[2026-06-19 18:52:26] INFO  main.Server.Commands.CommandProcessor - Получена команда: PING
[2026-06-19 18:52:28] INFO  main.Server.Commands.CommandProcessor - Получена команда: PING
[2026-06-19 18:52:30] INFO  main.Server.Commands.CommandProcessor - Получена команда: PING
[2026-06-19 18:52:32] INFO  main.Server.ServerMain - Завершение JVM, сохранение коллекции
[2026-06-19 18:52:32] INFO  main.Server.Commands.CommandProcessor - Коллекция не сохранена, поскольку режим записи в файл отключён
[2026-06-19 20:16:38] INFO  main.Server.FileManagment.FileManager - Файл прочитан: C:\Users\mongo\IdeaProjects\Lab5\test.xml
[2026-06-19 20:16:38] INFO  main.Server.Network.Server - Сервер запущен: 0.0.0.0:8731
[2026-06-19 20:16:40] INFO  main.Server.Network.Server - Клиент подключился: /127.0.0.1:54396
[2026-06-19 20:16:42] INFO  main.Server.Commands.CommandProcessor - Получена команда: PING
[2026-06-19 20:16:44] INFO  main.Server.Commands.CommandProcessor - Получена команда: PING
[2026-06-19 20:16:46] INFO  main.Server.Commands.CommandProcessor - Получена команда: PING
[2026-06-19 20:16:48] INFO  main.Server.Commands.CommandProcessor - Получена команда: PING
[2026-06-19 20:16:50] INFO  main.Server.Commands.CommandProcessor - Получена команда: PING
[2026-06-19 20:16:52] INFO  main.Server.Commands.CommandProcessor - Получена команда: PING
[2026-06-19 20:16:54] INFO  main.Server.Commands.CommandProcessor - Получена команда: PING
[2026-06-19 20:16:56] INFO  main.Server.Commands.CommandProcessor - Получена команда: PING
[2026-06-19 20:16:58] INFO  main.Server.Commands.CommandProcessor - Получена команда: PING
[2026-06-19 20:17:00] INFO  main.Server.Commands.CommandProcessor - Получена команда: PING
[2026-06-19 20:17:02] INFO  main.Server.Commands.CommandProcessor - Получена команда: PING
[2026-06-19 20:17:04] INFO  main.Server.ServerMain - Завершение JVM, сохранение коллекции
[2026-06-19 20:17:12] INFO  main.Server.DatabaseManagment.DatabaseManager - База данных подключена
[2026-06-19 20:17:12] INFO  main.Server.FileManagment.FileManager - Файл прочитан: C:\Users\mongo\IdeaProjects\Lab5\test.xml
[2026-06-19 20:17:12] INFO  main.Server.Network.Server - Сервер запущен: 0.0.0.0:8731
[2026-06-19 20:17:13] INFO  main.Server.Network.Server - Клиент подключился: /127.0.0.1:59683
[2026-06-19 20:17:15] INFO  main.Server.Commands.CommandProcessor - Получена команда: PING
[2026-06-19 20:17:17] INFO  main.Server.Commands.CommandProcessor - Получена команда: PING
[2026-06-19 20:17:19] INFO  main.Server.Commands.CommandProcessor - Получена команда: PING
[2026-06-19 20:17:21] INFO  main.Server.Commands.CommandProcessor - Получена команда: PING
[2026-06-19 20:17:22] INFO  main.Server.Commands.CommandProcessor - Получена команда: LOGIN
[2026-06-19 20:17:23] INFO  main.Server.Commands.CommandProcessor - Получена команда: PING
[2026-06-19 20:17:25] INFO  main.Server.Commands.CommandProcessor - Получена команда: PING
[2026-06-19 20:17:27] INFO  main.Server.Commands.CommandProcessor - Получена команда: PING
[2026-06-19 20:17:29] INFO  main.Server.Commands.CommandProcessor - Получена команда: PING
[2026-06-19 20:17:31] INFO  main.Server.Commands.CommandProcessor - Получена команда: PING
[2026-06-19 20:17:33] INFO  main.Server.Commands.CommandProcessor - Получена команда: PING
[2026-06-19 20:17:35] INFO  main.Server.Commands.CommandProcessor - Получена команда: PING
[2026-06-19 20:17:37] INFO  main.Server.Commands.CommandProcessor - Получена команда: PING
[2026-06-19 20:17:39] INFO  main.Server.Commands.CommandProcessor - Получена команда: REGISTER
[2026-06-19 20:17:39] INFO  main.Server.Commands.CommandProcessor - Получена команда: PING
[2026-06-19 20:17:41] INFO  main.Server.Commands.CommandProcessor - Получена команда: PING
[2026-06-19 20:17:43] INFO  main.Server.Commands.CommandProcessor - Получена команда: PING
[2026-06-19 20:17:45] INFO  main.Server.Commands.CommandProcessor - Получена команда: PING
[2026-06-19 20:17:46] INFO  main.Server.Network.Server - Клиент отключился
[2026-06-19 20:17:48] INFO  main.Server.Network.Server - Клиент подключился: /127.0.0.1:56229
[2026-06-19 20:17:50] INFO  main.Server.Commands.CommandProcessor - Получена команда: PING
[2026-06-19 20:17:51] INFO  main.Server.Commands.CommandProcessor - Получена команда: LOGIN
[2026-06-19 20:17:52] INFO  main.Server.Commands.CommandProcessor - Получена команда: PING
[2026-06-19 20:17:54] INFO  main.Server.Commands.CommandProcessor - Получена команда: PING
[2026-06-19 20:17:56] INFO  main.Server.Commands.CommandProcessor - Получена команда: PING
[2026-06-19 20:17:58] INFO  main.Server.Commands.CommandProcessor - Получена команда: PING
[2026-06-19 20:18:00] INFO  main.Server.Commands.CommandProcessor - Получена команда: PING
[2026-06-19 20:18:02] INFO  main.Server.Commands.CommandProcessor - Получена команда: PING
[2026-06-19 20:18:04] INFO  main.Server.Commands.CommandProcessor - Получена команда: PING
[2026-06-19 20:18:06] INFO  main.Server.Commands.CommandProcessor - Получена команда: PING
[2026-06-19 20:18:08] INFO  main.Server.Commands.CommandProcessor - Получена команда: PING
[2026-06-19 20:18:10] INFO  main.Server.Commands.CommandProcessor - Получена команда: PING
[2026-06-19 20:18:12] INFO  main.Server.Commands.CommandProcessor - Получена команда: PING
[2026-06-19 20:18:14] INFO  main.Server.Commands.CommandProcessor - Получена команда: PING
[2026-06-19 20:18:16] INFO  main.Server.Commands.CommandProcessor - Получена команда: PING
[2026-06-19 20:18:18] INFO  main.Server.Commands.CommandProcessor - Получена команда: PING
[2026-06-19 20:18:20] INFO  main.Server.Commands.CommandProcessor - Получена команда: PING
[2026-06-19 20:18:22] INFO  main.Server.Commands.CommandProcessor - Получена команда: PING
[2026-06-19 20:18:24] INFO  main.Server.Commands.CommandProcessor - Получена команда: PING
[2026-06-19 20:18:26] INFO  main.Server.Commands.CommandProcessor - Получена команда: PING
[2026-06-19 20:18:28] INFO  main.Server.Commands.CommandProcessor - Получена команда: PING
[2026-06-19 20:18:30] INFO  main.Server.Network.Server - Клиент отключился
[2026-06-19 20:18:30] INFO  main.Server.ServerMain - Завершение JVM, сохранение коллекции
[2026-06-19 20:18:30] INFO  main.Server.Commands.CommandProcessor - Коллекция не сохранена, поскольку режим записи в файл отключён
[2026-06-19 20:18:34] INFO  main.Server.DatabaseManagment.DatabaseManager - База данных подключена
[2026-06-19 20:18:34] INFO  main.Server.FileManagment.FileManager - Файл прочитан: C:\Users\mongo\IdeaProjects\Lab5\test.xml
[2026-06-19 20:18:34] INFO  main.Server.Network.Server - Сервер запущен: 0.0.0.0:8731
[2026-06-19 20:18:37] INFO  main.Server.Network.Server - Клиент подключился: /127.0.0.1:52649
[2026-06-19 20:18:39] INFO  main.Server.Commands.CommandProcessor - Получена команда: PING
[2026-06-19 20:18:41] INFO  main.Server.Commands.CommandProcessor - Получена команда: PING
[2026-06-19 20:18:43] INFO  main.Server.Commands.CommandProcessor - Получена команда: PING
[2026-06-19 20:18:45] INFO  main.Server.Commands.CommandProcessor - Получена команда: LOGIN
[2026-06-19 20:18:45] INFO  main.Server.Commands.CommandProcessor - Получена команда: PING
[2026-06-19 20:18:47] INFO  main.Server.Commands.CommandProcessor - Получена команда: PING
[2026-06-19 20:18:49] INFO  main.Server.Commands.CommandProcessor - Получена команда: PING
[2026-06-19 20:18:51] INFO  main.Server.Commands.CommandProcessor - Получена команда: PING
[2026-06-19 20:18:53] INFO  main.Server.Commands.CommandProcessor - Получена команда: PING
[2026-06-19 20:18:55] INFO  main.Server.Commands.CommandProcessor - Получена команда: PING
[2026-06-19 20:18:57] INFO  main.Server.Commands.CommandProcessor - Получена команда: PING
[2026-06-19 20:18:59] INFO  main.Server.Commands.CommandProcessor - Получена команда: PING
[2026-06-19 20:19:01] INFO  main.Server.Commands.CommandProcessor - Получена команда: PING
[2026-06-19 20:19:03] INFO  main.Server.Commands.CommandProcessor - Получена команда: PING
[2026-06-19 20:19:05] INFO  main.Server.Commands.CommandProcessor - Получена команда: PING
[2026-06-19 20:19:07] INFO  main.Server.Commands.CommandProcessor - Получена команда: PING
[2026-06-19 20:19:09] INFO  main.Server.Commands.CommandProcessor - Получена команда: PING
[2026-06-19 20:19:11] INFO  main.Server.Commands.CommandProcessor - Получена команда: PING
[2026-06-19 20:19:14] INFO  main.Server.Commands.CommandProcessor - Получена команда: PING
[2026-06-19 20:19:16] INFO  main.Server.Commands.CommandProcessor - Получена команда: PING
[2026-06-19 20:19:18] INFO  main.Server.Commands.CommandProcessor - Получена команда: PING
[2026-06-19 20:19:20] INFO  main.Server.Commands.CommandProcessor - Получена команда: PING
[2026-06-19 20:19:22] INFO  main.Server.Commands.CommandProcessor - Получена команда: PING
[2026-06-19 20:19:24] INFO  main.Server.Commands.CommandProcessor - Получена команда: PING
[2026-06-19 20:19:26] INFO  main.Server.Commands.CommandProcessor - Получена команда: PING
[2026-06-19 20:19:28] INFO  main.Server.Commands.CommandProcessor - Получена команда: PING
[2026-06-19 20:19:30] INFO  main.Server.Commands.CommandProcessor - Получена команда: PING
[2026-06-19 20:19:32] INFO  main.Server.Commands.CommandProcessor - Получена команда: PING
[2026-06-19 20:19:34] INFO  main.Server.Commands.CommandProcessor - Получена команда: PING
[2026-06-19 20:19:36] INFO  main.Server.Commands.CommandProcessor - Получена команда: PING
[2026-06-19 20:19:38] INFO  main.Server.Commands.CommandProcessor - Получена команда: PING
[2026-06-19 20:19:40] INFO  main.Server.Commands.CommandProcessor - Получена команда: PING
[2026-06-19 20:19:42] INFO  main.Server.Commands.CommandProcessor - Получена команда: PING
[2026-06-19 20:19:44] INFO  main.Server.Commands.CommandProcessor - Получена команда: PING
[2026-06-19 20:19:46] INFO  main.Server.Commands.CommandProcessor - Получена команда: PING
[2026-06-19 20:19:48] INFO  main.Server.Commands.CommandProcessor - Получена команда: PING
[2026-06-19 20:19:50] INFO  main.Server.Commands.CommandProcessor - Получена команда: PING
[2026-06-19 20:19:52] INFO  main.Server.Commands.CommandProcessor - Получена команда: PING
[2026-06-19 20:19:54] INFO  main.Server.Commands.CommandProcessor - Получена команда: PING
[2026-06-19 20:19:56] INFO  main.Server.Commands.CommandProcessor - Получена команда: PING
[2026-06-19 20:19:58] INFO  main.Server.Commands.CommandProcessor - Получена команда: PING
[2026-06-19 20:20:00] INFO  main.Server.Commands.CommandProcessor - Получена команда: PING
[2026-06-19 20:20:02] INFO  main.Server.Commands.CommandProcessor - Получена команда: PING
[2026-06-19 20:20:04] INFO  main.Server.Commands.CommandProcessor - Получена команда: PING
[2026-06-19 20:20:06] INFO  main.Server.Commands.CommandProcessor - Получена команда: PING
[2026-06-19 20:20:08] INFO  main.Server.Commands.CommandProcessor - Получена команда: PING
[2026-06-19 20:20:10] INFO  main.Server.Commands.CommandProcessor - Получена команда: PING
[2026-06-19 20:20:12] INFO  main.Server.Commands.CommandProcessor - Получена команда: PING
[2026-06-19 20:20:14] INFO  main.Server.Commands.CommandProcessor - Получена команда: PING
[2026-06-19 20:20:16] INFO  main.Server.Commands.CommandProcessor - Получена команда: PING
[2026-06-19 20:20:18] INFO  main.Server.Commands.CommandProcessor - Получена команда: PING
[2026-06-19 20:20:20] INFO  main.Server.Commands.CommandProcessor - Получена команда: PING
[2026-06-19 20:20:22] INFO  main.Server.Commands.CommandProcessor - Получена команда: PING
[2026-06-19 20:20:24] INFO  main.Server.Commands.CommandProcessor - Получена команда: PING
[2026-06-19 20:20:26] INFO  main.Server.Commands.CommandProcessor - Получена команда: PING
[2026-06-19 20:20:28] INFO  main.Server.Commands.CommandProcessor - Получена команда: PING
[2026-06-19 20:20:30] INFO  main.Server.Commands.CommandProcessor - Получена команда: PING
[2026-06-19 20:20:32] INFO  main.Server.Commands.CommandProcessor - Получена команда: PING
[2026-06-19 20:20:34] INFO  main.Server.Commands.CommandProcessor - Получена команда: PING
[2026-06-19 20:20:36] INFO  main.Server.Commands.CommandProcessor - Получена команда: PING
[2026-06-19 20:20:38] INFO  main.Server.Commands.CommandProcessor - Получена команда: PING
[2026-06-19 20:20:40] INFO  main.Server.Commands.CommandProcessor - Получена команда: PING
[2026-06-19 20:20:42] INFO  main.Server.Commands.CommandProcessor - Получена команда: PING
[2026-06-19 20:20:44] INFO  main.Server.Commands.CommandProcessor - Получена команда: PING
[2026-06-19 20:20:46] INFO  main.Server.Commands.CommandProcessor - Получена команда: PING
[2026-06-19 20:20:48] INFO  main.Server.Commands.CommandProcessor - Получена команда: PING
[2026-06-19 20:20:50] INFO  main.Server.Commands.CommandProcessor - Получена команда: PING
[2026-06-19 20:20:52] INFO  main.Server.Commands.CommandProcessor - Получена команда: PING
[2026-06-19 20:20:54] INFO  main.Server.Commands.CommandProcessor - Получена команда: PING
[2026-06-19 20:20:56] INFO  main.Server.Commands.CommandProcessor - Получена команда: PING
[2026-06-19 20:20:58] INFO  main.Server.Commands.CommandProcessor - Получена команда: PING
[2026-06-19 20:21:00] INFO  main.Server.Commands.CommandProcessor - Получена команда: PING
[2026-06-19 20:21:02] INFO  main.Server.Commands.CommandProcessor - Получена команда: PING
[2026-06-19 20:21:04] INFO  main.Server.Commands.CommandProcessor - Получена команда: PING
[2026-06-19 20:21:06] INFO  main.Server.Commands.CommandProcessor - Получена команда: PING
[2026-06-19 20:21:08] INFO  main.Server.Commands.CommandProcessor - Получена команда: PING
[2026-06-19 20:21:10] INFO  main.Server.Commands.CommandProcessor - Получена команда: PING
[2026-06-19 20:21:12] INFO  main.Server.Commands.CommandProcessor - Получена команда: PING
[2026-06-19 20:21:14] INFO  main.Server.Commands.CommandProcessor - Получена команда: PING
[2026-06-19 20:21:16] INFO  main.Server.Commands.CommandProcessor - Получена команда: PING
[2026-06-19 20:21:18] INFO  main.Server.Commands.CommandProcessor - Получена команда: PING
[2026-06-19 20:21:20] INFO  main.Server.Commands.CommandProcessor - Получена команда: PING
[2026-06-19 20:21:22] INFO  main.Server.Commands.CommandProcessor - Получена команда: PING
[2026-06-19 20:21:24] INFO  main.Server.Commands.CommandProcessor - Получена команда: PING
[2026-06-19 20:21:26] INFO  main.Server.Commands.CommandProcessor - Получена команда: PING
[2026-06-19 20:21:28] INFO  main.Server.Commands.CommandProcessor - Получена команда: PING
[2026-06-19 20:21:30] INFO  main.Server.Commands.CommandProcessor - Получена команда: PING
[2026-06-19 20:21:32] INFO  main.Server.Commands.CommandProcessor - Получена команда: PING
[2026-06-19 20:21:34] INFO  main.Server.Commands.CommandProcessor - Получена команда: PING
[2026-06-19 20:21:36] INFO  main.Server.Commands.CommandProcessor - Получена команда: PING
[2026-06-19 20:21:38] INFO  main.Server.Commands.CommandProcessor - Получена команда: PING
[2026-06-19 20:21:40] INFO  main.Server.Commands.CommandProcessor - Получена команда: PING
[2026-06-19 20:21:42] INFO  main.Server.Commands.CommandProcessor - Получена команда: PING
[2026-06-19 20:21:44] INFO  main.Server.Commands.CommandProcessor - Получена команда: PING
[2026-06-19 20:21:46] INFO  main.Server.Commands.CommandProcessor - Получена команда: PING
[2026-06-19 20:21:48] INFO  main.Server.Commands.CommandProcessor - Получена команда: PING
[2026-06-19 20:21:50] INFO  main.Server.Commands.CommandProcessor - Получена команда: PING
[2026-06-19 20:21:52] INFO  main.Server.Commands.CommandProcessor - Получена команда: PING
[2026-06-19 20:21:54] INFO  main.Server.Commands.CommandProcessor - Получена команда: PING
[2026-06-19 20:21:56] INFO  main.Server.Commands.CommandProcessor - Получена команда: PING
[2026-06-19 20:21:58] INFO  main.Server.Commands.CommandProcessor - Получена команда: PING
[2026-06-19 20:22:00] INFO  main.Server.Commands.CommandProcessor - Получена команда: PING
[2026-06-19 20:22:02] INFO  main.Server.Commands.CommandProcessor - Получена команда: PING
[2026-06-19 20:22:04] INFO  main.Server.Commands.CommandProcessor - Получена команда: PING
[2026-06-19 20:22:06] INFO  main.Server.Commands.CommandProcessor - Получена команда: PING
[2026-06-19 20:22:08] INFO  main.Server.Commands.CommandProcessor - Получена команда: PING
[2026-06-19 20:22:10] INFO  main.Server.Commands.CommandProcessor - Получена команда: PING
[2026-06-19 20:22:12] INFO  main.Server.Commands.CommandProcessor - Получена команда: PING
[2026-06-19 20:22:14] INFO  main.Server.Commands.CommandProcessor - Получена команда: PING
[2026-06-19 20:22:16] INFO  main.Server.Commands.CommandProcessor - Получена команда: PING
[2026-06-19 20:22:18] INFO  main.Server.Commands.CommandProcessor - Получена команда: PING
[2026-06-19 20:22:20] INFO  main.Server.Commands.CommandProcessor - Получена команда: PING
[2026-06-19 20:22:22] INFO  main.Server.Commands.CommandProcessor - Получена команда: PING
[2026-06-19 20:22:24] INFO  main.Server.Commands.CommandProcessor - Получена команда: PING
[2026-06-19 20:22:26] INFO  main.Server.Commands.CommandProcessor - Получена команда: PING
[2026-06-19 20:22:29] INFO  main.Server.Commands.CommandProcessor - Получена команда: PING
[2026-06-19 20:22:31] INFO  main.Server.Commands.CommandProcessor - Получена команда: PING
[2026-06-19 20:22:33] INFO  main.Server.Commands.CommandProcessor - Получена команда: PING
[2026-06-19 20:22:35] INFO  main.Server.Commands.CommandProcessor - Получена команда: PING
[2026-06-19 20:22:37] INFO  main.Server.Commands.CommandProcessor - Получена команда: PING
[2026-06-19 20:22:39] INFO  main.Server.Commands.CommandProcessor - Получена команда: PING
[2026-06-19 20:22:41] INFO  main.Server.Commands.CommandProcessor - Получена команда: PING
[2026-06-19 20:22:43] INFO  main.Server.Commands.CommandProcessor - Получена команда: PING
[2026-06-19 20:22:45] INFO  main.Server.Commands.CommandProcessor - Получена команда: PING
[2026-06-19 20:22:47] INFO  main.Server.Commands.CommandProcessor - Получена команда: PING
[2026-06-19 20:22:49] INFO  main.Server.Commands.CommandProcessor - Получена команда: PING
[2026-06-19 20:22:50] INFO  main.Server.ServerMain - Завершение JVM, сохранение коллекции
[2026-06-19 20:22:50] INFO  main.Server.Commands.CommandProcessor - Коллекция не сохранена, поскольку режим записи в файл отключён
[2026-06-19 20:35:14] INFO  main.Server.DatabaseManagment.DatabaseManager - База данных подключена
[2026-06-19 20:35:14] INFO  main.Server.FileManagment.FileManager - Файл прочитан: C:\Users\mongo\IdeaProjects\Lab5\test.xml
[2026-06-19 20:35:14] INFO  main.Server.Network.Server - Сервер запущен: 0.0.0.0:8731
[2026-06-19 20:35:15] INFO  main.Server.Network.Server - Клиент подключился: /127.0.0.1:51561
[2026-06-19 20:35:17] INFO  main.Server.Commands.CommandProcessor - Получена команда: PING
[2026-06-19 20:35:19] INFO  main.Server.Commands.CommandProcessor - Получена команда: PING
[2026-06-19 20:35:21] INFO  main.Server.Commands.CommandProcessor - Получена команда: PING
[2026-06-19 20:35:23] INFO  main.Server.Commands.CommandProcessor - Получена команда: LOGIN
[2026-06-19 20:35:23] INFO  main.Server.Commands.CommandProcessor - Получена команда: PING
[2026-06-19 20:35:25] INFO  main.Server.Commands.CommandProcessor - Получена команда: PING
[2026-06-19 20:35:27] INFO  main.Server.Commands.CommandProcessor - Получена команда: PING
[2026-06-19 20:35:29] INFO  main.Server.Commands.CommandProcessor - Получена команда: PING
[2026-06-19 20:35:31] INFO  main.Server.Commands.CommandProcessor - Получена команда: PING
[2026-06-19 20:35:33] INFO  main.Server.Commands.CommandProcessor - Получена команда: PING
[2026-06-19 20:35:35] INFO  main.Server.Commands.CommandProcessor - Получена команда: PING
[2026-06-19 20:35:37] INFO  main.Server.Commands.CommandProcessor - Получена команда: PING
[2026-06-19 20:35:39] INFO  main.Server.Commands.CommandProcessor - Получена команда: PING
[2026-06-19 20:35:41] INFO  main.Server.Commands.CommandProcessor - Получена команда: PING
[2026-06-19 20:35:43] INFO  main.Server.Commands.CommandProcessor - Получена команда: PING
[2026-06-19 20:35:45] INFO  main.Server.Commands.CommandProcessor - Получена команда: PING
[2026-06-19 20:35:47] INFO  main.Server.Commands.CommandProcessor - Получена команда: PING
[2026-06-19 20:35:49] INFO  main.Server.Commands.CommandProcessor - Получена команда: PING
[2026-06-19 20:35:51] INFO  main.Server.Commands.CommandProcessor - Получена команда: PING
[2026-06-19 20:35:53] INFO  main.Server.Commands.CommandProcessor - Получена команда: PING
[2026-06-19 20:35:56] INFO  main.Server.Commands.CommandProcessor - Получена команда: PING
[2026-06-19 20:35:58] INFO  main.Server.Commands.CommandProcessor - Получена команда: PING
[2026-06-19 20:36:00] INFO  main.Server.Commands.CommandProcessor - Получена команда: PING
[2026-06-19 20:36:02] INFO  main.Server.Commands.CommandProcessor - Получена команда: PING
[2026-06-19 20:36:04] INFO  main.Server.Commands.CommandProcessor - Получена команда: PING
[2026-06-19 20:36:06] INFO  main.Server.Commands.CommandProcessor - Получена команда: PING
[2026-06-19 20:36:08] INFO  main.Server.Commands.CommandProcessor - Получена команда: PING
[2026-06-19 20:36:10] INFO  main.Server.Commands.CommandProcessor - Получена команда: PING
[2026-06-19 20:36:12] INFO  main.Server.Commands.CommandProcessor - Получена команда: PING
[2026-06-19 20:36:14] INFO  main.Server.Commands.CommandProcessor - Получена команда: PING
[2026-06-19 20:36:16] INFO  main.Server.Commands.CommandProcessor - Получена команда: PING
[2026-06-19 20:36:18] INFO  main.Server.Commands.CommandProcessor - Получена команда: PING
[2026-06-19 20:36:20] INFO  main.Server.Commands.CommandProcessor - Получена команда: PING
[2026-06-19 20:36:22] INFO  main.Server.Commands.CommandProcessor - Получена команда: PING
[2026-06-19 20:36:24] INFO  main.Server.Commands.CommandProcessor - Получена команда: PING
[2026-06-19 20:36:26] INFO  main.Server.Commands.CommandProcessor - Получена команда: PING
[2026-06-19 20:36:28] INFO  main.Server.Commands.CommandProcessor - Получена команда: PING
[2026-06-19 20:36:30] INFO  main.Server.Commands.CommandProcessor - Получена команда: PING
[2026-06-19 20:36:32] INFO  main.Server.Commands.CommandProcessor - Получена команда: PING
[2026-06-19 20:36:34] INFO  main.Server.Commands.CommandProcessor - Получена команда: PING
[2026-06-19 20:36:36] INFO  main.Server.Commands.CommandProcessor - Получена команда: PING
[2026-06-19 20:36:38] INFO  main.Server.Commands.CommandProcessor - Получена команда: PING
[2026-06-19 20:36:40] INFO  main.Server.Commands.CommandProcessor - Получена команда: PING
[2026-06-19 20:36:42] INFO  main.Server.Commands.CommandProcessor - Получена команда: PING
[2026-06-19 20:36:44] INFO  main.Server.Commands.CommandProcessor - Получена команда: PING
[2026-06-19 20:36:46] INFO  main.Server.Commands.CommandProcessor - Получена команда: PING
[2026-06-19 20:36:48] INFO  main.Server.Commands.CommandProcessor - Получена команда: PING
[2026-06-19 20:36:50] INFO  main.Server.Commands.CommandProcessor - Получена команда: PING
[2026-06-19 20:36:52] INFO  main.Server.Commands.CommandProcessor - Получена команда: PING
[2026-06-19 20:36:54] INFO  main.Server.Commands.CommandProcessor - Получена команда: PING
[2026-06-19 20:36:56] INFO  main.Server.Commands.CommandProcessor - Получена команда: PING
[2026-06-19 20:36:58] INFO  main.Server.Commands.CommandProcessor - Получена команда: PING
[2026-06-19 20:37:00] INFO  main.Server.Commands.CommandProcessor - Получена команда: PING
[2026-06-19 20:37:02] INFO  main.Server.Commands.CommandProcessor - Получена команда: PING
[2026-06-19 20:37:04] INFO  main.Server.Commands.CommandProcessor - Получена команда: PING
[2026-06-19 20:37:06] INFO  main.Server.Commands.CommandProcessor - Получена команда: PING
[2026-06-19 20:37:08] INFO  main.Server.Commands.CommandProcessor - Получена команда: PING
[2026-06-19 20:37:10] INFO  main.Server.Commands.CommandProcessor - Получена команда: PING
[2026-06-19 20:37:12] INFO  main.Server.Commands.CommandProcessor - Получена команда: PING
[2026-06-19 20:37:14] INFO  main.Server.Commands.CommandProcessor - Получена команда: PING
[2026-06-19 20:37:16] INFO  main.Server.Commands.CommandProcessor - Получена команда: PING
[2026-06-19 20:37:18] INFO  main.Server.Commands.CommandProcessor - Получена команда: PING
[2026-06-19 20:37:20] INFO  main.Server.Commands.CommandProcessor - Получена команда: PING
[2026-06-19 20:37:22] INFO  main.Server.Commands.CommandProcessor - Получена команда: PING
[2026-06-19 20:37:24] INFO  main.Server.Commands.CommandProcessor - Получена команда: PING
[2026-06-19 20:37:26] INFO  main.Server.Commands.CommandProcessor - Получена команда: PING
[2026-06-19 20:37:28] INFO  main.Server.Commands.CommandProcessor - Получена команда: PING
[2026-06-19 20:37:30] INFO  main.Server.Commands.CommandProcessor - Получена команда: PING
[2026-06-19 20:37:32] INFO  main.Server.Commands.CommandProcessor - Получена команда: PING
[2026-06-19 20:37:34] INFO  main.Server.Commands.CommandProcessor - Получена команда: PING
[2026-06-19 20:37:34] INFO  main.Server.ServerMain - Завершение JVM, сохранение коллекции
[2026-06-19 20:37:34] INFO  main.Server.Commands.CommandProcessor - Коллекция не сохранена, поскольку режим записи в файл отключён
[2026-06-19 20:37:40] INFO  main.Server.DatabaseManagment.DatabaseManager - База данных подключена
[2026-06-19 20:37:40] INFO  main.Server.FileManagment.FileManager - Файл прочитан: C:\Users\mongo\IdeaProjects\Lab5\test.xml
[2026-06-19 20:37:40] INFO  main.Server.Network.Server - Сервер запущен: 0.0.0.0:8731
[2026-06-19 20:37:43] INFO  main.Server.Network.Server - Клиент подключился: /127.0.0.1:60477
[2026-06-19 20:37:45] INFO  main.Server.Commands.CommandProcessor - Получена команда: PING
[2026-06-19 20:37:46] INFO  main.Server.Commands.CommandProcessor - Получена команда: LOGIN
[2026-06-19 20:37:47] INFO  main.Server.Commands.CommandProcessor - Получена команда: PING
[2026-06-19 20:37:48] INFO  main.Server.Commands.CommandProcessor - Получена команда: SHOW
[2026-06-19 20:37:49] INFO  main.Server.Commands.CommandProcessor - Получена команда: PING
[2026-06-19 20:37:51] INFO  main.Server.Commands.CommandProcessor - Получена команда: PING
[2026-06-19 20:37:53] INFO  main.Server.Commands.CommandProcessor - Получена команда: PING
[2026-06-19 20:37:55] INFO  main.Server.Commands.CommandProcessor - Получена команда: PING
[2026-06-19 20:37:57] INFO  main.Server.Commands.CommandProcessor - Получена команда: PING
[2026-06-19 20:37:59] INFO  main.Server.Commands.CommandProcessor - Получена команда: PING
[2026-06-19 20:38:01] INFO  main.Server.Commands.CommandProcessor - Получена команда: PING
[2026-06-19 20:38:03] INFO  main.Server.Commands.CommandProcessor - Получена команда: PING
[2026-06-19 20:38:05] INFO  main.Server.Commands.CommandProcessor - Получена команда: PING
[2026-06-19 20:38:07] INFO  main.Server.Commands.CommandProcessor - Получена команда: PING
[2026-06-19 20:38:09] INFO  main.Server.Commands.CommandProcessor - Получена команда: PING
[2026-06-19 20:38:11] INFO  main.Server.Commands.CommandProcessor - Получена команда: PING
[2026-06-19 20:38:13] INFO  main.Server.Commands.CommandProcessor - Получена команда: PING
[2026-06-19 20:38:15] INFO  main.Server.Commands.CommandProcessor - Получена команда: PING
[2026-06-19 20:38:17] INFO  main.Server.Commands.CommandProcessor - Получена команда: PING
[2026-06-19 20:38:19] INFO  main.Server.Commands.CommandProcessor - Получена команда: PING
[2026-06-19 20:38:21] INFO  main.Server.Commands.CommandProcessor - Получена команда: PING
[2026-06-19 20:38:23] INFO  main.Server.Commands.CommandProcessor - Получена команда: PING
[2026-06-19 20:38:25] INFO  main.Server.Commands.CommandProcessor - Получена команда: PING
[2026-06-19 20:38:27] INFO  main.Server.Commands.CommandProcessor - Получена команда: PING
[2026-06-19 20:38:29] INFO  main.Server.Commands.CommandProcessor - Получена команда: PING
[2026-06-19 20:38:31] INFO  main.Server.Commands.CommandProcessor - Получена команда: PING
[2026-06-19 20:38:33] INFO  main.Server.Commands.CommandProcessor - Получена команда: PING
[2026-06-19 20:38:35] INFO  main.Server.Commands.CommandProcessor - Получена команда: PING
[2026-06-19 20:38:37] INFO  main.Server.Commands.CommandProcessor - Получена команда: PING
[2026-06-19 20:38:39] INFO  main.Server.Commands.CommandProcessor - Получена команда: PING
[2026-06-19 20:38:41] INFO  main.Server.Commands.CommandProcessor - Получена команда: PING
[2026-06-19 20:38:43] INFO  main.Server.Commands.CommandProcessor - Получена команда: PING
[2026-06-19 20:38:45] INFO  main.Server.Commands.CommandProcessor - Получена команда: PING
[2026-06-19 20:38:47] INFO  main.Server.Commands.CommandProcessor - Получена команда: PING
[2026-06-19 20:38:49] INFO  main.Server.Commands.CommandProcessor - Получена команда: PING
[2026-06-19 20:38:51] INFO  main.Server.Commands.CommandProcessor - Получена команда: PING
[2026-06-19 20:38:53] INFO  main.Server.Commands.CommandProcessor - Получена команда: PING
[2026-06-19 20:38:55] INFO  main.Server.Commands.CommandProcessor - Получена команда: PING
[2026-06-19 20:38:57] INFO  main.Server.Commands.CommandProcessor - Получена команда: PING
[2026-06-19 20:38:59] INFO  main.Server.Commands.CommandProcessor - Получена команда: PING
[2026-06-19 20:39:01] INFO  main.Server.Commands.CommandProcessor - Получена команда: PING
[2026-06-19 20:39:03] INFO  main.Server.Commands.CommandProcessor - Получена команда: PING
[2026-06-19 20:39:05] INFO  main.Server.Commands.CommandProcessor - Получена команда: PING
[2026-06-19 20:39:07] INFO  main.Server.Commands.CommandProcessor - Получена команда: PING
[2026-06-19 20:39:09] INFO  main.Server.Commands.CommandProcessor - Получена команда: PING
[2026-06-19 20:39:11] INFO  main.Server.Commands.CommandProcessor - Получена команда: PING
[2026-06-19 20:39:13] INFO  main.Server.Commands.CommandProcessor - Получена команда: PING
[2026-06-19 20:39:15] INFO  main.Server.Commands.CommandProcessor - Получена команда: PING
[2026-06-19 20:39:17] INFO  main.Server.Commands.CommandProcessor - Получена команда: PING
[2026-06-19 20:39:19] INFO  main.Server.Commands.CommandProcessor - Получена команда: PING
[2026-06-19 20:39:21] INFO  main.Server.Commands.CommandProcessor - Получена команда: PING
[2026-06-19 20:39:23] INFO  main.Server.Commands.CommandProcessor - Получена команда: PING
[2026-06-19 20:39:25] INFO  main.Server.Commands.CommandProcessor - Получена команда: PING
[2026-06-19 20:39:27] INFO  main.Server.Commands.CommandProcessor - Получена команда: PING
[2026-06-19 20:39:29] INFO  main.Server.Commands.CommandProcessor - Получена команда: PING
[2026-06-19 20:39:31] INFO  main.Server.Commands.CommandProcessor - Получена команда: PING
[2026-06-19 20:39:33] INFO  main.Server.Commands.CommandProcessor - Получена команда: PING
[2026-06-19 20:39:35] INFO  main.Server.Commands.CommandProcessor - Получена команда: PING
[2026-06-19 20:39:37] INFO  main.Server.Commands.CommandProcessor - Получена команда: PING
[2026-06-19 20:39:39] INFO  main.Server.Commands.CommandProcessor - Получена команда: PING
[2026-06-19 20:39:41] INFO  main.Server.Commands.CommandProcessor - Получена команда: PING
[2026-06-19 20:39:43] INFO  main.Server.Commands.CommandProcessor - Получена команда: PING
[2026-06-19 20:39:45] INFO  main.Server.Commands.CommandProcessor - Получена команда: PING
[2026-06-19 20:39:47] INFO  main.Server.Commands.CommandProcessor - Получена команда: PING
[2026-06-19 20:39:49] INFO  main.Server.Commands.CommandProcessor - Получена команда: PING
[2026-06-19 20:39:51] INFO  main.Server.Commands.CommandProcessor - Получена команда: PING
[2026-06-19 20:39:53] INFO  main.Server.Commands.CommandProcessor - Получена команда: PING
[2026-06-19 20:39:55] INFO  main.Server.Commands.CommandProcessor - Получена команда: PING
[2026-06-19 20:39:57] INFO  main.Server.Commands.CommandProcessor - Получена команда: PING
[2026-06-19 20:39:59] INFO  main.Server.Commands.CommandProcessor - Получена команда: PING
[2026-06-19 20:40:01] INFO  main.Server.Commands.CommandProcessor - Получена команда: PING
[2026-06-19 20:40:03] INFO  main.Server.Commands.CommandProcessor - Получена команда: PING
[2026-06-19 20:40:05] INFO  main.Server.Commands.CommandProcessor - Получена команда: PING
[2026-06-19 20:40:07] INFO  main.Server.Commands.CommandProcessor - Получена команда: PING
[2026-06-19 20:40:09] INFO  main.Server.Commands.CommandProcessor - Получена команда: PING
[2026-06-19 20:40:11] INFO  main.Server.Commands.CommandProcessor - Получена команда: PING
[2026-06-19 20:40:13] INFO  main.Server.Commands.CommandProcessor - Получена команда: PING
[2026-06-19 20:40:15] INFO  main.Server.Commands.CommandProcessor - Получена команда: PING
[2026-06-19 20:40:17] INFO  main.Server.Commands.CommandProcessor - Получена команда: PING
[2026-06-19 20:40:19] INFO  main.Server.Commands.CommandProcessor - Получена команда: PING
[2026-06-19 20:40:21] INFO  main.Server.Commands.CommandProcessor - Получена команда: PING
[2026-06-19 20:40:23] INFO  main.Server.Commands.CommandProcessor - Получена команда: PING
[2026-06-19 20:40:25] INFO  main.Server.Commands.CommandProcessor - Получена команда: PING
[2026-06-19 20:40:27] INFO  main.Server.Commands.CommandProcessor - Получена команда: PING
[2026-06-19 20:40:29] INFO  main.Server.Commands.CommandProcessor - Получена команда: PING
[2026-06-19 20:40:31] INFO  main.Server.Commands.CommandProcessor - Получена команда: PING
[2026-06-19 20:40:33] INFO  main.Server.Commands.CommandProcessor - Получена команда: PING
[2026-06-19 20:40:35] INFO  main.Server.Commands.CommandProcessor - Получена команда: PING
[2026-06-19 20:40:37] INFO  main.Server.Commands.CommandProcessor - Получена команда: PING
[2026-06-19 20:40:39] INFO  main.Server.Commands.CommandProcessor - Получена команда: PING
[2026-06-19 20:40:41] INFO  main.Server.Commands.CommandProcessor - Получена команда: PING
[2026-06-19 20:40:44] INFO  main.Server.Commands.CommandProcessor - Получена команда: PING
[2026-06-19 20:40:46] INFO  main.Server.Commands.CommandProcessor - Получена команда: PING
[2026-06-19 20:40:48] INFO  main.Server.Commands.CommandProcessor - Получена команда: PING
[2026-06-19 20:40:50] INFO  main.Server.Commands.CommandProcessor - Получена команда: PING
[2026-06-19 20:40:52] INFO  main.Server.Commands.CommandProcessor - Получена команда: PING
[2026-06-19 20:40:54] INFO  main.Server.Commands.CommandProcessor - Получена команда: PING
[2026-06-19 20:40:56] INFO  main.Server.Commands.CommandProcessor - Получена команда: PING
[2026-06-19 20:40:58] INFO  main.Server.Commands.CommandProcessor - Получена команда: PING
[2026-06-19 20:41:00] INFO  main.Server.Commands.CommandProcessor - Получена команда: PING
[2026-06-19 20:41:02] INFO  main.Server.Commands.CommandProcessor - Получена команда: PING
[2026-06-19 20:41:04] INFO  main.Server.Commands.CommandProcessor - Получена команда: PING
[2026-06-19 20:41:06] INFO  main.Server.Commands.CommandProcessor - Получена команда: PING
[2026-06-19 20:41:08] INFO  main.Server.Commands.CommandProcessor - Получена команда: PING
[2026-06-19 20:41:10] INFO  main.Server.Commands.CommandProcessor - Получена команда: PING
[2026-06-19 20:41:12] INFO  main.Server.Commands.CommandProcessor - Получена команда: PING
[2026-06-19 20:41:14] INFO  main.Server.Commands.CommandProcessor - Получена команда: PING
[2026-06-19 20:41:16] INFO  main.Server.Commands.CommandProcessor - Получена команда: PING
[2026-06-19 20:41:18] INFO  main.Server.Commands.CommandProcessor - Получена команда: PING
[2026-06-19 20:41:20] INFO  main.Server.Commands.CommandProcessor - Получена команда: PING
[2026-06-19 20:41:22] INFO  main.Server.Commands.CommandProcessor - Получена команда: PING
[2026-06-19 20:41:24] INFO  main.Server.Commands.CommandProcessor - Получена команда: PING
[2026-06-19 20:41:26] INFO  main.Server.Commands.CommandProcessor - Получена команда: PING
[2026-06-19 20:41:28] INFO  main.Server.Commands.CommandProcessor - Получена команда: PING
[2026-06-19 20:41:30] INFO  main.Server.Commands.CommandProcessor - Получена команда: PING
[2026-06-19 20:41:32] INFO  main.Server.Commands.CommandProcessor - Получена команда: PING
[2026-06-19 20:41:34] INFO  main.Server.Commands.CommandProcessor - Получена команда: PING
[2026-06-19 20:41:36] INFO  main.Server.Commands.CommandProcessor - Получена команда: PING
[2026-06-19 20:41:38] INFO  main.Server.Commands.CommandProcessor - Получена команда: PING
[2026-06-19 20:41:40] INFO  main.Server.Commands.CommandProcessor - Получена команда: PING
[2026-06-19 20:41:42] INFO  main.Server.Commands.CommandProcessor - Получена команда: PING
[2026-06-19 20:41:44] INFO  main.Server.Commands.CommandProcessor - Получена команда: PING
[2026-06-19 20:41:46] INFO  main.Server.Commands.CommandProcessor - Получена команда: PING
[2026-06-19 20:41:48] INFO  main.Server.Commands.CommandProcessor - Получена команда: PING
[2026-06-19 20:41:50] INFO  main.Server.Commands.CommandProcessor - Получена команда: PING
[2026-06-19 20:41:52] INFO  main.Server.Commands.CommandProcessor - Получена команда: PING
[2026-06-19 20:41:54] INFO  main.Server.Commands.CommandProcessor - Получена команда: PING
[2026-06-19 20:41:56] INFO  main.Server.Commands.CommandProcessor - Получена команда: PING
[2026-06-19 20:41:58] INFO  main.Server.Commands.CommandProcessor - Получена команда: PING
[2026-06-19 20:42:00] INFO  main.Server.Commands.CommandProcessor - Получена команда: PING
[2026-06-19 20:42:02] INFO  main.Server.Commands.CommandProcessor - Получена команда: PING
[2026-06-19 20:42:04] INFO  main.Server.Commands.CommandProcessor - Получена команда: PING
[2026-06-19 20:42:06] INFO  main.Server.Commands.CommandProcessor - Получена команда: PING
[2026-06-19 20:42:08] INFO  main.Server.Commands.CommandProcessor - Получена команда: PING
[2026-06-19 20:42:10] INFO  main.Server.Commands.CommandProcessor - Получена команда: PING
[2026-06-19 20:42:12] INFO  main.Server.Commands.CommandProcessor - Получена команда: PING
[2026-06-19 20:42:14] INFO  main.Server.Commands.CommandProcessor - Получена команда: PING
[2026-06-19 20:42:16] INFO  main.Server.Commands.CommandProcessor - Получена команда: PING
[2026-06-19 20:42:18] INFO  main.Server.Commands.CommandProcessor - Получена команда: PING
[2026-06-19 20:42:20] INFO  main.Server.Commands.CommandProcessor - Получена команда: PING
[2026-06-19 20:42:22] INFO  main.Server.Commands.CommandProcessor - Получена команда: PING
[2026-06-19 20:42:24] INFO  main.Server.Commands.CommandProcessor - Получена команда: PING
[2026-06-19 20:42:26] INFO  main.Server.Commands.CommandProcessor - Получена команда: PING
[2026-06-19 20:42:28] INFO  main.Server.Commands.CommandProcessor - Получена команда: PING
[2026-06-19 20:42:30] INFO  main.Server.Commands.CommandProcessor - Получена команда: PING
[2026-06-19 20:42:32] INFO  main.Server.Commands.CommandProcessor - Получена команда: PING
[2026-06-19 20:42:34] INFO  main.Server.Commands.CommandProcessor - Получена команда: PING
[2026-06-19 20:42:36] INFO  main.Server.Commands.CommandProcessor - Получена команда: PING
[2026-06-19 20:42:38] INFO  main.Server.Commands.CommandProcessor - Получена команда: PING
[2026-06-19 20:42:40] INFO  main.Server.Commands.CommandProcessor - Получена команда: PING
[2026-06-19 20:42:42] INFO  main.Server.Commands.CommandProcessor - Получена команда: PING
[2026-06-19 20:42:44] INFO  main.Server.Commands.CommandProcessor - Получена команда: PING
[2026-06-19 20:42:46] INFO  main.Server.Commands.CommandProcessor - Получена команда: PING
[2026-06-19 20:42:48] INFO  main.Server.Commands.CommandProcessor - Получена команда: PING
[2026-06-19 20:42:50] INFO  main.Server.Commands.CommandProcessor - Получена команда: PING
[2026-06-19 20:42:52] INFO  main.Server.Commands.CommandProcessor - Получена команда: PING
[2026-06-19 20:42:54] INFO  main.Server.Commands.CommandProcessor - Получена команда: PING
[2026-06-19 20:42:56] INFO  main.Server.Commands.CommandProcessor - Получена команда: PING
[2026-06-19 20:42:58] INFO  main.Server.Commands.CommandProcessor - Получена команда: PING
[2026-06-19 20:43:00] INFO  main.Server.Commands.CommandProcessor - Получена команда: PING
[2026-06-19 20:43:02] INFO  main.Server.Commands.CommandProcessor - Получена команда: PING
[2026-06-19 20:43:04] INFO  main.Server.Commands.CommandProcessor - Получена команда: PING
[2026-06-19 20:43:06] INFO  main.Server.Commands.CommandProcessor - Получена команда: PING
[2026-06-19 20:43:08] INFO  main.Server.Commands.CommandProcessor - Получена команда: PING
[2026-06-19 20:43:10] INFO  main.Server.Commands.CommandProcessor - Получена команда: PING
[2026-06-19 20:43:12] INFO  main.Server.Commands.CommandProcessor - Получена команда: PING
[2026-06-19 20:43:14] INFO  main.Server.Commands.CommandProcessor - Получена команда: PING
[2026-06-19 20:43:16] INFO  main.Server.Commands.CommandProcessor - Получена команда: PING
[2026-06-19 20:43:18] INFO  main.Server.Commands.CommandProcessor - Получена команда: PING
[2026-06-19 20:43:20] INFO  main.Server.Commands.CommandProcessor - Получена команда: PING
[2026-06-19 20:43:22] INFO  main.Server.Commands.CommandProcessor - Получена команда: PING
[2026-06-19 20:43:24] INFO  main.Server.Commands.CommandProcessor - Получена команда: PING
[2026-06-19 20:43:26] INFO  main.Server.Commands.CommandProcessor - Получена команда: PING
[2026-06-19 20:43:28] INFO  main.Server.Commands.CommandProcessor - Получена команда: PING
[2026-06-19 20:43:30] INFO  main.Server.Commands.CommandProcessor - Получена команда: PING
[2026-06-19 20:43:32] INFO  main.Server.Commands.CommandProcessor - Получена команда: PING
[2026-06-19 20:43:34] INFO  main.Server.Commands.CommandProcessor - Получена команда: PING
[2026-06-19 20:43:36] INFO  main.Server.Commands.CommandProcessor - Получена команда: PING
[2026-06-19 20:43:38] INFO  main.Server.Commands.CommandProcessor - Получена команда: PING
[2026-06-19 20:43:40] INFO  main.Server.Commands.CommandProcessor - Получена команда: PING
[2026-06-19 20:43:42] INFO  main.Server.Commands.CommandProcessor - Получена команда: PING
[2026-06-19 20:43:44] INFO  main.Server.Commands.CommandProcessor - Получена команда: PING
[2026-06-19 20:43:46] INFO  main.Server.Commands.CommandProcessor - Получена команда: PING
[2026-06-19 20:43:48] INFO  main.Server.Commands.CommandProcessor - Получена команда: PING
[2026-06-19 20:43:50] INFO  main.Server.Commands.CommandProcessor - Получена команда: PING
[2026-06-19 20:43:52] INFO  main.Server.Commands.CommandProcessor - Получена команда: PING
[2026-06-19 20:43:54] INFO  main.Server.Commands.CommandProcessor - Получена команда: PING
[2026-06-19 20:43:56] INFO  main.Server.Commands.CommandProcessor - Получена команда: PING
[2026-06-19 20:43:58] INFO  main.Server.Commands.CommandProcessor - Получена команда: PING
[2026-06-19 20:44:00] INFO  main.Server.Commands.CommandProcessor - Получена команда: PING
[2026-06-19 20:44:02] INFO  main.Server.Commands.CommandProcessor - Получена команда: PING
[2026-06-19 20:44:05] INFO  main.Server.Commands.CommandProcessor - Получена команда: PING
[2026-06-19 20:44:07] INFO  main.Server.Commands.CommandProcessor - Получена команда: PING
[2026-06-19 20:44:09] INFO  main.Server.Commands.CommandProcessor - Получена команда: PING
[2026-06-19 20:44:11] INFO  main.Server.Commands.CommandProcessor - Получена команда: PING
[2026-06-19 20:44:13] INFO  main.Server.Commands.CommandProcessor - Получена команда: PING
[2026-06-19 20:44:15] INFO  main.Server.Commands.CommandProcessor - Получена команда: PING
[2026-06-19 20:44:17] INFO  main.Server.Commands.CommandProcessor - Получена команда: PING
[2026-06-19 20:44:19] INFO  main.Server.Commands.CommandProcessor - Получена команда: PING
[2026-06-19 20:44:21] INFO  main.Server.Commands.CommandProcessor - Получена команда: PING
[2026-06-19 20:44:23] INFO  main.Server.Commands.CommandProcessor - Получена команда: PING
[2026-06-19 20:44:25] INFO  main.Server.Commands.CommandProcessor - Получена команда: PING
[2026-06-19 20:44:27] INFO  main.Server.Commands.CommandProcessor - Получена команда: PING
[2026-06-19 20:44:29] INFO  main.Server.Commands.CommandProcessor - Получена команда: PING
[2026-06-19 20:44:31] INFO  main.Server.Commands.CommandProcessor - Получена команда: PING
[2026-06-19 20:44:33] INFO  main.Server.Commands.CommandProcessor - Получена команда: PING
[2026-06-19 20:44:35] INFO  main.Server.Commands.CommandProcessor - Получена команда: PING
[2026-06-19 20:44:37] INFO  main.Server.Commands.CommandProcessor - Получена команда: PING
[2026-06-19 20:44:39] INFO  main.Server.Commands.CommandProcessor - Получена команда: PING
[2026-06-19 20:44:41] INFO  main.Server.Commands.CommandProcessor - Получена команда: PING
[2026-06-19 20:44:43] INFO  main.Server.Commands.CommandProcessor - Получена команда: PING
[2026-06-19 20:44:45] INFO  main.Server.Commands.CommandProcessor - Получена команда: PING
[2026-06-19 20:44:47] INFO  main.Server.Commands.CommandProcessor - Получена команда: PING
[2026-06-19 20:44:49] INFO  main.Server.Commands.CommandProcessor - Получена команда: PING
[2026-06-19 20:44:51] INFO  main.Server.Commands.CommandProcessor - Получена команда: PING
[2026-06-19 20:44:53] INFO  main.Server.Commands.CommandProcessor - Получена команда: PING
[2026-06-19 20:44:55] INFO  main.Server.Commands.CommandProcessor - Получена команда: PING
[2026-06-19 20:44:57] INFO  main.Server.Commands.CommandProcessor - Получена команда: PING
[2026-06-19 20:44:59] INFO  main.Server.Commands.CommandProcessor - Получена команда: PING
[2026-06-19 20:45:01] INFO  main.Server.Commands.CommandProcessor - Получена команда: PING
[2026-06-19 20:45:03] INFO  main.Server.Commands.CommandProcessor - Получена команда: PING
[2026-06-19 20:45:05] INFO  main.Server.Commands.CommandProcessor - Получена команда: PING
[2026-06-19 20:45:07] INFO  main.Server.Commands.CommandProcessor - Получена команда: PING
[2026-06-19 20:45:09] INFO  main.Server.Commands.CommandProcessor - Получена команда: PING
[2026-06-19 20:45:11] INFO  main.Server.Commands.CommandProcessor - Получена команда: PING
[2026-06-19 20:45:13] INFO  main.Server.Commands.CommandProcessor - Получена команда: PING
[2026-06-19 20:45:15] INFO  main.Server.Commands.CommandProcessor - Получена команда: PING
[2026-06-19 20:45:17] INFO  main.Server.Commands.CommandProcessor - Получена команда: PING
[2026-06-19 20:45:19] INFO  main.Server.Commands.CommandProcessor - Получена команда: PING
[2026-06-19 20:45:21] INFO  main.Server.Commands.CommandProcessor - Получена команда: PING
[2026-06-19 20:45:23] INFO  main.Server.Commands.CommandProcessor - Получена команда: PING
[2026-06-19 20:45:25] INFO  main.Server.Commands.CommandProcessor - Получена команда: PING
[2026-06-19 20:45:27] INFO  main.Server.Commands.CommandProcessor - Получена команда: PING
[2026-06-19 20:45:29] INFO  main.Server.Commands.CommandProcessor - Получена команда: PING
[2026-06-19 20:45:31] INFO  main.Server.Commands.CommandProcessor - Получена команда: PING
[2026-06-19 20:45:33] INFO  main.Server.Commands.CommandProcessor - Получена команда: PING
[2026-06-19 20:45:35] INFO  main.Server.Commands.CommandProcessor - Получена команда: PING
[2026-06-19 20:45:37] INFO  main.Server.Commands.CommandProcessor - Получена команда: PING
[2026-06-19 20:45:39] INFO  main.Server.Commands.CommandProcessor - Получена команда: PING
[2026-06-19 20:45:41] INFO  main.Server.Commands.CommandProcessor - Получена команда: PING
[2026-06-19 20:45:43] INFO  main.Server.Commands.CommandProcessor - Получена команда: PING
[2026-06-19 20:45:45] INFO  main.Server.Commands.CommandProcessor - Получена команда: PING
[2026-06-19 20:45:47] INFO  main.Server.Commands.CommandProcessor - Получена команда: PING
[2026-06-19 20:45:49] INFO  main.Server.Commands.CommandProcessor - Получена команда: PING
[2026-06-19 20:45:51] INFO  main.Server.Commands.CommandProcessor - Получена команда: PING
[2026-06-19 20:45:53] INFO  main.Server.Commands.CommandProcessor - Получена команда: PING
[2026-06-19 20:45:55] INFO  main.Server.Commands.CommandProcessor - Получена команда: PING
[2026-06-19 20:45:57] INFO  main.Server.Commands.CommandProcessor - Получена команда: PING
[2026-06-19 20:45:59] INFO  main.Server.Commands.CommandProcessor - Получена команда: PING
[2026-06-19 20:46:01] INFO  main.Server.Commands.CommandProcessor - Получена команда: PING
[2026-06-19 20:46:03] INFO  main.Server.Commands.CommandProcessor - Получена команда: PING
[2026-06-19 20:46:05] INFO  main.Server.Commands.CommandProcessor - Получена команда: PING
[2026-06-19 20:46:07] INFO  main.Server.Commands.CommandProcessor - Получена команда: PING
[2026-06-19 20:46:09] INFO  main.Server.Commands.CommandProcessor - Получена команда: PING
[2026-06-19 20:46:11] INFO  main.Server.Commands.CommandProcessor - Получена команда: PING
[2026-06-19 20:46:13] INFO  main.Server.Commands.CommandProcessor - Получена команда: PING
[2026-06-19 20:46:15] INFO  main.Server.Commands.CommandProcessor - Получена команда: PING
[2026-06-19 20:46:17] INFO  main.Server.Commands.CommandProcessor - Получена команда: PING
[2026-06-19 20:46:19] INFO  main.Server.Commands.CommandProcessor - Получена команда: PING
[2026-06-19 20:46:21] INFO  main.Server.Commands.CommandProcessor - Получена команда: PING
[2026-06-19 20:46:23] INFO  main.Server.Commands.CommandProcessor - Получена команда: PING
[2026-06-19 20:46:25] INFO  main.Server.Commands.CommandProcessor - Получена команда: PING
[2026-06-19 20:46:27] INFO  main.Server.Commands.CommandProcessor - Получена команда: PING
[2026-06-19 20:46:29] INFO  main.Server.Commands.CommandProcessor - Получена команда: PING
[2026-06-19 20:46:31] INFO  main.Server.Commands.CommandProcessor - Получена команда: PING
[2026-06-19 20:46:33] INFO  main.Server.Commands.CommandProcessor - Получена команда: PING
[2026-06-19 20:46:35] INFO  main.Server.Commands.CommandProcessor - Получена команда: PING
[2026-06-19 20:46:37] INFO  main.Server.Commands.CommandProcessor - Получена команда: PING
[2026-06-19 20:46:39] INFO  main.Server.Commands.CommandProcessor - Получена команда: PING
[2026-06-19 20:46:41] INFO  main.Server.Commands.CommandProcessor - Получена команда: PING
[2026-06-19 20:46:43] INFO  main.Server.Commands.CommandProcessor - Получена команда: PING
[2026-06-19 20:46:45] INFO  main.Server.Commands.CommandProcessor - Получена команда: PING
[2026-06-19 20:46:47] INFO  main.Server.Commands.CommandProcessor - Получена команда: PING
[2026-06-19 20:46:49] INFO  main.Server.Commands.CommandProcessor - Получена команда: PING
[2026-06-19 20:46:51] INFO  main.Server.Commands.CommandProcessor - Получена команда: PING
[2026-06-19 20:46:53] INFO  main.Server.Commands.CommandProcessor - Получена команда: PING
[2026-06-19 20:46:55] INFO  main.Server.Commands.CommandProcessor - Получена команда: PING
[2026-06-19 20:46:57] INFO  main.Server.Commands.CommandProcessor - Получена команда: PING
[2026-06-19 20:46:59] INFO  main.Server.Commands.CommandProcessor - Получена команда: PING
[2026-06-19 20:47:01] INFO  main.Server.Commands.CommandProcessor - Получена команда: PING
[2026-06-19 20:47:03] INFO  main.Server.Commands.CommandProcessor - Получена команда: PING
[2026-06-19 20:47:05] INFO  main.Server.Commands.CommandProcessor - Получена команда: PING
[2026-06-19 20:47:07] INFO  main.Server.Commands.CommandProcessor - Получена команда: PING
[2026-06-19 20:47:09] INFO  main.Server.Commands.CommandProcessor - Получена команда: PING
[2026-06-19 20:47:11] INFO  main.Server.Commands.CommandProcessor - Получена команда: PING
[2026-06-19 20:47:13] INFO  main.Server.Commands.CommandProcessor - Получена команда: PING
[2026-06-19 20:47:15] INFO  main.Server.Commands.CommandProcessor - Получена команда: PING
[2026-06-19 20:47:17] INFO  main.Server.Commands.CommandProcessor - Получена команда: PING
[2026-06-19 20:47:19] INFO  main.Server.Commands.CommandProcessor - Получена команда: PING
[2026-06-19 20:47:21] INFO  main.Server.Commands.CommandProcessor - Получена команда: PING
[2026-06-19 20:47:23] INFO  main.Server.Commands.CommandProcessor - Получена команда: PING
[2026-06-19 20:47:25] INFO  main.Server.Commands.CommandProcessor - Получена команда: PING
[2026-06-19 20:47:27] INFO  main.Server.Commands.CommandProcessor - Получена команда: PING
[2026-06-19 20:47:29] INFO  main.Server.Commands.CommandProcessor - Получена команда: PING
[2026-06-19 20:47:31] INFO  main.Server.Commands.CommandProcessor - Получена команда: PING
[2026-06-19 20:47:33] INFO  main.Server.Commands.CommandProcessor - Получена команда: PING
[2026-06-19 20:47:35] INFO  main.Server.Commands.CommandProcessor - Получена команда: PING
[2026-06-19 20:47:37] INFO  main.Server.Commands.CommandProcessor - Получена команда: PING
[2026-06-19 20:47:39] INFO  main.Server.Commands.CommandProcessor - Получена команда: PING
[2026-06-19 20:47:41] INFO  main.Server.Commands.CommandProcessor - Получена команда: PING
[2026-06-19 20:47:43] INFO  main.Server.Commands.CommandProcessor - Получена команда: PING
[2026-06-19 20:47:45] INFO  main.Server.Commands.CommandProcessor - Получена команда: PING
[2026-06-19 20:47:47] INFO  main.Server.Commands.CommandProcessor - Получена команда: PING
[2026-06-19 20:47:49] INFO  main.Server.Commands.CommandProcessor - Получена команда: PING
[2026-06-19 20:47:51] INFO  main.Server.Commands.CommandProcessor - Получена команда: PING
[2026-06-19 20:47:54] INFO  main.Server.Commands.CommandProcessor - Получена команда: PING
[2026-06-19 20:47:56] INFO  main.Server.Commands.CommandProcessor - Получена команда: PING
[2026-06-19 20:47:58] INFO  main.Server.Commands.CommandProcessor - Получена команда: PING
[2026-06-19 20:48:00] INFO  main.Server.Commands.CommandProcessor - Получена команда: PING
[2026-06-19 20:48:02] INFO  main.Server.Commands.CommandProcessor - Получена команда: PING
[2026-06-19 20:48:04] INFO  main.Server.Commands.CommandProcessor - Получена команда: PING
[2026-06-19 20:48:06] INFO  main.Server.Commands.CommandProcessor - Получена команда: PING
[2026-06-19 20:48:08] INFO  main.Server.Commands.CommandProcessor - Получена команда: PING
[2026-06-19 20:48:10] INFO  main.Server.Commands.CommandProcessor - Получена команда: PING
[2026-06-19 20:48:12] INFO  main.Server.Commands.CommandProcessor - Получена команда: PING
[2026-06-19 20:48:14] INFO  main.Server.Commands.CommandProcessor - Получена команда: PING
[2026-06-19 20:48:16] INFO  main.Server.Commands.CommandProcessor - Получена команда: PING
[2026-06-19 20:48:18] INFO  main.Server.Commands.CommandProcessor - Получена команда: PING
[2026-06-19 20:48:20] INFO  main.Server.Commands.CommandProcessor - Получена команда: PING
[2026-06-19 20:48:22] INFO  main.Server.Commands.CommandProcessor - Получена команда: PING
[2026-06-19 20:48:24] INFO  main.Server.Commands.CommandProcessor - Получена команда: PING
[2026-06-19 20:48:26] INFO  main.Server.Commands.CommandProcessor - Получена команда: PING
[2026-06-19 20:48:28] INFO  main.Server.Commands.CommandProcessor - Получена команда: PING
[2026-06-19 20:48:30] INFO  main.Server.Commands.CommandProcessor - Получена команда: PING
[2026-06-19 20:48:32] INFO  main.Server.Commands.CommandProcessor - Получена команда: PING
[2026-06-19 20:48:34] INFO  main.Server.Commands.CommandProcessor - Получена команда: PING
[2026-06-19 20:48:36] INFO  main.Server.Commands.CommandProcessor - Получена команда: PING
[2026-06-19 20:48:38] INFO  main.Server.Commands.CommandProcessor - Получена команда: PING
[2026-06-19 20:48:40] INFO  main.Server.Commands.CommandProcessor - Получена команда: PING
[2026-06-19 20:48:42] INFO  main.Server.Commands.CommandProcessor - Получена команда: PING
[2026-06-19 20:48:44] INFO  main.Server.Commands.CommandProcessor - Получена команда: PING
[2026-06-19 20:48:46] INFO  main.Server.Commands.CommandProcessor - Получена команда: PING
[2026-06-19 20:48:48] INFO  main.Server.Commands.CommandProcessor - Получена команда: PING
[2026-06-19 20:48:50] INFO  main.Server.Commands.CommandProcessor - Получена команда: PING
[2026-06-19 20:48:52] INFO  main.Server.Commands.CommandProcessor - Получена команда: PING
[2026-06-19 20:48:54] INFO  main.Server.Commands.CommandProcessor - Получена команда: PING
[2026-06-19 20:48:56] INFO  main.Server.Commands.CommandProcessor - Получена команда: PING
[2026-06-19 20:48:58] INFO  main.Server.Commands.CommandProcessor - Получена команда: PING
[2026-06-19 20:49:00] INFO  main.Server.Commands.CommandProcessor - Получена команда: PING
[2026-06-19 20:49:02] INFO  main.Server.Commands.CommandProcessor - Получена команда: PING
[2026-06-19 20:49:04] INFO  main.Server.Commands.CommandProcessor - Получена команда: PING
[2026-06-19 20:49:06] INFO  main.Server.Commands.CommandProcessor - Получена команда: PING
[2026-06-19 20:49:08] INFO  main.Server.Commands.CommandProcessor - Получена команда: PING
[2026-06-19 20:49:10] INFO  main.Server.Commands.CommandProcessor - Получена команда: PING
[2026-06-19 20:49:12] INFO  main.Server.Commands.CommandProcessor - Получена команда: PING
[2026-06-19 20:49:14] INFO  main.Server.Commands.CommandProcessor - Получена команда: PING
[2026-06-19 20:49:16] INFO  main.Server.Commands.CommandProcessor - Получена команда: PING
[2026-06-19 20:49:18] INFO  main.Server.Commands.CommandProcessor - Получена команда: PING
[2026-06-19 20:49:20] INFO  main.Server.Commands.CommandProcessor - Получена команда: PING
[2026-06-19 20:49:22] INFO  main.Server.Commands.CommandProcessor - Получена команда: PING
[2026-06-19 20:49:24] INFO  main.Server.Commands.CommandProcessor - Получена команда: PING
[2026-06-19 20:49:26] INFO  main.Server.Commands.CommandProcessor - Получена команда: PING
[2026-06-19 20:49:28] INFO  main.Server.Commands.CommandProcessor - Получена команда: PING
[2026-06-19 20:49:30] INFO  main.Server.Commands.CommandProcessor - Получена команда: PING
[2026-06-19 20:49:32] INFO  main.Server.Commands.CommandProcessor - Получена команда: PING
[2026-06-19 20:49:34] INFO  main.Server.Commands.CommandProcessor - Получена команда: PING
[2026-06-19 20:49:36] INFO  main.Server.Commands.CommandProcessor - Получена команда: PING
[2026-06-19 20:49:38] INFO  main.Server.Commands.CommandProcessor - Получена команда: PING
[2026-06-19 20:49:40] INFO  main.Server.Commands.CommandProcessor - Получена команда: PING
[2026-06-19 20:49:42] INFO  main.Server.Commands.CommandProcessor - Получена команда: PING
[2026-06-19 20:49:44] INFO  main.Server.Commands.CommandProcessor - Получена команда: PING
[2026-06-19 20:49:46] INFO  main.Server.Commands.CommandProcessor - Получена команда: PING
[2026-06-19 20:49:48] INFO  main.Server.Commands.CommandProcessor - Получена команда: PING
[2026-06-19 20:49:50] INFO  main.Server.Commands.CommandProcessor - Получена команда: PING
[2026-06-19 20:49:52] INFO  main.Server.Commands.CommandProcessor - Получена команда: PING
[2026-06-19 20:49:54] INFO  main.Server.Commands.CommandProcessor - Получена команда: PING
[2026-06-19 20:49:56] INFO  main.Server.Commands.CommandProcessor - Получена команда: PING
[2026-06-19 20:49:58] INFO  main.Server.Commands.CommandProcessor - Получена команда: PING
[2026-06-19 20:50:00] INFO  main.Server.Commands.CommandProcessor - Получена команда: PING
[2026-06-19 20:50:02] INFO  main.Server.Commands.CommandProcessor - Получена команда: PING
[2026-06-19 20:50:04] INFO  main.Server.Commands.CommandProcessor - Получена команда: PING
[2026-06-19 20:50:06] INFO  main.Server.Commands.CommandProcessor - Получена команда: PING
[2026-06-19 20:50:08] INFO  main.Server.Commands.CommandProcessor - Получена команда: PING
[2026-06-19 20:50:10] INFO  main.Server.Commands.CommandProcessor - Получена команда: PING
[2026-06-19 20:50:12] INFO  main.Server.Commands.CommandProcessor - Получена команда: PING
[2026-06-19 20:50:14] INFO  main.Server.Commands.CommandProcessor - Получена команда: PING
[2026-06-19 20:50:16] INFO  main.Server.Commands.CommandProcessor - Получена команда: PING
[2026-06-19 20:50:18] INFO  main.Server.Commands.CommandProcessor - Получена команда: PING
[2026-06-19 20:50:20] INFO  main.Server.Commands.CommandProcessor - Получена команда: PING
[2026-06-19 20:50:22] INFO  main.Server.Commands.CommandProcessor - Получена команда: PING
[2026-06-19 20:50:24] INFO  main.Server.Commands.CommandProcessor - Получена команда: PING
[2026-06-19 20:50:26] INFO  main.Server.Commands.CommandProcessor - Получена команда: PING
[2026-06-19 20:50:28] INFO  main.Server.Commands.CommandProcessor - Получена команда: PING
[2026-06-19 20:50:30] INFO  main.Server.Commands.CommandProcessor - Получена команда: PING
[2026-06-19 20:50:32] INFO  main.Server.Commands.CommandProcessor - Получена команда: PING
[2026-06-19 20:50:34] INFO  main.Server.Commands.CommandProcessor - Получена команда: PING
[2026-06-19 20:50:36] INFO  main.Server.Commands.CommandProcessor - Получена команда: PING
[2026-06-19 20:50:38] INFO  main.Server.Commands.CommandProcessor - Получена команда: PING
[2026-06-19 20:50:40] INFO  main.Server.Commands.CommandProcessor - Получена команда: PING
[2026-06-19 20:50:42] INFO  main.Server.Commands.CommandProcessor - Получена команда: PING
[2026-06-19 20:50:44] INFO  main.Server.Commands.CommandProcessor - Получена команда: PING
[2026-06-19 20:50:46] INFO  main.Server.Commands.CommandProcessor - Получена команда: PING
[2026-06-19 20:50:48] INFO  main.Server.Commands.CommandProcessor - Получена команда: PING
[2026-06-19 20:50:50] INFO  main.Server.Commands.CommandProcessor - Получена команда: PING
[2026-06-19 20:50:52] INFO  main.Server.Commands.CommandProcessor - Получена команда: PING
[2026-06-19 20:50:54] INFO  main.Server.Commands.CommandProcessor - Получена команда: PING
[2026-06-19 20:50:56] INFO  main.Server.Commands.CommandProcessor - Получена команда: PING
[2026-06-19 20:50:58] INFO  main.Server.Commands.CommandProcessor - Получена команда: PING
[2026-06-19 20:51:00] INFO  main.Server.Commands.CommandProcessor - Получена команда: PING
[2026-06-19 20:51:02] INFO  main.Server.ServerMain - Завершение JVM, сохранение коллекции
[2026-06-19 20:51:02] INFO  main.Server.Commands.CommandProcessor - Коллекция не сохранена, поскольку режим записи в файл отключён
[2026-06-19 21:39:34] INFO  main.Server.DatabaseManagment.DatabaseManager - База данных подключена
[2026-06-19 21:39:34] INFO  main.Server.FileManagment.FileManager - Файл прочитан: C:\Users\mongo\IdeaProjects\Lab5\test.xml
[2026-06-19 21:39:34] INFO  main.Server.Network.Server - Сервер запущен: 0.0.0.0:8731
[2026-06-19 21:39:41] INFO  main.Server.Network.Server - Клиент подключился: /127.0.0.1:59416
[2026-06-19 21:39:43] INFO  main.Server.Commands.CommandProcessor - Получена команда: PING
[2026-06-19 21:39:45] INFO  main.Server.Commands.CommandProcessor - Получена команда: PING
[2026-06-19 21:39:45] INFO  main.Server.Commands.CommandProcessor - Получена команда: LOGIN
[2026-06-19 21:39:47] INFO  main.Server.Commands.CommandProcessor - Получена команда: PING
[2026-06-19 21:39:47] INFO  main.Server.Commands.CommandProcessor - Получена команда: INFO
[2026-06-19 21:39:49] INFO  main.Server.Commands.CommandProcessor - Получена команда: PING
[2026-06-19 21:39:51] INFO  main.Server.Commands.CommandProcessor - Получена команда: PING
[2026-06-19 21:39:52] INFO  main.Server.Commands.CommandProcessor - Получена команда: PING
[2026-06-19 21:39:53] INFO  main.Server.Commands.CommandProcessor - Получена команда: PING
[2026-06-19 21:39:55] INFO  main.Server.Commands.CommandProcessor - Получена команда: PING
[2026-06-19 21:39:56] INFO  main.Server.Commands.CommandProcessor - Получена команда: PING
[2026-06-19 21:39:56] INFO  main.Server.Commands.CommandProcessor - Получена команда: PING
[2026-06-19 21:39:57] INFO  main.Server.Commands.CommandProcessor - Получена команда: PING
[2026-06-19 21:39:58] INFO  main.Server.Commands.CommandProcessor - Получена команда: PING
[2026-06-19 21:39:58] INFO  main.Server.Commands.CommandProcessor - Получена команда: PING
[2026-06-19 21:39:59] INFO  main.Server.Commands.CommandProcessor - Получена команда: PING
[2026-06-19 21:39:59] INFO  main.Server.Commands.CommandProcessor - Получена команда: PING
[2026-06-19 21:39:59] INFO  main.Server.Commands.CommandProcessor - Получена команда: PING
[2026-06-19 21:40:00] INFO  main.Server.Commands.CommandProcessor - Получена команда: PING
[2026-06-19 21:40:00] INFO  main.Server.Commands.CommandProcessor - Получена команда: PING
[2026-06-19 21:40:01] INFO  main.Server.Commands.CommandProcessor - Получена команда: PING
[2026-06-19 21:40:02] INFO  main.Server.Commands.CommandProcessor - Получена команда: PING
[2026-06-19 21:40:02] INFO  main.Server.Commands.CommandProcessor - Получена команда: PING
[2026-06-19 21:40:02] INFO  main.Server.Commands.CommandProcessor - Получена команда: PING
[2026-06-19 21:40:02] INFO  main.Server.Commands.CommandProcessor - Получена команда: PING
[2026-06-19 21:40:03] INFO  main.Server.Commands.CommandProcessor - Получена команда: PING
[2026-06-19 21:40:03] INFO  main.Server.Commands.CommandProcessor - Получена команда: PING
[2026-06-19 21:40:03] INFO  main.Server.Commands.CommandProcessor - Получена команда: PING
[2026-06-19 21:40:05] INFO  main.Server.Commands.CommandProcessor - Получена команда: PING
[2026-06-19 21:40:05] INFO  main.Server.Commands.CommandProcessor - Получена команда: PING
[2026-06-19 21:40:05] INFO  main.Server.Commands.CommandProcessor - Получена команда: PING
[2026-06-19 21:40:07] INFO  main.Server.Commands.CommandProcessor - Получена команда: PING
[2026-06-19 21:40:07] INFO  main.Server.Commands.CommandProcessor - Получена команда: PING
[2026-06-19 21:40:07] INFO  main.Server.Commands.CommandProcessor - Получена команда: PING
[2026-06-19 21:40:08] INFO  main.Server.Commands.CommandProcessor - Получена команда: PING
[2026-06-19 21:40:08] INFO  main.Server.Commands.CommandProcessor - Получена команда: PING
[2026-06-19 21:40:09] INFO  main.Server.Commands.CommandProcessor - Получена команда: PING
[2026-06-19 21:40:09] INFO  main.Server.Commands.CommandProcessor - Получена команда: ADD
[2026-06-19 21:40:09] ERROR main.Server.Commands.CommandProcessor - Ошибка выполнения команды
java.lang.NullPointerException: Cannot invoke "main.BasicClasses.Furnish.name()" because the return value of "main.BasicClasses.Flat.getFurnish()" is null
	at main.Server.DatabaseManagment.DatabaseManager.addFlat(DatabaseManager.java:118) ~[Lab6/:?]
	at main.Server.Commands.AddCommand.execute(AddCommand.java:26) ~[Lab6/:?]
	at main.Server.Commands.CommandProcessor.process(CommandProcessor.java:91) [Lab6/:?]
	at main.Server.Network.Server.readRequest(Server.java:136) [Lab6/:?]
	at main.Server.Network.Server.start(Server.java:60) [Lab6/:?]
	at main.Server.ServerMain.main(ServerMain.java:36) [Lab6/:?]
[2026-06-19 21:40:09] INFO  main.Server.Commands.CommandProcessor - Получена команда: PING
[2026-06-19 21:40:11] INFO  main.Server.Commands.CommandProcessor - Получена команда: PING
[2026-06-19 21:40:13] INFO  main.Server.Commands.CommandProcessor - Получена команда: PING
[2026-06-19 21:40:15] INFO  main.Server.Commands.CommandProcessor - Получена команда: PING
[2026-06-19 21:40:17] INFO  main.Server.Commands.CommandProcessor - Получена команда: PING
[2026-06-19 21:40:19] INFO  main.Server.Commands.CommandProcessor - Получена команда: PING
[2026-06-19 21:40:21] INFO  main.Server.Commands.CommandProcessor - Получена команда: PING
[2026-06-19 21:40:23] INFO  main.Server.Commands.CommandProcessor - Получена команда: PING
[2026-06-19 21:40:25] INFO  main.Server.Commands.CommandProcessor - Получена команда: PING
[2026-06-19 21:40:27] INFO  main.Server.Commands.CommandProcessor - Получена команда: PING
[2026-06-19 21:40:29] INFO  main.Server.Commands.CommandProcessor - Получена команда: PING
[2026-06-19 21:40:31] INFO  main.Server.Commands.CommandProcessor - Получена команда: PING
[2026-06-19 21:40:33] INFO  main.Server.Commands.CommandProcessor - Получена команда: PING
[2026-06-19 21:40:35] INFO  main.Server.Commands.CommandProcessor - Получена команда: PING
[2026-06-19 21:40:37] INFO  main.Server.Commands.CommandProcessor - Получена команда: PING
[2026-06-19 21:40:39] INFO  main.Server.Commands.CommandProcessor - Получена команда: PING
[2026-06-19 21:40:41] INFO  main.Server.Commands.CommandProcessor - Получена команда: PING
[2026-06-19 21:40:43] INFO  main.Server.Commands.CommandProcessor - Получена команда: PING
[2026-06-19 21:40:45] INFO  main.Server.Commands.CommandProcessor - Получена команда: PING
[2026-06-19 21:40:47] INFO  main.Server.Commands.CommandProcessor - Получена команда: PING
[2026-06-19 21:40:49] INFO  main.Server.Commands.CommandProcessor - Получена команда: PING
[2026-06-19 21:40:51] INFO  main.Server.Commands.CommandProcessor - Получена команда: PING
[2026-06-19 21:40:53] INFO  main.Server.Commands.CommandProcessor - Получена команда: PING
[2026-06-19 21:40:55] INFO  main.Server.Commands.CommandProcessor - Получена команда: PING
[2026-06-19 21:40:57] INFO  main.Server.Commands.CommandProcessor - Получена команда: PING
[2026-06-19 21:40:59] INFO  main.Server.Commands.CommandProcessor - Получена команда: PING
[2026-06-19 21:41:01] INFO  main.Server.Commands.CommandProcessor - Получена команда: PING
[2026-06-19 21:41:03] INFO  main.Server.Commands.CommandProcessor - Получена команда: PING
[2026-06-19 21:41:05] INFO  main.Server.Commands.CommandProcessor - Получена команда: PING
[2026-06-19 21:41:07] INFO  main.Server.Commands.CommandProcessor - Получена команда: PING
[2026-06-19 21:41:09] INFO  main.Server.Commands.CommandProcessor - Получена команда: PING
[2026-06-19 21:41:11] INFO  main.Server.Commands.CommandProcessor - Получена команда: PING
[2026-06-19 21:41:13] INFO  main.Server.Commands.CommandProcessor - Получена команда: PING
[2026-06-19 21:41:15] INFO  main.Server.Commands.CommandProcessor - Получена команда: PING
[2026-06-19 21:41:17] INFO  main.Server.Commands.CommandProcessor - Получена команда: PING
[2026-06-19 21:41:19] INFO  main.Server.Commands.CommandProcessor - Получена команда: PING
[2026-06-19 21:41:21] INFO  main.Server.Commands.CommandProcessor - Получена команда: PING
[2026-06-19 21:41:23] INFO  main.Server.Commands.CommandProcessor - Получена команда: PING
[2026-06-19 21:41:25] INFO  main.Server.Commands.CommandProcessor - Получена команда: PING
[2026-06-19 21:41:27] INFO  main.Server.Commands.CommandProcessor - Получена команда: PING
[2026-06-19 21:41:29] INFO  main.Server.Commands.CommandProcessor - Получена команда: PING
[2026-06-19 21:41:31] INFO  main.Server.Commands.CommandProcessor - Получена команда: PING
[2026-06-19 21:41:33] INFO  main.Server.Commands.CommandProcessor - Получена команда: PING
[2026-06-19 21:41:35] INFO  main.Server.Commands.CommandProcessor - Получена команда: PING
[2026-06-19 21:41:37] INFO  main.Server.Commands.CommandProcessor - Получена команда: PING
[2026-06-19 21:41:39] INFO  main.Server.Commands.CommandProcessor - Получена команда: PING
[2026-06-19 21:41:41] INFO  main.Server.Commands.CommandProcessor - Получена команда: PING
[2026-06-19 21:41:43] INFO  main.Server.Commands.CommandProcessor - Получена команда: PING
[2026-06-19 21:41:45] INFO  main.Server.Commands.CommandProcessor - Получена команда: PING
[2026-06-19 21:41:47] INFO  main.Server.Commands.CommandProcessor - Получена команда: PING
[2026-06-19 21:41:49] INFO  main.Server.Commands.CommandProcessor - Получена команда: PING
[2026-06-19 21:41:51] INFO  main.Server.Commands.CommandProcessor - Получена команда: PING
[2026-06-19 21:41:53] INFO  main.Server.Commands.CommandProcessor - Получена команда: PING
[2026-06-19 21:41:55] INFO  main.Server.Commands.CommandProcessor - Получена команда: PING
[2026-06-19 21:41:57] INFO  main.Server.Commands.CommandProcessor - Получена команда: PING
[2026-06-19 21:41:59] INFO  main.Server.Commands.CommandProcessor - Получена команда: PING
[2026-06-19 21:42:01] INFO  main.Server.Commands.CommandProcessor - Получена команда: PING
[2026-06-19 21:42:03] INFO  main.Server.Commands.CommandProcessor - Получена команда: PING
[2026-06-19 21:42:05] INFO  main.Server.Commands.CommandProcessor - Получена команда: PING
[2026-06-19 21:42:07] INFO  main.Server.Commands.CommandProcessor - Получена команда: PING
[2026-06-19 21:42:09] INFO  main.Server.Commands.CommandProcessor - Получена команда: PING
[2026-06-19 21:42:11] INFO  main.Server.Commands.CommandProcessor - Получена команда: PING
[2026-06-19 21:42:13] INFO  main.Server.Commands.CommandProcessor - Получена команда: PING
[2026-06-19 21:42:15] INFO  main.Server.Commands.CommandProcessor - Получена команда: PING
[2026-06-19 21:42:17] INFO  main.Server.Commands.CommandProcessor - Получена команда: PING
[2026-06-19 21:42:19] INFO  main.Server.Commands.CommandProcessor - Получена команда: PING
[2026-06-19 21:42:21] INFO  main.Server.Commands.CommandProcessor - Получена команда: PING
[2026-06-19 21:42:23] INFO  main.Server.Commands.CommandProcessor - Получена команда: PING
[2026-06-19 21:42:25] INFO  main.Server.Commands.CommandProcessor - Получена команда: PING
[2026-06-19 21:42:27] INFO  main.Server.Commands.CommandProcessor - Получена команда: PING
[2026-06-19 21:42:29] INFO  main.Server.Commands.CommandProcessor - Получена команда: PING
[2026-06-19 21:42:31] INFO  main.Server.Commands.CommandProcessor - Получена команда: PING
[2026-06-19 21:42:33] INFO  main.Server.Commands.CommandProcessor - Получена команда: PING
[2026-06-19 21:42:35] INFO  main.Server.Commands.CommandProcessor - Получена команда: PING
[2026-06-19 21:42:37] INFO  main.Server.Commands.CommandProcessor - Получена команда: PING
[2026-06-19 21:42:39] INFO  main.Server.Commands.CommandProcessor - Получена команда: PING
[2026-06-19 21:42:41] INFO  main.Server.Commands.CommandProcessor - Получена команда: PING
[2026-06-19 21:42:43] INFO  main.Server.Commands.CommandProcessor - Получена команда: PING
[2026-06-19 21:42:45] INFO  main.Server.Commands.CommandProcessor - Получена команда: PING
[2026-06-19 21:42:47] INFO  main.Server.Commands.CommandProcessor - Получена команда: PING
[2026-06-19 21:42:49] INFO  main.Server.Commands.CommandProcessor - Получена команда: PING
[2026-06-19 21:42:51] INFO  main.Server.Commands.CommandProcessor - Получена команда: PING
[2026-06-19 21:42:53] INFO  main.Server.Commands.CommandProcessor - Получена команда: PING
[2026-06-19 21:42:55] INFO  main.Server.Commands.CommandProcessor - Получена команда: PING
[2026-06-19 21:42:57] INFO  main.Server.Commands.CommandProcessor - Получена команда: PING
[2026-06-19 21:42:59] INFO  main.Server.Commands.CommandProcessor - Получена команда: PING
[2026-06-19 21:43:02] INFO  main.Server.Commands.CommandProcessor - Получена команда: PING
[2026-06-19 21:43:04] INFO  main.Server.Commands.CommandProcessor - Получена команда: PING
[2026-06-19 21:43:06] INFO  main.Server.Commands.CommandProcessor - Получена команда: PING
[2026-06-19 21:43:08] INFO  main.Server.Commands.CommandProcessor - Получена команда: PING
[2026-06-19 21:43:10] INFO  main.Server.Commands.CommandProcessor - Получена команда: PING
[2026-06-19 21:43:12] INFO  main.Server.Commands.CommandProcessor - Получена команда: PING
[2026-06-19 21:43:14] INFO  main.Server.Commands.CommandProcessor - Получена команда: PING
[2026-06-19 21:43:16] INFO  main.Server.Commands.CommandProcessor - Получена команда: PING
[2026-06-19 21:43:18] INFO  main.Server.Commands.CommandProcessor - Получена команда: PING
[2026-06-19 21:43:20] INFO  main.Server.Commands.CommandProcessor - Получена команда: PING
[2026-06-19 21:43:22] INFO  main.Server.Commands.CommandProcessor - Получена команда: PING
[2026-06-19 21:43:24] INFO  main.Server.Commands.CommandProcessor - Получена команда: PING
[2026-06-19 21:43:26] INFO  main.Server.Commands.CommandProcessor - Получена команда: PING
[2026-06-19 21:43:28] INFO  main.Server.Commands.CommandProcessor - Получена команда: PING
[2026-06-19 21:43:30] INFO  main.Server.Commands.CommandProcessor - Получена команда: PING
[2026-06-19 21:43:32] INFO  main.Server.Commands.CommandProcessor - Получена команда: PING
[2026-06-19 21:43:34] INFO  main.Server.Commands.CommandProcessor - Получена команда: PING
[2026-06-19 21:43:36] INFO  main.Server.Commands.CommandProcessor - Получена команда: PING
[2026-06-19 21:43:38] INFO  main.Server.Commands.CommandProcessor - Получена команда: PING
[2026-06-19 21:43:40] INFO  main.Server.Commands.CommandProcessor - Получена команда: PING
[2026-06-19 21:43:42] INFO  main.Server.Commands.CommandProcessor - Получена команда: PING
[2026-06-19 21:43:44] INFO  main.Server.Commands.CommandProcessor - Получена команда: PING
[2026-06-19 21:43:46] INFO  main.Server.Commands.CommandProcessor - Получена команда: PING
[2026-06-19 21:43:48] INFO  main.Server.Commands.CommandProcessor - Получена команда: PING
[2026-06-19 21:43:50] INFO  main.Server.Commands.CommandProcessor - Получена команда: PING
[2026-06-19 21:43:52] INFO  main.Server.Commands.CommandProcessor - Получена команда: PING
[2026-06-19 21:43:54] INFO  main.Server.Commands.CommandProcessor - Получена команда: PING
[2026-06-19 21:43:56] INFO  main.Server.Commands.CommandProcessor - Получена команда: PING
[2026-06-19 21:43:58] INFO  main.Server.Commands.CommandProcessor - Получена команда: PING
[2026-06-19 21:44:00] INFO  main.Server.Commands.CommandProcessor - Получена команда: PING
[2026-06-19 21:44:02] INFO  main.Server.Commands.CommandProcessor - Получена команда: PING
[2026-06-19 21:44:04] INFO  main.Server.Commands.CommandProcessor - Получена команда: PING
[2026-06-19 21:44:06] INFO  main.Server.Commands.CommandProcessor - Получена команда: PING
[2026-06-19 21:44:08] INFO  main.Server.Commands.CommandProcessor - Получена команда: PING
[2026-06-19 21:44:10] INFO  main.Server.Commands.CommandProcessor - Получена команда: PING
[2026-06-19 21:44:12] INFO  main.Server.Commands.CommandProcessor - Получена команда: PING
[2026-06-19 21:44:14] INFO  main.Server.Commands.CommandProcessor - Получена команда: PING
[2026-06-19 21:44:16] INFO  main.Server.Commands.CommandProcessor - Получена команда: PING
[2026-06-19 21:44:18] INFO  main.Server.Commands.CommandProcessor - Получена команда: PING
[2026-06-19 21:44:20] INFO  main.Server.Commands.CommandProcessor - Получена команда: PING
[2026-06-19 21:44:22] INFO  main.Server.Commands.CommandProcessor - Получена команда: PING
[2026-06-19 21:44:24] INFO  main.Server.Commands.CommandProcessor - Получена команда: PING
[2026-06-19 21:44:26] INFO  main.Server.Commands.CommandProcessor - Получена команда: PING
[2026-06-19 21:44:28] INFO  main.Server.Commands.CommandProcessor - Получена команда: PING
[2026-06-19 21:44:30] INFO  main.Server.Commands.CommandProcessor - Получена команда: PING
[2026-06-19 21:44:32] INFO  main.Server.Commands.CommandProcessor - Получена команда: PING
[2026-06-19 21:44:34] INFO  main.Server.Commands.CommandProcessor - Получена команда: PING
[2026-06-19 21:44:36] INFO  main.Server.Commands.CommandProcessor - Получена команда: PING
[2026-06-19 21:44:38] INFO  main.Server.Commands.CommandProcessor - Получена команда: PING
[2026-06-19 21:44:40] INFO  main.Server.Commands.CommandProcessor - Получена команда: PING
[2026-06-19 21:44:42] INFO  main.Server.Commands.CommandProcessor - Получена команда: PING
[2026-06-19 21:44:44] INFO  main.Server.Commands.CommandProcessor - Получена команда: PING
[2026-06-19 21:44:46] INFO  main.Server.Commands.CommandProcessor - Получена команда: PING
[2026-06-19 21:44:48] INFO  main.Server.Commands.CommandProcessor - Получена команда: PING
[2026-06-19 21:44:50] INFO  main.Server.Commands.CommandProcessor - Получена команда: PING
[2026-06-19 21:44:52] INFO  main.Server.Commands.CommandProcessor - Получена команда: PING
[2026-06-19 21:44:54] INFO  main.Server.Commands.CommandProcessor - Получена команда: PING
[2026-06-19 21:44:56] INFO  main.Server.Commands.CommandProcessor - Получена команда: PING
[2026-06-19 21:44:58] INFO  main.Server.Commands.CommandProcessor - Получена команда: PING
[2026-06-19 21:45:00] INFO  main.Server.Commands.CommandProcessor - Получена команда: PING
[2026-06-19 21:45:02] INFO  main.Server.Commands.CommandProcessor - Получена команда: PING
[2026-06-19 21:45:04] INFO  main.Server.Commands.CommandProcessor - Получена команда: PING
[2026-06-19 21:45:06] INFO  main.Server.Commands.CommandProcessor - Получена команда: PING
[2026-06-19 21:45:08] INFO  main.Server.Commands.CommandProcessor - Получена команда: PING
[2026-06-19 21:45:10] INFO  main.Server.Commands.CommandProcessor - Получена команда: PING
[2026-06-19 21:45:12] INFO  main.Server.Commands.CommandProcessor - Получена команда: PING
[2026-06-19 21:45:14] INFO  main.Server.Commands.CommandProcessor - Получена команда: PING
[2026-06-19 21:45:16] INFO  main.Server.Commands.CommandProcessor - Получена команда: PING
[2026-06-19 21:45:18] INFO  main.Server.Commands.CommandProcessor - Получена команда: PING
[2026-06-19 21:45:20] INFO  main.Server.Commands.CommandProcessor - Получена команда: PING
[2026-06-19 21:45:22] INFO  main.Server.Commands.CommandProcessor - Получена команда: PING
[2026-06-19 21:45:24] INFO  main.Server.Commands.CommandProcessor - Получена команда: PING
[2026-06-19 21:45:26] INFO  main.Server.Commands.CommandProcessor - Получена команда: PING
[2026-06-19 21:45:28] INFO  main.Server.Commands.CommandProcessor - Получена команда: PING
[2026-06-19 21:45:30] INFO  main.Server.Commands.CommandProcessor - Получена команда: PING
[2026-06-19 21:45:32] INFO  main.Server.Commands.CommandProcessor - Получена команда: PING
[2026-06-19 21:45:34] INFO  main.Server.Commands.CommandProcessor - Получена команда: PING
[2026-06-19 21:45:36] INFO  main.Server.Commands.CommandProcessor - Получена команда: PING
[2026-06-19 21:45:38] INFO  main.Server.Commands.CommandProcessor - Получена команда: PING
[2026-06-19 21:45:40] INFO  main.Server.Commands.CommandProcessor - Получена команда: PING
[2026-06-19 21:45:42] INFO  main.Server.Commands.CommandProcessor - Получена команда: PING
[2026-06-19 21:45:44] INFO  main.Server.Commands.CommandProcessor - Получена команда: PING
[2026-06-19 21:45:46] INFO  main.Server.Commands.CommandProcessor - Получена команда: PING
[2026-06-19 21:45:48] INFO  main.Server.Commands.CommandProcessor - Получена команда: PING
[2026-06-19 21:45:50] INFO  main.Server.Commands.CommandProcessor - Получена команда: PING
[2026-06-19 21:45:52] INFO  main.Server.Commands.CommandProcessor - Получена команда: PING
[2026-06-19 21:45:54] INFO  main.Server.Commands.CommandProcessor - Получена команда: PING
[2026-06-19 21:45:56] INFO  main.Server.Commands.CommandProcessor - Получена команда: PING
[2026-06-19 21:45:58] INFO  main.Server.Commands.CommandProcessor - Получена команда: PING
[2026-06-19 21:46:00] INFO  main.Server.Commands.CommandProcessor - Получена команда: PING
[2026-06-19 21:46:02] INFO  main.Server.Commands.CommandProcessor - Получена команда: PING
[2026-06-19 21:46:04] INFO  main.Server.Commands.CommandProcessor - Получена команда: PING
[2026-06-19 21:46:06] INFO  main.Server.Commands.CommandProcessor - Получена команда: PING
[2026-06-19 21:46:08] INFO  main.Server.Commands.CommandProcessor - Получена команда: PING
[2026-06-19 21:46:10] INFO  main.Server.Commands.CommandProcessor - Получена команда: PING
[2026-06-19 21:46:12] INFO  main.Server.Commands.CommandProcessor - Получена команда: PING
[2026-06-19 21:46:14] INFO  main.Server.Commands.CommandProcessor - Получена команда: PING
[2026-06-19 21:46:16] INFO  main.Server.Commands.CommandProcessor - Получена команда: PING
[2026-06-19 21:46:18] INFO  main.Server.Commands.CommandProcessor - Получена команда: PING
[2026-06-19 21:46:20] INFO  main.Server.Commands.CommandProcessor - Получена команда: PING
[2026-06-19 21:46:21] INFO  main.Server.Network.Server - Клиент отключился
[2026-06-19 21:46:21] INFO  main.Server.ServerMain - Завершение JVM, сохранение коллекции
[2026-06-19 21:46:21] INFO  main.Server.Commands.CommandProcessor - Коллекция не сохранена, поскольку режим записи в файл отключён
[2026-06-19 21:46:25] INFO  main.Server.DatabaseManagment.DatabaseManager - База данных подключена
[2026-06-19 21:46:25] INFO  main.Server.FileManagment.FileManager - Файл прочитан: C:\Users\mongo\IdeaProjects\Lab5\test.xml
[2026-06-19 21:46:25] INFO  main.Server.Network.Server - Сервер запущен: 0.0.0.0:8731
[2026-06-19 21:46:28] INFO  main.Server.Network.Server - Клиент подключился: /127.0.0.1:64620
[2026-06-19 21:46:30] INFO  main.Server.Commands.CommandProcessor - Получена команда: PING
[2026-06-19 21:46:32] INFO  main.Server.Commands.CommandProcessor - Получена команда: PING
[2026-06-19 21:46:33] INFO  main.Server.Commands.CommandProcessor - Получена команда: LOGIN
[2026-06-19 21:46:34] INFO  main.Server.Commands.CommandProcessor - Получена команда: PING
[2026-06-19 21:46:35] INFO  main.Server.Commands.CommandProcessor - Получена команда: PING
[2026-06-19 21:46:35] INFO  main.Server.Commands.CommandProcessor - Получена команда: PING
[2026-06-19 21:46:35] INFO  main.Server.Commands.CommandProcessor - Получена команда: PING
[2026-06-19 21:46:36] INFO  main.Server.Commands.CommandProcessor - Получена команда: PING
[2026-06-19 21:46:37] INFO  main.Server.Commands.CommandProcessor - Получена команда: PING
[2026-06-19 21:46:37] INFO  main.Server.Commands.CommandProcessor - Получена команда: PING
[2026-06-19 21:46:38] INFO  main.Server.Commands.CommandProcessor - Получена команда: PING
[2026-06-19 21:46:40] INFO  main.Server.Commands.CommandProcessor - Получена команда: PING
[2026-06-19 21:46:40] INFO  main.Server.Commands.CommandProcessor - Получена команда: PING
[2026-06-19 21:46:40] INFO  main.Server.Commands.CommandProcessor - Получена команда: PING
[2026-06-19 21:46:42] INFO  main.Server.Commands.CommandProcessor - Получена команда: PING
[2026-06-19 21:46:42] INFO  main.Server.Commands.CommandProcessor - Получена команда: PING
[2026-06-19 21:46:42] INFO  main.Server.Commands.CommandProcessor - Получена команда: PING
[2026-06-19 21:46:43] INFO  main.Server.Commands.CommandProcessor - Получена команда: PING
[2026-06-19 21:46:43] INFO  main.Server.Commands.CommandProcessor - Получена команда: PING
[2026-06-19 21:46:44] INFO  main.Server.Commands.CommandProcessor - Получена команда: PING
[2026-06-19 21:46:44] INFO  main.Server.Commands.CommandProcessor - Получена команда: PING
[2026-06-19 21:46:44] INFO  main.Server.Commands.CommandProcessor - Получена команда: PING
[2026-06-19 21:46:45] INFO  main.Server.Commands.CommandProcessor - Получена команда: PING
[2026-06-19 21:46:45] INFO  main.Server.Commands.CommandProcessor - Получена команда: PING
[2026-06-19 21:46:46] INFO  main.Server.Commands.CommandProcessor - Получена команда: PING
[2026-06-19 21:46:48] INFO  main.Server.Commands.CommandProcessor - Получена команда: PING
[2026-06-19 21:46:49] INFO  main.Server.Commands.CommandProcessor - Получена команда: PING
[2026-06-19 21:46:49] INFO  main.Server.Commands.CommandProcessor - Получена команда: PING
[2026-06-19 21:46:50] INFO  main.Server.Commands.CommandProcessor - Получена команда: PING
[2026-06-19 21:46:50] INFO  main.Server.Commands.CommandProcessor - Получена команда: PING
[2026-06-19 21:46:50] INFO  main.Server.Commands.CommandProcessor - Получена команда: PING
[2026-06-19 21:46:52] INFO  main.Server.Commands.CommandProcessor - Получена команда: PING
[2026-06-19 21:46:53] INFO  main.Server.Commands.CommandProcessor - Получена команда: PING
[2026-06-19 21:46:53] INFO  main.Server.Commands.CommandProcessor - Получена команда: PING
[2026-06-19 21:46:54] INFO  main.Server.Commands.CommandProcessor - Получена команда: PING
[2026-06-19 21:46:56] INFO  main.Server.Commands.CommandProcessor - Получена команда: PING
[2026-06-19 21:46:56] INFO  main.Server.Commands.CommandProcessor - Получена команда: PING
[2026-06-19 21:46:56] INFO  main.Server.Commands.CommandProcessor - Получена команда: ADD
[2026-06-19 21:46:58] INFO  main.Server.Commands.CommandProcessor - Получена команда: PING
[2026-06-19 21:46:58] INFO  main.Server.Commands.CommandProcessor - Получена команда: SHOW
[2026-06-19 21:47:00] INFO  main.Server.Commands.CommandProcessor - Получена команда: PING
[2026-06-19 21:47:02] INFO  main.Server.Commands.CommandProcessor - Получена команда: PING
[2026-06-19 21:47:04] INFO  main.Server.Commands.CommandProcessor - Получена команда: PING
[2026-06-19 21:47:06] INFO  main.Server.Commands.CommandProcessor - Получена команда: PING
[2026-06-19 21:47:08] INFO  main.Server.Commands.CommandProcessor - Получена команда: PING
[2026-06-19 21:47:10] INFO  main.Server.Commands.CommandProcessor - Получена команда: PING
[2026-06-19 21:47:12] INFO  main.Server.Commands.CommandProcessor - Получена команда: PING
[2026-06-19 21:47:14] INFO  main.Server.Commands.CommandProcessor - Получена команда: PING
[2026-06-19 21:47:16] INFO  main.Server.Commands.CommandProcessor - Получена команда: PING
[2026-06-19 21:47:18] INFO  main.Server.Commands.CommandProcessor - Получена команда: PING
[2026-06-19 21:47:20] INFO  main.Server.Commands.CommandProcessor - Получена команда: PING
[2026-06-19 21:47:22] INFO  main.Server.Commands.CommandProcessor - Получена команда: PING
[2026-06-19 21:47:24] INFO  main.Server.Commands.CommandProcessor - Получена команда: PING
[2026-06-19 21:47:26] INFO  main.Server.Commands.CommandProcessor - Получена команда: PING
[2026-06-19 21:47:28] INFO  main.Server.Commands.CommandProcessor - Получена команда: PING
[2026-06-19 21:47:30] INFO  main.Server.Commands.CommandProcessor - Получена команда: PING
[2026-06-19 21:47:32] INFO  main.Server.Commands.CommandProcessor - Получена команда: PING
[2026-06-19 21:47:34] INFO  main.Server.Commands.CommandProcessor - Получена команда: PING
[2026-06-19 21:47:36] INFO  main.Server.Commands.CommandProcessor - Получена команда: PING
[2026-06-19 21:47:38] INFO  main.Server.Commands.CommandProcessor - Получена команда: PING
[2026-06-19 21:47:40] INFO  main.Server.Commands.CommandProcessor - Получена команда: PING
[2026-06-19 21:47:42] INFO  main.Server.Commands.CommandProcessor - Получена команда: PING
[2026-06-19 21:47:44] INFO  main.Server.Commands.CommandProcessor - Получена команда: PING
[2026-06-19 21:47:46] INFO  main.Server.Commands.CommandProcessor - Получена команда: PING
[2026-06-19 21:47:48] INFO  main.Server.Commands.CommandProcessor - Получена команда: PING
[2026-06-19 21:47:50] INFO  main.Server.Commands.CommandProcessor - Получена команда: PING
[2026-06-19 21:47:52] INFO  main.Server.Commands.CommandProcessor - Получена команда: PING
[2026-06-19 21:47:54] INFO  main.Server.Commands.CommandProcessor - Получена команда: PING
[2026-06-19 21:47:56] INFO  main.Server.Commands.CommandProcessor - Получена команда: PING
[2026-06-19 21:47:58] INFO  main.Server.Commands.CommandProcessor - Получена команда: PING
[2026-06-19 21:48:00] INFO  main.Server.Commands.CommandProcessor - Получена команда: PING
[2026-06-19 21:48:02] INFO  main.Server.Commands.CommandProcessor - Получена команда: PING
[2026-06-19 21:48:04] INFO  main.Server.Commands.CommandProcessor - Получена команда: PING
[2026-06-19 21:48:06] INFO  main.Server.Commands.CommandProcessor - Получена команда: PING
[2026-06-19 21:48:08] INFO  main.Server.Commands.CommandProcessor - Получена команда: PING
[2026-06-19 21:48:10] INFO  main.Server.Commands.CommandProcessor - Получена команда: PING
[2026-06-19 21:48:12] INFO  main.Server.Commands.CommandProcessor - Получена команда: PING
[2026-06-19 21:48:14] INFO  main.Server.Commands.CommandProcessor - Получена команда: PING
[2026-06-19 21:48:16] INFO  main.Server.Commands.CommandProcessor - Получена команда: PING
[2026-06-19 21:48:18] INFO  main.Server.Commands.CommandProcessor - Получена команда: PING
[2026-06-19 21:48:20] INFO  main.Server.Commands.CommandProcessor - Получена команда: PING
[2026-06-19 21:48:22] INFO  main.Server.Commands.CommandProcessor - Получена команда: PING
[2026-06-19 21:48:24] INFO  main.Server.Commands.CommandProcessor - Получена команда: PING
[2026-06-19 21:48:26] INFO  main.Server.Commands.CommandProcessor - Получена команда: PING
[2026-06-19 21:48:28] INFO  main.Server.Commands.CommandProcessor - Получена команда: PING
[2026-06-19 21:48:30] INFO  main.Server.Commands.CommandProcessor - Получена команда: PING
[2026-06-19 21:48:32] INFO  main.Server.Commands.CommandProcessor - Получена команда: PING
[2026-06-19 21:48:34] INFO  main.Server.Commands.CommandProcessor - Получена команда: PING
[2026-06-19 21:48:36] INFO  main.Server.Commands.CommandProcessor - Получена команда: PING
[2026-06-19 21:48:38] INFO  main.Server.Commands.CommandProcessor - Получена команда: PING
[2026-06-19 21:48:40] INFO  main.Server.Commands.CommandProcessor - Получена команда: PING
[2026-06-19 21:48:42] INFO  main.Server.Commands.CommandProcessor - Получена команда: PING
[2026-06-19 21:48:44] INFO  main.Server.Commands.CommandProcessor - Получена команда: PING
[2026-06-19 21:48:46] INFO  main.Server.Commands.CommandProcessor - Получена команда: PING
[2026-06-19 21:48:48] INFO  main.Server.Commands.CommandProcessor - Получена команда: PING
[2026-06-19 21:48:50] INFO  main.Server.Commands.CommandProcessor - Получена команда: PING
[2026-06-19 21:48:52] INFO  main.Server.Commands.CommandProcessor - Получена команда: PING
[2026-06-19 21:48:54] INFO  main.Server.Commands.CommandProcessor - Получена команда: PING
[2026-06-19 21:48:57] INFO  main.Server.Commands.CommandProcessor - Получена команда: PING
[2026-06-19 21:48:59] INFO  main.Server.Commands.CommandProcessor - Получена команда: PING
[2026-06-19 21:49:01] INFO  main.Server.Commands.CommandProcessor - Получена команда: PING
[2026-06-19 21:49:03] INFO  main.Server.Commands.CommandProcessor - Получена команда: PING
[2026-06-19 21:49:05] INFO  main.Server.Commands.CommandProcessor - Получена команда: PING
[2026-06-19 21:49:07] INFO  main.Server.Commands.CommandProcessor - Получена команда: PING
[2026-06-19 21:49:09] INFO  main.Server.Commands.CommandProcessor - Получена команда: PING
[2026-06-19 21:49:11] INFO  main.Server.Commands.CommandProcessor - Получена команда: PING
[2026-06-19 21:49:13] INFO  main.Server.Commands.CommandProcessor - Получена команда: PING
[2026-06-19 21:49:15] INFO  main.Server.Commands.CommandProcessor - Получена команда: PING
[2026-06-19 21:49:17] INFO  main.Server.Commands.CommandProcessor - Получена команда: PING
[2026-06-19 21:49:19] INFO  main.Server.Commands.CommandProcessor - Получена команда: PING
[2026-06-19 21:49:21] INFO  main.Server.Commands.CommandProcessor - Получена команда: PING
[2026-06-19 21:49:23] INFO  main.Server.Commands.CommandProcessor - Получена команда: PING
[2026-06-19 21:49:25] INFO  main.Server.Commands.CommandProcessor - Получена команда: PING
[2026-06-19 21:49:27] INFO  main.Server.Commands.CommandProcessor - Получена команда: PING
[2026-06-19 21:49:29] INFO  main.Server.Commands.CommandProcessor - Получена команда: PING
[2026-06-19 21:49:31] INFO  main.Server.Commands.CommandProcessor - Получена команда: PING
[2026-06-19 21:49:33] INFO  main.Server.Commands.CommandProcessor - Получена команда: PING
[2026-06-19 21:49:35] INFO  main.Server.Commands.CommandProcessor - Получена команда: PING
[2026-06-19 21:49:37] INFO  main.Server.Commands.CommandProcessor - Получена команда: PING
[2026-06-19 21:49:39] INFO  main.Server.Commands.CommandProcessor - Получена команда: PING
[2026-06-19 21:49:41] INFO  main.Server.Commands.CommandProcessor - Получена команда: PING
[2026-06-19 21:49:43] INFO  main.Server.Commands.CommandProcessor - Получена команда: PING
[2026-06-19 21:49:45] INFO  main.Server.Commands.CommandProcessor - Получена команда: PING
[2026-06-19 21:49:47] INFO  main.Server.Commands.CommandProcessor - Получена команда: PING
[2026-06-19 21:49:49] INFO  main.Server.Commands.CommandProcessor - Получена команда: PING
[2026-06-19 21:49:51] INFO  main.Server.Commands.CommandProcessor - Получена команда: PING
[2026-06-19 21:49:53] INFO  main.Server.Commands.CommandProcessor - Получена команда: PING
[2026-06-19 21:49:55] INFO  main.Server.Commands.CommandProcessor - Получена команда: PING
[2026-06-19 21:49:57] INFO  main.Server.Commands.CommandProcessor - Получена команда: PING
[2026-06-19 21:49:59] INFO  main.Server.Commands.CommandProcessor - Получена команда: PING
[2026-06-19 21:50:01] INFO  main.Server.Commands.CommandProcessor - Получена команда: PING
[2026-06-19 21:50:03] INFO  main.Server.Commands.CommandProcessor - Получена команда: PING
[2026-06-19 21:50:05] INFO  main.Server.Commands.CommandProcessor - Получена команда: PING
[2026-06-19 21:50:07] INFO  main.Server.Commands.CommandProcessor - Получена команда: PING
[2026-06-19 21:50:09] INFO  main.Server.Commands.CommandProcessor - Получена команда: PING
[2026-06-19 21:50:11] INFO  main.Server.Commands.CommandProcessor - Получена команда: PING
[2026-06-19 21:50:13] INFO  main.Server.Commands.CommandProcessor - Получена команда: PING
[2026-06-19 21:50:15] INFO  main.Server.Commands.CommandProcessor - Получена команда: PING
[2026-06-19 21:50:17] INFO  main.Server.Commands.CommandProcessor - Получена команда: PING
[2026-06-19 21:50:19] INFO  main.Server.Commands.CommandProcessor - Получена команда: PING
[2026-06-19 21:50:21] INFO  main.Server.Commands.CommandProcessor - Получена команда: PING
[2026-06-19 21:50:23] INFO  main.Server.Commands.CommandProcessor - Получена команда: PING
[2026-06-19 21:50:25] INFO  main.Server.Commands.CommandProcessor - Получена команда: PING
[2026-06-19 21:50:27] INFO  main.Server.Commands.CommandProcessor - Получена команда: PING
[2026-06-19 21:50:29] INFO  main.Server.Commands.CommandProcessor - Получена команда: PING
[2026-06-19 21:50:31] INFO  main.Server.Commands.CommandProcessor - Получена команда: PING
[2026-06-19 21:50:33] INFO  main.Server.Commands.CommandProcessor - Получена команда: PING
[2026-06-19 21:50:35] INFO  main.Server.Commands.CommandProcessor - Получена команда: PING
[2026-06-19 21:50:37] INFO  main.Server.Commands.CommandProcessor - Получена команда: PING
[2026-06-19 21:50:39] INFO  main.Server.Commands.CommandProcessor - Получена команда: PING
[2026-06-19 21:50:41] INFO  main.Server.Commands.CommandProcessor - Получена команда: PING
[2026-06-19 21:50:43] INFO  main.Server.Commands.CommandProcessor - Получена команда: PING
[2026-06-19 21:50:45] INFO  main.Server.Commands.CommandProcessor - Получена команда: PING
[2026-06-19 21:50:47] INFO  main.Server.Commands.CommandProcessor - Получена команда: PING
[2026-06-19 21:50:49] INFO  main.Server.Commands.CommandProcessor - Получена команда: PING
[2026-06-19 21:50:51] INFO  main.Server.Commands.CommandProcessor - Получена команда: PING
[2026-06-19 21:50:53] INFO  main.Server.Commands.CommandProcessor - Получена команда: PING
[2026-06-19 21:50:55] INFO  main.Server.Commands.CommandProcessor - Получена команда: PING
[2026-06-19 21:50:57] INFO  main.Server.Commands.CommandProcessor - Получена команда: PING
[2026-06-19 21:50:59] INFO  main.Server.Commands.CommandProcessor - Получена команда: PING
[2026-06-19 21:51:01] INFO  main.Server.Commands.CommandProcessor - Получена команда: PING
[2026-06-19 21:51:03] INFO  main.Server.Commands.CommandProcessor - Получена команда: PING
[2026-06-19 21:51:05] INFO  main.Server.Commands.CommandProcessor - Получена команда: PING
[2026-06-19 21:51:07] INFO  main.Server.Commands.CommandProcessor - Получена команда: PING
[2026-06-19 21:51:09] INFO  main.Server.Commands.CommandProcessor - Получена команда: PING
[2026-06-19 21:51:11] INFO  main.Server.Commands.CommandProcessor - Получена команда: PING
[2026-06-19 21:51:13] INFO  main.Server.Commands.CommandProcessor - Получена команда: PING
[2026-06-19 21:51:15] INFO  main.Server.Commands.CommandProcessor - Получена команда: PING
[2026-06-19 21:51:17] INFO  main.Server.Commands.CommandProcessor - Получена команда: PING
[2026-06-19 21:51:19] INFO  main.Server.Commands.CommandProcessor - Получена команда: PING
[2026-06-19 21:51:21] INFO  main.Server.Commands.CommandProcessor - Получена команда: PING
[2026-06-19 21:51:23] INFO  main.Server.Commands.CommandProcessor - Получена команда: PING
[2026-06-19 21:51:25] INFO  main.Server.Commands.CommandProcessor - Получена команда: PING
[2026-06-19 21:51:27] INFO  main.Server.Commands.CommandProcessor - Получена команда: PING
[2026-06-19 21:51:29] INFO  main.Server.Commands.CommandProcessor - Получена команда: PING
[2026-06-19 21:51:31] INFO  main.Server.Commands.CommandProcessor - Получена команда: PING
[2026-06-19 21:51:33] INFO  main.Server.Commands.CommandProcessor - Получена команда: PING
[2026-06-19 21:51:35] INFO  main.Server.Commands.CommandProcessor - Получена команда: PING
[2026-06-19 21:51:37] INFO  main.Server.Commands.CommandProcessor - Получена команда: PING
[2026-06-19 21:51:39] INFO  main.Server.Commands.CommandProcessor - Получена команда: PING
[2026-06-19 21:51:41] INFO  main.Server.Commands.CommandProcessor - Получена команда: PING
[2026-06-19 21:51:43] INFO  main.Server.Commands.CommandProcessor - Получена команда: PING
[2026-06-19 21:51:45] INFO  main.Server.Commands.CommandProcessor - Получена команда: PING
[2026-06-19 21:51:47] INFO  main.Server.Commands.CommandProcessor - Получена команда: PING
[2026-06-19 21:51:49] INFO  main.Server.Commands.CommandProcessor - Получена команда: PING
[2026-06-19 21:51:51] INFO  main.Server.Commands.CommandProcessor - Получена команда: PING
[2026-06-19 21:51:53] INFO  main.Server.Commands.CommandProcessor - Получена команда: PING
[2026-06-19 21:51:55] INFO  main.Server.Commands.CommandProcessor - Получена команда: PING
[2026-06-19 21:51:57] INFO  main.Server.Commands.CommandProcessor - Получена команда: PING
[2026-06-19 21:51:59] INFO  main.Server.Commands.CommandProcessor - Получена команда: PING
[2026-06-19 21:52:01] INFO  main.Server.Commands.CommandProcessor - Получена команда: PING
[2026-06-19 21:52:03] INFO  main.Server.Commands.CommandProcessor - Получена команда: PING
[2026-06-19 21:52:05] INFO  main.Server.Commands.CommandProcessor - Получена команда: PING
[2026-06-19 21:52:07] INFO  main.Server.Commands.CommandProcessor - Получена команда: PING
[2026-06-19 21:52:09] INFO  main.Server.ServerMain - Завершение JVM, сохранение коллекции
[2026-06-19 21:52:09] INFO  main.Server.Commands.CommandProcessor - Коллекция не сохранена, поскольку режим записи в файл отключён
[2026-06-19 23:33:04] INFO  main.Server.FileManagment.FileManager - Файл прочитан: C:\Users\mongo\IdeaProjects\Lab5\test.xml
[2026-06-19 23:33:04] INFO  main.Server.Network.Server - Сервер запущен: 0.0.0.0:8731
[2026-06-19 23:33:05] INFO  main.Server.Network.Server - Клиент подключился: /127.0.0.1:58000
[2026-06-19 23:33:07] INFO  main.Server.Commands.CommandProcessor - Получена команда: PING
[2026-06-19 23:33:09] INFO  main.Server.Commands.CommandProcessor - Получена команда: PING
[2026-06-19 23:33:11] INFO  main.Server.Commands.CommandProcessor - Получена команда: PING
[2026-06-19 23:33:13] INFO  main.Server.Commands.CommandProcessor - Получена команда: PING
[2026-06-19 23:33:15] INFO  main.Server.Commands.CommandProcessor - Получена команда: PING
[2026-06-19 23:33:17] INFO  main.Server.Commands.CommandProcessor - Получена команда: PING
[2026-06-19 23:33:19] INFO  main.Server.Commands.CommandProcessor - Получена команда: PING
[2026-06-19 23:33:21] INFO  main.Server.Commands.CommandProcessor - Получена команда: PING
[2026-06-19 23:33:23] INFO  main.Server.Commands.CommandProcessor - Получена команда: PING
[2026-06-19 23:33:28] INFO  main.Server.DatabaseManagment.DatabaseManager - База данных подключена
[2026-06-19 23:33:28] INFO  main.Server.FileManagment.FileManager - Файл прочитан: C:\Users\mongo\IdeaProjects\Lab5\test.xml
[2026-06-19 23:33:28] INFO  main.Server.Network.Server - Сервер запущен: 0.0.0.0:8731
[2026-06-19 23:33:33] INFO  main.Server.Network.Server - Клиент подключился: /127.0.0.1:53248
[2026-06-19 23:33:35] INFO  main.Server.Commands.CommandProcessor - Получена команда: PING
[2026-06-19 23:33:37] INFO  main.Server.Commands.CommandProcessor - Получена команда: PING
[2026-06-19 23:33:39] INFO  main.Server.Commands.CommandProcessor - Получена команда: PING
[2026-06-19 23:33:41] INFO  main.Server.Commands.CommandProcessor - Получена команда: PING
[2026-06-19 23:33:43] INFO  main.Server.Commands.CommandProcessor - Получена команда: PING
[2026-06-19 23:33:45] INFO  main.Server.Commands.CommandProcessor - Получена команда: LOGIN
[2026-06-19 23:33:45] INFO  main.Server.DatabaseManagment.DatabaseManager - Пользователь test авторизовался
[2026-06-19 23:33:45] INFO  main.Server.Commands.CommandProcessor - Получена команда: PING
[2026-06-19 23:33:47] INFO  main.Server.Commands.CommandProcessor - Получена команда: PING
[2026-06-19 23:33:49] INFO  main.Server.Commands.CommandProcessor - Получена команда: PING
[2026-06-19 23:33:51] INFO  main.Server.Commands.CommandProcessor - Получена команда: INFO
[2026-06-19 23:33:51] INFO  main.Server.Commands.CommandProcessor - Получена команда: PING
[2026-06-19 23:33:52] INFO  main.Server.Commands.CommandProcessor - Получена команда: SHOW
[2026-06-19 23:33:53] INFO  main.Server.Commands.CommandProcessor - Получена команда: PING
[2026-06-19 23:33:55] INFO  main.Server.Commands.CommandProcessor - Получена команда: PING
[2026-06-19 23:33:57] INFO  main.Server.Commands.CommandProcessor - Получена команда: PING
[2026-06-19 23:33:59] INFO  main.Server.Commands.CommandProcessor - Получена команда: PING
[2026-06-19 23:34:01] INFO  main.Server.Commands.CommandProcessor - Получена команда: PING
[2026-06-19 23:34:03] INFO  main.Server.Commands.CommandProcessor - Получена команда: PING
[2026-06-19 23:34:05] INFO  main.Server.Commands.CommandProcessor - Получена команда: PING
[2026-06-19 23:34:07] INFO  main.Server.Commands.CommandProcessor - Получена команда: PING
[2026-06-19 23:34:09] INFO  main.Server.Commands.CommandProcessor - Получена команда: PING
[2026-06-19 23:34:11] INFO  main.Server.Commands.CommandProcessor - Получена команда: PING
[2026-06-19 23:34:13] INFO  main.Server.Commands.CommandProcessor - Получена команда: PING
[2026-06-19 23:34:15] INFO  main.Server.Commands.CommandProcessor - Получена команда: PING
[2026-06-19 23:34:17] INFO  main.Server.Commands.CommandProcessor - Получена команда: PING
[2026-06-19 23:34:19] INFO  main.Server.Commands.CommandProcessor - Получена команда: PING
[2026-06-19 23:34:21] INFO  main.Server.Commands.CommandProcessor - Получена команда: PING
[2026-06-19 23:34:23] INFO  main.Server.Commands.CommandProcessor - Получена команда: PING
[2026-06-19 23:34:25] INFO  main.Server.Commands.CommandProcessor - Получена команда: PING
[2026-06-19 23:34:27] INFO  main.Server.Commands.CommandProcessor - Получена команда: PING
[2026-06-19 23:34:29] INFO  main.Server.Commands.CommandProcessor - Получена команда: PING
[2026-06-19 23:34:31] INFO  main.Server.Commands.CommandProcessor - Получена команда: PING
[2026-06-19 23:34:33] INFO  main.Server.Commands.CommandProcessor - Получена команда: PING
[2026-06-19 23:34:35] INFO  main.Server.Commands.CommandProcessor - Получена команда: PING
[2026-06-19 23:34:37] INFO  main.Server.Commands.CommandProcessor - Получена команда: PING
[2026-06-19 23:34:39] INFO  main.Server.Commands.CommandProcessor - Получена команда: PING
[2026-06-19 23:34:41] INFO  main.Server.Commands.CommandProcessor - Получена команда: PING
[2026-06-19 23:34:43] INFO  main.Server.Commands.CommandProcessor - Получена команда: PING
[2026-06-19 23:34:45] INFO  main.Server.Commands.CommandProcessor - Получена команда: PING
[2026-06-19 23:34:47] INFO  main.Server.Commands.CommandProcessor - Получена команда: PING
[2026-06-19 23:34:50] INFO  main.Server.Commands.CommandProcessor - Получена команда: PING
[2026-06-19 23:34:52] INFO  main.Server.Commands.CommandProcessor - Получена команда: PING
[2026-06-19 23:34:54] INFO  main.Server.Commands.CommandProcessor - Получена команда: PING
[2026-06-19 23:34:56] INFO  main.Server.Commands.CommandProcessor - Получена команда: PING
[2026-06-19 23:34:58] INFO  main.Server.Commands.CommandProcessor - Получена команда: PING
[2026-06-19 23:35:00] INFO  main.Server.Commands.CommandProcessor - Получена команда: PING
[2026-06-19 23:35:00] INFO  main.Server.Commands.CommandProcessor - Получена команда: PING
[2026-06-19 23:35:02] INFO  main.Server.Commands.CommandProcessor - Получена команда: PING
[2026-06-19 23:35:04] INFO  main.Server.Commands.CommandProcessor - Получена команда: PING
[2026-06-19 23:35:04] INFO  main.Server.Commands.CommandProcessor - Получена команда: PING
[2026-06-19 23:35:04] INFO  main.Server.Commands.CommandProcessor - Получена команда: PING
[2026-06-19 23:35:06] INFO  main.Server.Commands.CommandProcessor - Получена команда: PING
[2026-06-19 23:35:06] INFO  main.Server.Commands.CommandProcessor - Получена команда: PING
[2026-06-19 23:35:06] INFO  main.Server.Commands.CommandProcessor - Получена команда: PING
[2026-06-19 23:35:08] INFO  main.Server.Commands.CommandProcessor - Получена команда: PING
[2026-06-19 23:35:08] INFO  main.Server.Commands.CommandProcessor - Получена команда: PING
[2026-06-19 23:35:08] INFO  main.Server.Commands.CommandProcessor - Получена команда: PING
[2026-06-19 23:35:10] INFO  main.Server.Commands.CommandProcessor - Получена команда: PING
[2026-06-19 23:35:10] INFO  main.Server.Commands.CommandProcessor - Получена команда: PING
[2026-06-19 23:35:10] INFO  main.Server.Commands.CommandProcessor - Получена команда: PING
[2026-06-19 23:35:11] INFO  main.Server.Commands.CommandProcessor - Получена команда: PING
[2026-06-19 23:35:11] INFO  main.Server.Commands.CommandProcessor - Получена команда: PING
[2026-06-19 23:35:11] INFO  main.Server.Commands.CommandProcessor - Получена команда: PING
[2026-06-19 23:35:11] INFO  main.Server.Commands.CommandProcessor - Получена команда: PING
[2026-06-19 23:35:12] INFO  main.Server.Commands.CommandProcessor - Получена команда: PING
[2026-06-19 23:35:12] INFO  main.Server.Commands.CommandProcessor - Получена команда: PING
[2026-06-19 23:35:12] INFO  main.Server.Commands.CommandProcessor - Получена команда: PING
[2026-06-19 23:35:14] INFO  main.Server.Commands.CommandProcessor - Получена команда: PING
[2026-06-19 23:35:15] INFO  main.Server.Commands.CommandProcessor - Получена команда: PING
[2026-06-19 23:35:15] INFO  main.Server.Commands.CommandProcessor - Получена команда: PING
[2026-06-19 23:35:16] INFO  main.Server.Commands.CommandProcessor - Получена команда: PING
[2026-06-19 23:35:18] INFO  main.Server.Commands.CommandProcessor - Получена команда: PING
[2026-06-19 23:35:18] INFO  main.Server.Commands.CommandProcessor - Получена команда: PING
[2026-06-19 23:35:18] INFO  main.Server.Commands.CommandProcessor - Получена команда: PING
[2026-06-19 23:35:20] INFO  main.Server.Commands.CommandProcessor - Получена команда: PING
[2026-06-19 23:35:20] INFO  main.Server.Commands.CommandProcessor - Получена команда: PING
[2026-06-19 23:35:20] INFO  main.Server.Commands.CommandProcessor - Получена команда: PING
[2026-06-19 23:35:22] INFO  main.Server.Commands.CommandProcessor - Получена команда: PING
[2026-06-19 23:35:23] INFO  main.Server.Commands.CommandProcessor - Получена команда: PING
[2026-06-19 23:35:23] INFO  main.Server.Commands.CommandProcessor - Получена команда: ADD
[2026-06-19 23:35:23] INFO  main.Server.DatabaseManagment.DatabaseManager - Добавлен новый объект Flat
[2026-06-19 23:35:24] INFO  main.Server.Commands.CommandProcessor - Получена команда: PING
[2026-06-19 23:35:26] INFO  main.Server.Commands.CommandProcessor - Получена команда: PING
[2026-06-19 23:35:28] INFO  main.Server.Commands.CommandProcessor - Получена команда: PING
[2026-06-19 23:35:30] INFO  main.Server.Commands.CommandProcessor - Получена команда: PING
[2026-06-19 23:35:32] INFO  main.Server.Commands.CommandProcessor - Получена команда: PING
[2026-06-19 23:35:34] INFO  main.Server.Commands.CommandProcessor - Получена команда: PING
[2026-06-19 23:35:36] INFO  main.Server.Commands.CommandProcessor - Получена команда: PING
[2026-06-19 23:35:38] INFO  main.Server.Commands.CommandProcessor - Получена команда: PING
[2026-06-19 23:35:40] INFO  main.Server.Commands.CommandProcessor - Получена команда: PING
[2026-06-19 23:35:42] INFO  main.Server.Commands.CommandProcessor - Получена команда: PING
[2026-06-19 23:35:44] INFO  main.Server.Commands.CommandProcessor - Получена команда: PING
[2026-06-19 23:35:46] INFO  main.Server.Commands.CommandProcessor - Получена команда: PING
[2026-06-19 23:35:48] INFO  main.Server.Commands.CommandProcessor - Получена команда: PING
[2026-06-19 23:35:50] INFO  main.Server.Commands.CommandProcessor - Получена команда: PING
[2026-06-19 23:35:52] INFO  main.Server.Commands.CommandProcessor - Получена команда: PING
[2026-06-19 23:35:54] INFO  main.Server.Commands.CommandProcessor - Получена команда: PING
[2026-06-19 23:35:56] INFO  main.Server.Commands.CommandProcessor - Получена команда: PING
[2026-06-19 23:35:58] INFO  main.Server.Commands.CommandProcessor - Получена команда: PING
[2026-06-19 23:36:00] INFO  main.Server.Commands.CommandProcessor - Получена команда: PING
[2026-06-19 23:36:02] INFO  main.Server.Commands.CommandProcessor - Получена команда: PING
[2026-06-19 23:36:04] INFO  main.Server.Commands.CommandProcessor - Получена команда: PING
[2026-06-19 23:36:06] INFO  main.Server.Commands.CommandProcessor - Получена команда: PING
[2026-06-19 23:36:08] INFO  main.Server.Commands.CommandProcessor - Получена команда: PING
[2026-06-19 23:36:10] INFO  main.Server.Commands.CommandProcessor - Получена команда: PING
[2026-06-19 23:36:12] INFO  main.Server.Commands.CommandProcessor - Получена команда: PING
[2026-06-19 23:36:14] INFO  main.Server.Commands.CommandProcessor - Получена команда: PING
[2026-06-19 23:36:16] INFO  main.Server.Commands.CommandProcessor - Получена команда: PING
[2026-06-19 23:36:18] INFO  main.Server.Commands.CommandProcessor - Получена команда: PING
[2026-06-19 23:36:20] INFO  main.Server.Commands.CommandProcessor - Получена команда: PING
[2026-06-19 23:36:22] INFO  main.Server.Commands.CommandProcessor - Получена команда: PING
[2026-06-19 23:36:24] INFO  main.Server.Commands.CommandProcessor - Получена команда: PING
[2026-06-19 23:36:26] INFO  main.Server.Commands.CommandProcessor - Получена команда: PING
[2026-06-19 23:36:28] INFO  main.Server.Commands.CommandProcessor - Получена команда: PING
[2026-06-19 23:36:30] INFO  main.Server.Commands.CommandProcessor - Получена команда: PING
[2026-06-19 23:36:32] INFO  main.Server.Commands.CommandProcessor - Получена команда: PING
[2026-06-19 23:36:34] INFO  main.Server.Commands.CommandProcessor - Получена команда: PING
[2026-06-19 23:36:36] INFO  main.Server.Commands.CommandProcessor - Получена команда: PING
[2026-06-19 23:36:38] INFO  main.Server.Commands.CommandProcessor - Получена команда: PING
[2026-06-19 23:36:40] INFO  main.Server.Commands.CommandProcessor - Получена команда: PING
[2026-06-19 23:36:42] INFO  main.Server.Commands.CommandProcessor - Получена команда: PING
[2026-06-19 23:36:44] INFO  main.Server.Commands.CommandProcessor - Получена команда: PING
[2026-06-19 23:36:46] INFO  main.Server.Commands.CommandProcessor - Получена команда: PING
[2026-06-19 23:36:48] INFO  main.Server.Commands.CommandProcessor - Получена команда: PING
[2026-06-19 23:36:49] INFO  main.Server.Network.Server - Клиент подключился: /127.0.0.1:65139
[2026-06-19 23:36:50] INFO  main.Server.Commands.CommandProcessor - Получена команда: PING
[2026-06-19 23:36:51] INFO  main.Server.Commands.CommandProcessor - Получена команда: PING
[2026-06-19 23:36:52] INFO  main.Server.Commands.CommandProcessor - Получена команда: PING
[2026-06-19 23:36:53] INFO  main.Server.Commands.CommandProcessor - Получена команда: PING
[2026-06-19 23:36:54] INFO  main.Server.Commands.CommandProcessor - Получена команда: PING
[2026-06-19 23:36:55] INFO  main.Server.Commands.CommandProcessor - Получена команда: PING
[2026-06-19 23:36:56] INFO  main.Server.Commands.CommandProcessor - Получена команда: PING
[2026-06-19 23:36:57] INFO  main.Server.Commands.CommandProcessor - Получена команда: PING
[2026-06-19 23:36:58] INFO  main.Server.Commands.CommandProcessor - Получена команда: PING
[2026-06-19 23:36:59] INFO  main.Server.Commands.CommandProcessor - Получена команда: PING
[2026-06-19 23:37:00] INFO  main.Server.Commands.CommandProcessor - Получена команда: PING
[2026-06-19 23:37:01] INFO  main.Server.Commands.CommandProcessor - Получена команда: PING
[2026-06-19 23:37:02] INFO  main.Server.Commands.CommandProcessor - Получена команда: PING
[2026-06-19 23:37:03] INFO  main.Server.Commands.CommandProcessor - Получена команда: PING
[2026-06-19 23:37:04] INFO  main.Server.Commands.CommandProcessor - Получена команда: PING
[2026-06-19 23:37:05] INFO  main.Server.Commands.CommandProcessor - Получена команда: PING
[2026-06-19 23:37:06] INFO  main.Server.Commands.CommandProcessor - Получена команда: PING
[2026-06-19 23:37:07] INFO  main.Server.Commands.CommandProcessor - Получена команда: PING
[2026-06-19 23:37:08] INFO  main.Server.Commands.CommandProcessor - Получена команда: PING
[2026-06-19 23:37:09] INFO  main.Server.Commands.CommandProcessor - Получена команда: PING
[2026-06-19 23:37:10] INFO  main.Server.Commands.CommandProcessor - Получена команда: PING
[2026-06-19 23:37:11] INFO  main.Server.Commands.CommandProcessor - Получена команда: LOGIN
[2026-06-19 23:37:11] INFO  main.Server.DatabaseManagment.DatabaseManager - Пользователь test2 авторизовался
[2026-06-19 23:37:11] INFO  main.Server.Commands.CommandProcessor - Получена команда: PING
[2026-06-19 23:37:12] INFO  main.Server.Commands.CommandProcessor - Получена команда: PING
[2026-06-19 23:37:13] INFO  main.Server.Commands.CommandProcessor - Получена команда: PING
[2026-06-19 23:37:14] INFO  main.Server.Commands.CommandProcessor - Получена команда: PING
[2026-06-19 23:37:14] INFO  main.Server.Commands.CommandProcessor - Получена команда: SHOW
[2026-06-19 23:37:15] INFO  main.Server.Commands.CommandProcessor - Получена команда: PING
[2026-06-19 23:37:16] INFO  main.Server.Commands.CommandProcessor - Получена команда: PING
[2026-06-19 23:37:17] INFO  main.Server.Commands.CommandProcessor - Получена команда: PING
[2026-06-19 23:37:18] INFO  main.Server.Commands.CommandProcessor - Получена команда: PING
[2026-06-19 23:37:19] INFO  main.Server.Commands.CommandProcessor - Получена команда: PING
[2026-06-19 23:37:20] INFO  main.Server.Commands.CommandProcessor - Получена команда: PING
[2026-06-19 23:37:21] INFO  main.Server.Commands.CommandProcessor - Получена команда: PING
[2026-06-19 23:37:22] INFO  main.Server.Commands.CommandProcessor - Получена команда: PING
[2026-06-19 23:37:23] INFO  main.Server.Commands.CommandProcessor - Получена команда: PING
[2026-06-19 23:37:24] INFO  main.Server.Commands.CommandProcessor - Получена команда: PING
[2026-06-19 23:37:25] INFO  main.Server.Commands.CommandProcessor - Получена команда: PING
[2026-06-19 23:37:26] INFO  main.Server.Commands.CommandProcessor - Получена команда: PING
[2026-06-19 23:37:27] INFO  main.Server.Commands.CommandProcessor - Получена команда: PING
[2026-06-19 23:37:28] INFO  main.Server.Commands.CommandProcessor - Получена команда: PING
[2026-06-19 23:37:29] INFO  main.Server.Commands.CommandProcessor - Получена команда: PING
[2026-06-19 23:37:30] INFO  main.Server.Commands.CommandProcessor - Получена команда: PING
[2026-06-19 23:37:31] INFO  main.Server.Commands.CommandProcessor - Получена команда: PING
[2026-06-19 23:37:32] INFO  main.Server.Commands.CommandProcessor - Получена команда: PING
[2026-06-19 23:37:33] INFO  main.Server.Commands.CommandProcessor - Получена команда: PING
[2026-06-19 23:37:34] INFO  main.Server.Commands.CommandProcessor - Получена команда: PING
[2026-06-19 23:37:35] INFO  main.Server.Commands.CommandProcessor - Получена команда: PING
[2026-06-19 23:37:36] INFO  main.Server.Commands.CommandProcessor - Получена команда: PING
[2026-06-19 23:37:37] INFO  main.Server.Commands.CommandProcessor - Получена команда: PING
[2026-06-19 23:37:38] INFO  main.Server.Commands.CommandProcessor - Получена команда: PING
[2026-06-19 23:37:39] INFO  main.Server.Commands.CommandProcessor - Получена команда: PING
[2026-06-19 23:37:40] INFO  main.Server.Commands.CommandProcessor - Получена команда: PING
[2026-06-19 23:37:41] INFO  main.Server.Commands.CommandProcessor - Получена команда: PING
[2026-06-19 23:37:42] INFO  main.Server.Commands.CommandProcessor - Получена команда: PING
[2026-06-19 23:37:43] INFO  main.Server.Commands.CommandProcessor - Получена команда: PING
[2026-06-19 23:37:44] INFO  main.Server.Commands.CommandProcessor - Получена команда: PING
[2026-06-19 23:37:45] INFO  main.Server.Commands.CommandProcessor - Получена команда: PING
[2026-06-19 23:37:46] INFO  main.Server.Commands.CommandProcessor - Получена команда: PING
[2026-06-19 23:37:47] INFO  main.Server.Commands.CommandProcessor - Получена команда: PING
[2026-06-19 23:37:48] INFO  main.Server.Commands.CommandProcessor - Получена команда: PING
[2026-06-19 23:37:49] INFO  main.Server.Commands.CommandProcessor - Получена команда: PING
[2026-06-19 23:37:50] INFO  main.Server.Commands.CommandProcessor - Получена команда: PING
[2026-06-19 23:37:51] INFO  main.Server.Commands.CommandProcessor - Получена команда: PING
[2026-06-19 23:37:52] INFO  main.Server.Commands.CommandProcessor - Получена команда: PING
[2026-06-19 23:37:53] INFO  main.Server.Commands.CommandProcessor - Получена команда: PING
[2026-06-19 23:37:54] INFO  main.Server.Commands.CommandProcessor - Получена команда: PING
[2026-06-19 23:37:55] INFO  main.Server.Commands.CommandProcessor - Получена команда: PING
[2026-06-19 23:37:56] INFO  main.Server.Commands.CommandProcessor - Получена команда: PING
[2026-06-19 23:37:57] INFO  main.Server.Commands.CommandProcessor - Получена команда: PING
[2026-06-19 23:37:58] INFO  main.Server.Commands.CommandProcessor - Получена команда: PING
[2026-06-19 23:37:59] INFO  main.Server.Network.Server - Клиент отключился
[2026-06-19 23:37:59] INFO  main.Server.ServerMain - Завершение JVM, сохранение коллекции
[2026-06-19 23:37:59] INFO  main.Server.Commands.CommandProcessor - Коллекция не сохранена, поскольку режим записи в файл отключён
[2026-06-20 13:51:45] WARN  main.Server.ServerMain - База данных недоступна, коллекция будет создана пустой
[2026-06-20 13:51:45] INFO  main.Server.Network.Server - Сервер запущен: 0.0.0.0:8731
[2026-06-20 13:51:58] INFO  main.Server.Network.Server - Клиент подключился: /127.0.0.1:49685
[2026-06-20 13:52:00] INFO  main.Server.Commands.CommandProcessor - Получена команда: PING
[2026-06-20 13:52:02] INFO  main.Server.Commands.CommandProcessor - Получена команда: PING
[2026-06-20 13:52:04] INFO  main.Server.Commands.CommandProcessor - Получена команда: PING
[2026-06-20 13:52:05] INFO  main.Server.Commands.CommandProcessor - Получена команда: LOGIN
[2026-06-20 13:52:06] INFO  main.Server.Commands.CommandProcessor - Получена команда: PING
[2026-06-20 13:52:08] INFO  main.Server.Commands.CommandProcessor - Получена команда: PING
[2026-06-20 13:52:10] INFO  main.Server.Commands.CommandProcessor - Получена команда: PING
[2026-06-20 13:52:12] INFO  main.Server.Commands.CommandProcessor - Получена команда: PING
[2026-06-20 13:52:14] INFO  main.Server.Commands.CommandProcessor - Получена команда: PING
[2026-06-20 13:52:16] INFO  main.Server.Commands.CommandProcessor - Получена команда: PING
[2026-06-20 13:52:18] INFO  main.Server.Commands.CommandProcessor - Получена команда: PING
[2026-06-20 13:52:20] INFO  main.Server.Commands.CommandProcessor - Получена команда: PING
[2026-06-20 13:52:22] INFO  main.Server.Commands.CommandProcessor - Получена команда: PING
[2026-06-20 13:52:24] INFO  main.Server.Commands.CommandProcessor - Получена команда: PING
[2026-06-20 13:52:26] INFO  main.Server.Commands.CommandProcessor - Получена команда: PING
[2026-06-20 13:52:28] INFO  main.Server.Commands.CommandProcessor - Получена команда: PING
[2026-06-20 13:52:30] INFO  main.Server.Commands.CommandProcessor - Получена команда: PING
[2026-06-20 13:52:32] INFO  main.Server.Commands.CommandProcessor - Получена команда: PING
[2026-06-20 13:52:34] INFO  main.Server.Commands.CommandProcessor - Получена команда: PING
[2026-06-20 13:52:36] INFO  main.Server.Commands.CommandProcessor - Получена команда: PING
[2026-06-20 13:52:38] INFO  main.Server.Commands.CommandProcessor - Получена команда: PING
[2026-06-20 13:52:40] INFO  main.Server.Commands.CommandProcessor - Получена команда: PING
[2026-06-20 13:52:42] INFO  main.Server.Commands.CommandProcessor - Получена команда: PING
[2026-06-20 13:52:44] INFO  main.Server.Commands.CommandProcessor - Получена команда: PING
[2026-06-20 13:52:46] INFO  main.Server.Commands.CommandProcessor - Получена команда: PING
[2026-06-20 13:52:48] INFO  main.Server.Commands.CommandProcessor - Получена команда: PING
[2026-06-20 13:52:50] INFO  main.Server.Commands.CommandProcessor - Получена команда: PING
[2026-06-20 13:52:52] INFO  main.Server.Commands.CommandProcessor - Получена команда: PING
[2026-06-20 13:52:54] INFO  main.Server.Commands.CommandProcessor - Получена команда: PING
[2026-06-20 13:52:56] INFO  main.Server.Commands.CommandProcessor - Получена команда: PING
[2026-06-20 13:52:58] INFO  main.Server.Commands.CommandProcessor - Получена команда: PING
[2026-06-20 13:53:00] INFO  main.Server.Commands.CommandProcessor - Получена команда: PING
[2026-06-20 13:53:02] INFO  main.Server.Commands.CommandProcessor - Получена команда: PING
[2026-06-20 13:53:04] INFO  main.Server.Commands.CommandProcessor - Получена команда: PING
[2026-06-20 13:53:06] INFO  main.Server.Commands.CommandProcessor - Получена команда: PING
[2026-06-20 13:53:08] INFO  main.Server.Commands.CommandProcessor - Получена команда: PING
[2026-06-20 13:53:10] INFO  main.Server.Commands.CommandProcessor - Получена команда: PING
[2026-06-20 13:53:12] INFO  main.Server.Commands.CommandProcessor - Получена команда: PING
[2026-06-20 13:53:14] INFO  main.Server.Commands.CommandProcessor - Получена команда: PING
[2026-06-20 13:53:16] INFO  main.Server.Commands.CommandProcessor - Получена команда: PING
[2026-06-20 13:53:18] INFO  main.Server.Commands.CommandProcessor - Получена команда: PING
[2026-06-20 13:53:20] INFO  main.Server.Commands.CommandProcessor - Получена команда: PING
[2026-06-20 13:53:22] INFO  main.Server.Commands.CommandProcessor - Получена команда: PING
[2026-06-20 13:53:24] INFO  main.Server.Commands.CommandProcessor - Получена команда: PING
[2026-06-20 13:53:26] INFO  main.Server.Commands.CommandProcessor - Получена команда: PING
[2026-06-20 13:53:28] INFO  main.Server.Commands.CommandProcessor - Получена команда: PING
[2026-06-20 13:53:30] INFO  main.Server.Commands.CommandProcessor - Получена команда: PING
[2026-06-20 13:53:32] INFO  main.Server.Commands.CommandProcessor - Получена команда: PING
[2026-06-20 13:53:34] INFO  main.Server.Commands.CommandProcessor - Получена команда: PING
[2026-06-20 13:53:36] INFO  main.Server.Commands.CommandProcessor - Получена команда: PING
[2026-06-20 13:53:38] INFO  main.Server.Commands.CommandProcessor - Получена команда: PING
[2026-06-20 13:53:40] INFO  main.Server.Commands.CommandProcessor - Получена команда: PING
[2026-06-20 13:53:42] INFO  main.Server.Commands.CommandProcessor - Получена команда: PING
[2026-06-20 13:53:44] INFO  main.Server.Commands.CommandProcessor - Получена команда: PING
[2026-06-20 13:53:46] INFO  main.Server.Commands.CommandProcessor - Получена команда: PING
[2026-06-20 13:53:48] INFO  main.Server.Commands.CommandProcessor - Получена команда: PING
[2026-06-20 13:53:51] INFO  main.Server.Commands.CommandProcessor - Получена команда: PING
[2026-06-20 13:53:53] INFO  main.Server.Commands.CommandProcessor - Получена команда: PING
[2026-06-20 13:53:55] INFO  main.Server.Commands.CommandProcessor - Получена команда: PING
[2026-06-20 13:53:57] INFO  main.Server.Commands.CommandProcessor - Получена команда: PING
[2026-06-20 13:53:59] INFO  main.Server.Commands.CommandProcessor - Получена команда: PING
[2026-06-20 13:54:01] INFO  main.Server.Commands.CommandProcessor - Получена команда: PING
[2026-06-20 13:54:03] INFO  main.Server.Commands.CommandProcessor - Получена команда: PING
[2026-06-20 13:54:05] INFO  main.Server.Commands.CommandProcessor - Получена команда: PING
[2026-06-20 13:54:07] INFO  main.Server.Commands.CommandProcessor - Получена команда: PING
[2026-06-20 13:54:09] INFO  main.Server.Commands.CommandProcessor - Получена команда: PING
[2026-06-20 13:54:11] INFO  main.Server.Commands.CommandProcessor - Получена команда: PING
[2026-06-20 13:54:13] INFO  main.Server.Commands.CommandProcessor - Получена команда: PING
[2026-06-20 13:54:15] INFO  main.Server.Commands.CommandProcessor - Получена команда: PING
[2026-06-20 13:54:17] INFO  main.Server.Commands.CommandProcessor - Получена команда: PING
[2026-06-20 13:54:19] INFO  main.Server.Commands.CommandProcessor - Получена команда: PING
[2026-06-20 13:54:21] INFO  main.Server.Commands.CommandProcessor - Получена команда: PING
[2026-06-20 13:54:23] INFO  main.Server.Commands.CommandProcessor - Получена команда: PING
[2026-06-20 13:54:25] INFO  main.Server.Commands.CommandProcessor - Получена команда: PING
[2026-06-20 13:54:27] INFO  main.Server.Commands.CommandProcessor - Получена команда: PING
[2026-06-20 13:54:29] INFO  main.Server.Commands.CommandProcessor - Получена команда: PING
[2026-06-20 13:54:31] INFO  main.Server.Commands.CommandProcessor - Получена команда: PING
[2026-06-20 13:54:33] INFO  main.Server.Commands.CommandProcessor - Получена команда: PING
[2026-06-20 13:54:35] INFO  main.Server.Commands.CommandProcessor - Получена команда: PING
[2026-06-20 13:54:37] INFO  main.Server.Commands.CommandProcessor - Получена команда: PING
[2026-06-20 13:54:39] INFO  main.Server.Commands.CommandProcessor - Получена команда: PING
[2026-06-20 13:54:41] INFO  main.Server.Commands.CommandProcessor - Получена команда: PING
[2026-06-20 13:54:43] INFO  main.Server.Commands.CommandProcessor - Получена команда: PING
[2026-06-20 13:54:45] INFO  main.Server.Commands.CommandProcessor - Получена команда: PING
[2026-06-20 13:54:47] INFO  main.Server.Commands.CommandProcessor - Получена команда: PING
[2026-06-20 13:54:49] INFO  main.Server.Commands.CommandProcessor - Получена команда: PING
[2026-06-20 13:54:51] INFO  main.Server.Commands.CommandProcessor - Получена команда: PING
[2026-06-20 13:54:53] INFO  main.Server.Commands.CommandProcessor - Получена команда: PING
[2026-06-20 13:54:55] INFO  main.Server.Commands.CommandProcessor - Получена команда: PING
[2026-06-20 13:54:57] INFO  main.Server.Commands.CommandProcessor - Получена команда: PING
[2026-06-20 13:54:59] INFO  main.Server.Commands.CommandProcessor - Получена команда: PING
[2026-06-20 13:55:01] INFO  main.Server.Commands.CommandProcessor - Получена команда: PING
[2026-06-20 13:55:03] INFO  main.Server.Commands.CommandProcessor - Получена команда: PING
[2026-06-20 13:55:05] INFO  main.Server.Commands.CommandProcessor - Получена команда: PING
[2026-06-20 13:55:07] INFO  main.Server.Commands.CommandProcessor - Получена команда: PING
[2026-06-20 13:55:09] INFO  main.Server.Commands.CommandProcessor - Получена команда: PING
[2026-06-20 13:55:11] INFO  main.Server.Commands.CommandProcessor - Получена команда: PING
[2026-06-20 13:55:13] INFO  main.Server.Commands.CommandProcessor - Получена команда: PING
[2026-06-20 13:55:15] INFO  main.Server.Commands.CommandProcessor - Получена команда: PING
[2026-06-20 13:55:17] INFO  main.Server.Commands.CommandProcessor - Получена команда: PING
[2026-06-20 13:55:19] INFO  main.Server.Commands.CommandProcessor - Получена команда: PING
[2026-06-20 13:55:21] INFO  main.Server.Commands.CommandProcessor - Получена команда: PING
[2026-06-20 13:55:23] INFO  main.Server.Commands.CommandProcessor - Получена команда: PING
[2026-06-20 13:55:25] INFO  main.Server.Commands.CommandProcessor - Получена команда: PING
[2026-06-20 13:55:27] INFO  main.Server.Commands.CommandProcessor - Получена команда: PING
[2026-06-20 13:55:29] INFO  main.Server.Commands.CommandProcessor - Получена команда: PING
[2026-06-20 13:55:31] INFO  main.Server.Commands.CommandProcessor - Получена команда: PING
[2026-06-20 13:55:33] INFO  main.Server.Commands.CommandProcessor - Получена команда: PING
[2026-06-20 13:55:35] INFO  main.Server.Commands.CommandProcessor - Получена команда: PING
[2026-06-20 13:55:37] INFO  main.Server.Commands.CommandProcessor - Получена команда: PING
[2026-06-20 13:55:39] INFO  main.Server.Commands.CommandProcessor - Получена команда: PING
[2026-06-20 13:55:41] INFO  main.Server.Commands.CommandProcessor - Получена команда: PING
[2026-06-20 13:55:43] INFO  main.Server.Commands.CommandProcessor - Получена команда: PING
[2026-06-20 13:55:45] INFO  main.Server.Commands.CommandProcessor - Получена команда: PING
[2026-06-20 13:55:47] INFO  main.Server.Commands.CommandProcessor - Получена команда: PING
[2026-06-20 13:55:49] INFO  main.Server.Commands.CommandProcessor - Получена команда: PING
[2026-06-20 13:55:51] INFO  main.Server.Commands.CommandProcessor - Получена команда: PING
[2026-06-20 13:55:53] INFO  main.Server.Commands.CommandProcessor - Получена команда: PING
[2026-06-20 13:55:55] INFO  main.Server.Commands.CommandProcessor - Получена команда: PING
[2026-06-20 13:55:57] INFO  main.Server.Commands.CommandProcessor - Получена команда: PING
[2026-06-20 13:55:59] INFO  main.Server.Commands.CommandProcessor - Получена команда: PING
[2026-06-20 13:56:01] INFO  main.Server.Commands.CommandProcessor - Получена команда: PING
[2026-06-20 13:56:03] INFO  main.Server.Commands.CommandProcessor - Получена команда: PING
[2026-06-20 13:56:05] INFO  main.Server.Commands.CommandProcessor - Получена команда: PING
[2026-06-20 13:56:07] INFO  main.Server.Commands.CommandProcessor - Получена команда: PING
[2026-06-20 13:56:09] INFO  main.Server.Commands.CommandProcessor - Получена команда: PING
[2026-06-20 13:56:11] INFO  main.Server.Commands.CommandProcessor - Получена команда: PING
[2026-06-20 13:56:13] INFO  main.Server.Commands.CommandProcessor - Получена команда: PING
[2026-06-20 13:56:15] INFO  main.Server.Commands.CommandProcessor - Получена команда: PING
[2026-06-20 13:56:17] INFO  main.Server.Commands.CommandProcessor - Получена команда: PING
[2026-06-20 13:56:19] INFO  main.Server.Commands.CommandProcessor - Получена команда: PING
[2026-06-20 13:56:21] INFO  main.Server.Commands.CommandProcessor - Получена команда: PING
[2026-06-20 13:56:23] INFO  main.Server.Commands.CommandProcessor - Получена команда: PING
[2026-06-20 13:56:25] INFO  main.Server.Commands.CommandProcessor - Получена команда: PING
[2026-06-20 13:56:27] INFO  main.Server.Commands.CommandProcessor - Получена команда: PING
[2026-06-20 13:56:29] INFO  main.Server.Commands.CommandProcessor - Получена команда: PING
[2026-06-20 13:56:31] INFO  main.Server.Commands.CommandProcessor - Получена команда: PING
[2026-06-20 13:56:33] INFO  main.Server.Commands.CommandProcessor - Получена команда: PING
[2026-06-20 13:56:35] INFO  main.Server.Commands.CommandProcessor - Получена команда: PING
[2026-06-20 13:56:37] INFO  main.Server.Commands.CommandProcessor - Получена команда: PING
[2026-06-20 13:56:39] INFO  main.Server.Commands.CommandProcessor - Получена команда: PING
[2026-06-20 13:56:41] INFO  main.Server.Commands.CommandProcessor - Получена команда: PING
[2026-06-20 13:56:43] INFO  main.Server.Commands.CommandProcessor - Получена команда: PING
[2026-06-20 13:56:45] INFO  main.Server.Commands.CommandProcessor - Получена команда: PING
[2026-06-20 13:56:47] INFO  main.Server.Commands.CommandProcessor - Получена команда: PING
[2026-06-20 13:56:49] INFO  main.Server.Commands.CommandProcessor - Получена команда: PING
[2026-06-20 13:56:51] INFO  main.Server.Commands.CommandProcessor - Получена команда: PING
[2026-06-20 13:56:53] INFO  main.Server.Commands.CommandProcessor - Получена команда: PING
[2026-06-20 13:56:55] INFO  main.Server.Commands.CommandProcessor - Получена команда: PING
[2026-06-20 13:56:57] INFO  main.Server.Commands.CommandProcessor - Получена команда: PING
[2026-06-20 13:56:59] INFO  main.Server.Commands.CommandProcessor - Получена команда: PING
[2026-06-20 13:57:01] INFO  main.Server.Commands.CommandProcessor - Получена команда: PING
[2026-06-20 13:57:03] INFO  main.Server.Commands.CommandProcessor - Получена команда: PING
[2026-06-20 13:57:05] INFO  main.Server.Commands.CommandProcessor - Получена команда: PING
[2026-06-20 13:57:07] INFO  main.Server.Commands.CommandProcessor - Получена команда: PING
[2026-06-20 13:57:09] INFO  main.Server.Commands.CommandProcessor - Получена команда: PING
[2026-06-20 13:57:11] INFO  main.Server.Commands.CommandProcessor - Получена команда: PING
[2026-06-20 13:57:13] INFO  main.Server.Commands.CommandProcessor - Получена команда: PING
[2026-06-20 13:57:15] INFO  main.Server.Commands.CommandProcessor - Получена команда: PING
[2026-06-20 13:57:17] INFO  main.Server.Commands.CommandProcessor - Получена команда: PING
[2026-06-20 13:57:19] INFO  main.Server.Commands.CommandProcessor - Получена команда: PING
[2026-06-20 13:57:21] INFO  main.Server.Commands.CommandProcessor - Получена команда: PING
[2026-06-20 13:57:23] INFO  main.Server.Commands.CommandProcessor - Получена команда: PING
[2026-06-20 13:57:26] INFO  main.Server.Commands.CommandProcessor - Получена команда: PING
[2026-06-20 13:57:28] INFO  main.Server.Commands.CommandProcessor - Получена команда: PING
[2026-06-20 13:57:30] INFO  main.Server.Commands.CommandProcessor - Получена команда: PING
[2026-06-20 13:57:32] INFO  main.Server.Commands.CommandProcessor - Получена команда: PING
[2026-06-20 13:57:34] INFO  main.Server.Commands.CommandProcessor - Получена команда: PING
[2026-06-20 13:57:36] INFO  main.Server.Commands.CommandProcessor - Получена команда: PING
[2026-06-20 13:57:38] INFO  main.Server.Commands.CommandProcessor - Получена команда: PING
[2026-06-20 13:57:40] INFO  main.Server.Commands.CommandProcessor - Получена команда: PING
[2026-06-20 13:57:42] INFO  main.Server.Commands.CommandProcessor - Получена команда: PING
[2026-06-20 13:57:44] INFO  main.Server.Commands.CommandProcessor - Получена команда: PING
[2026-06-20 13:57:46] INFO  main.Server.Commands.CommandProcessor - Получена команда: PING
[2026-06-20 13:57:48] INFO  main.Server.Commands.CommandProcessor - Получена команда: PING
[2026-06-20 13:57:50] INFO  main.Server.Commands.CommandProcessor - Получена команда: PING
[2026-06-20 13:57:52] INFO  main.Server.Commands.CommandProcessor - Получена команда: PING
[2026-06-20 13:57:54] INFO  main.Server.Commands.CommandProcessor - Получена команда: PING
[2026-06-20 13:57:56] INFO  main.Server.Commands.CommandProcessor - Получена команда: PING
[2026-06-20 13:57:58] INFO  main.Server.Commands.CommandProcessor - Получена команда: PING
[2026-06-20 13:58:00] INFO  main.Server.Commands.CommandProcessor - Получена команда: PING
[2026-06-20 13:58:02] INFO  main.Server.Commands.CommandProcessor - Получена команда: PING
[2026-06-20 13:58:04] INFO  main.Server.Commands.CommandProcessor - Получена команда: PING
[2026-06-20 13:58:06] INFO  main.Server.Commands.CommandProcessor - Получена команда: PING
[2026-06-20 13:58:08] INFO  main.Server.Commands.CommandProcessor - Получена команда: PING
[2026-06-20 13:58:10] INFO  main.Server.Commands.CommandProcessor - Получена команда: PING
[2026-06-20 13:58:12] INFO  main.Server.Commands.CommandProcessor - Получена команда: PING
[2026-06-20 13:58:14] INFO  main.Server.Commands.CommandProcessor - Получена команда: PING
[2026-06-20 13:58:16] INFO  main.Server.Commands.CommandProcessor - Получена команда: PING
[2026-06-20 13:58:18] INFO  main.Server.Commands.CommandProcessor - Получена команда: PING
[2026-06-20 13:58:20] INFO  main.Server.Commands.CommandProcessor - Получена команда: PING
[2026-06-20 13:58:22] INFO  main.Server.Commands.CommandProcessor - Получена команда: PING
[2026-06-20 13:58:24] INFO  main.Server.Commands.CommandProcessor - Получена команда: PING
[2026-06-20 13:58:26] INFO  main.Server.Commands.CommandProcessor - Получена команда: PING
[2026-06-20 13:58:28] INFO  main.Server.Commands.CommandProcessor - Получена команда: PING
[2026-06-20 13:58:30] INFO  main.Server.Commands.CommandProcessor - Получена команда: PING
[2026-06-20 13:58:32] INFO  main.Server.Commands.CommandProcessor - Получена команда: PING
[2026-06-20 13:58:34] INFO  main.Server.Commands.CommandProcessor - Получена команда: PING
[2026-06-20 13:58:36] INFO  main.Server.Commands.CommandProcessor - Получена команда: PING
[2026-06-20 13:58:38] INFO  main.Server.Commands.CommandProcessor - Получена команда: PING
[2026-06-20 13:58:40] INFO  main.Server.Commands.CommandProcessor - Получена команда: PING
[2026-06-20 13:58:42] INFO  main.Server.Commands.CommandProcessor - Получена команда: PING
[2026-06-20 13:58:44] INFO  main.Server.Commands.CommandProcessor - Получена команда: PING
[2026-06-20 13:58:46] INFO  main.Server.Commands.CommandProcessor - Получена команда: PING
[2026-06-20 13:58:48] INFO  main.Server.Commands.CommandProcessor - Получена команда: PING
[2026-06-20 13:58:50] INFO  main.Server.Commands.CommandProcessor - Получена команда: PING
[2026-06-20 13:58:52] INFO  main.Server.Commands.CommandProcessor - Получена команда: PING
[2026-06-20 13:58:54] INFO  main.Server.Commands.CommandProcessor - Получена команда: PING
[2026-06-20 13:58:56] INFO  main.Server.Commands.CommandProcessor - Получена команда: PING
[2026-06-20 13:58:58] INFO  main.Server.Commands.CommandProcessor - Получена команда: PING
[2026-06-20 13:59:00] INFO  main.Server.Commands.CommandProcessor - Получена команда: PING
[2026-06-20 13:59:02] INFO  main.Server.Commands.CommandProcessor - Получена команда: PING
[2026-06-20 13:59:02] INFO  main.Server.ServerMain - Завершение JVM, сохранение коллекции
[2026-06-20 13:59:02] INFO  main.Server.Commands.CommandProcessor - Коллекция не сохранена, поскольку режим записи в файл отключён
[2026-06-20 14:00:05] INFO  main.Server.DatabaseManagment.DatabaseManager - База данных подключена
[2026-06-20 14:00:05] INFO  main.Server.Network.Server - Сервер запущен: 0.0.0.0:8731
[2026-06-20 14:01:09] INFO  main.Server.Network.Server - Клиент подключился: /127.0.0.1:56643
[2026-06-20 14:01:11] INFO  main.Server.Commands.CommandProcessor - Получена команда: PING
[2026-06-20 14:01:13] INFO  main.Server.Commands.CommandProcessor - Получена команда: LOGIN
[2026-06-20 14:01:13] INFO  main.Server.DatabaseManagment.DatabaseManager - Пользователь test авторизовался
[2026-06-20 14:01:13] INFO  main.Server.Commands.CommandProcessor - Получена команда: PING
[2026-06-20 14:01:14] INFO  main.Server.Commands.CommandProcessor - Получена команда: SHOW
[2026-06-20 14:01:15] INFO  main.Server.Commands.CommandProcessor - Получена команда: PING
[2026-06-20 14:01:17] INFO  main.Server.Commands.CommandProcessor - Получена команда: PING
[2026-06-20 14:01:19] INFO  main.Server.Commands.CommandProcessor - Получена команда: PING
[2026-06-20 14:01:21] INFO  main.Server.Commands.CommandProcessor - Получена команда: PING
[2026-06-20 14:01:23] INFO  main.Server.Commands.CommandProcessor - Получена команда: PING
[2026-06-20 14:01:25] INFO  main.Server.Commands.CommandProcessor - Получена команда: PING
[2026-06-20 14:01:27] INFO  main.Server.Commands.CommandProcessor - Получена команда: PING
[2026-06-20 14:01:29] INFO  main.Server.Commands.CommandProcessor - Получена команда: PING
[2026-06-20 14:01:31] INFO  main.Server.Commands.CommandProcessor - Получена команда: PING
[2026-06-20 14:01:33] INFO  main.Server.Commands.CommandProcessor - Получена команда: PING
[2026-06-20 14:01:35] INFO  main.Server.Commands.CommandProcessor - Получена команда: PING
[2026-06-20 14:01:37] INFO  main.Server.Commands.CommandProcessor - Получена команда: PING
[2026-06-20 14:01:39] INFO  main.Server.Commands.CommandProcessor - Получена команда: PING
[2026-06-20 14:01:41] INFO  main.Server.Commands.CommandProcessor - Получена команда: PING
[2026-06-20 14:01:43] INFO  main.Server.Commands.CommandProcessor - Получена команда: PING
[2026-06-20 14:01:45] INFO  main.Server.Commands.CommandProcessor - Получена команда: PING
[2026-06-20 14:01:47] INFO  main.Server.Commands.CommandProcessor - Получена команда: PING
[2026-06-20 14:01:49] INFO  main.Server.Commands.CommandProcessor - Получена команда: PING
[2026-06-20 14:01:51] INFO  main.Server.Commands.CommandProcessor - Получена команда: PING
[2026-06-20 14:01:53] INFO  main.Server.Commands.CommandProcessor - Получена команда: PING
[2026-06-20 14:01:55] INFO  main.Server.Commands.CommandProcessor - Получена команда: PING
[2026-06-20 14:01:57] INFO  main.Server.Commands.CommandProcessor - Получена команда: PING
[2026-06-20 14:02:00] INFO  main.Server.Commands.CommandProcessor - Получена команда: PING
[2026-06-20 14:02:02] INFO  main.Server.Commands.CommandProcessor - Получена команда: PING
[2026-06-20 14:02:04] INFO  main.Server.Commands.CommandProcessor - Получена команда: PING
[2026-06-20 14:02:06] INFO  main.Server.Commands.CommandProcessor - Получена команда: PING
[2026-06-20 14:02:08] INFO  main.Server.Commands.CommandProcessor - Получена команда: PING
[2026-06-20 14:02:10] INFO  main.Server.Commands.CommandProcessor - Получена команда: PING
[2026-06-20 14:02:12] INFO  main.Server.Commands.CommandProcessor - Получена команда: PING
[2026-06-20 14:02:14] INFO  main.Server.Commands.CommandProcessor - Получена команда: PING
[2026-06-20 14:02:16] INFO  main.Server.Commands.CommandProcessor - Получена команда: PING
[2026-06-20 14:02:18] INFO  main.Server.Commands.CommandProcessor - Получена команда: PING
[2026-06-20 14:02:20] INFO  main.Server.Commands.CommandProcessor - Получена команда: PING
[2026-06-20 14:02:22] INFO  main.Server.Commands.CommandProcessor - Получена команда: PING
[2026-06-20 14:02:24] INFO  main.Server.Commands.CommandProcessor - Получена команда: PING
[2026-06-20 14:02:26] INFO  main.Server.Commands.CommandProcessor - Получена команда: PING
[2026-06-20 14:02:28] INFO  main.Server.Commands.CommandProcessor - Получена команда: PING
[2026-06-20 14:02:30] INFO  main.Server.Commands.CommandProcessor - Получена команда: PING
[2026-06-20 14:02:32] INFO  main.Server.Commands.CommandProcessor - Получена команда: PING
[2026-06-20 14:02:34] INFO  main.Server.Commands.CommandProcessor - Получена команда: PING
[2026-06-20 14:02:36] INFO  main.Server.Commands.CommandProcessor - Получена команда: PING
[2026-06-20 14:02:38] INFO  main.Server.Commands.CommandProcessor - Получена команда: PING
[2026-06-20 14:02:40] INFO  main.Server.Commands.CommandProcessor - Получена команда: PING
[2026-06-20 14:02:42] INFO  main.Server.Commands.CommandProcessor - Получена команда: PING
[2026-06-20 14:02:44] INFO  main.Server.Commands.CommandProcessor - Получена команда: PING
[2026-06-20 14:02:46] INFO  main.Server.Commands.CommandProcessor - Получена команда: PING
[2026-06-20 14:02:48] INFO  main.Server.Commands.CommandProcessor - Получена команда: PING
[2026-06-20 14:02:50] INFO  main.Server.Commands.CommandProcessor - Получена команда: PING
[2026-06-20 14:02:52] INFO  main.Server.Commands.CommandProcessor - Получена команда: PING
[2026-06-20 14:02:54] INFO  main.Server.Commands.CommandProcessor - Получена команда: PING
[2026-06-20 14:02:56] INFO  main.Server.Commands.CommandProcessor - Получена команда: PING
[2026-06-20 14:02:58] INFO  main.Server.Commands.CommandProcessor - Получена команда: PING
[2026-06-20 14:03:00] INFO  main.Server.Commands.CommandProcessor - Получена команда: PING
[2026-06-20 14:03:02] INFO  main.Server.Commands.CommandProcessor - Получена команда: PING
[2026-06-20 14:03:04] INFO  main.Server.Commands.CommandProcessor - Получена команда: PING
[2026-06-20 14:03:06] INFO  main.Server.Commands.CommandProcessor - Получена команда: PING
[2026-06-20 14:03:08] INFO  main.Server.Commands.CommandProcessor - Получена команда: PING
[2026-06-20 14:03:10] INFO  main.Server.Commands.CommandProcessor - Получена команда: PING
[2026-06-20 14:03:11] INFO  main.Server.ServerMain - Завершение JVM, сохранение коллекции
[2026-06-20 14:03:11] INFO  main.Server.Commands.CommandProcessor - Коллекция не сохранена, поскольку режим записи в файл отключён
[2026-06-20 14:03:11] INFO  main.Server.Network.Server - Клиент отключился
[2026-06-20 14:03:17] INFO  main.Server.DatabaseManagment.DatabaseManager - База данных подключена
[2026-06-20 14:03:17] INFO  main.Server.Network.Server - Сервер запущен: 0.0.0.0:8731
[2026-06-20 14:03:19] INFO  main.Server.Network.Server - Клиент подключился: /127.0.0.1:61229
[2026-06-20 14:03:21] INFO  main.Server.Commands.CommandProcessor - Получена команда: PING
[2026-06-20 14:03:23] INFO  main.Server.Commands.CommandProcessor - Получена команда: LOGIN
[2026-06-20 14:03:23] INFO  main.Server.DatabaseManagment.DatabaseManager - Пользователь test авторизовался
[2026-06-20 14:03:23] INFO  main.Server.Commands.CommandProcessor - Получена команда: PING
[2026-06-20 14:03:25] INFO  main.Server.Commands.CommandProcessor - Получена команда: SHOW
[2026-06-20 14:03:25] INFO  main.Server.Commands.CommandProcessor - Получена команда: PING
[2026-06-20 14:03:27] INFO  main.Server.Commands.CommandProcessor - Получена команда: PING
[2026-06-20 14:03:29] INFO  main.Server.Commands.CommandProcessor - Получена команда: PING
[2026-06-20 14:03:31] INFO  main.Server.Commands.CommandProcessor - Получена команда: PING
[2026-06-20 14:03:33] INFO  main.Server.Commands.CommandProcessor - Получена команда: PING
[2026-06-20 14:03:35] INFO  main.Server.Commands.CommandProcessor - Получена команда: PING
[2026-06-20 14:03:37] INFO  main.Server.Commands.CommandProcessor - Получена команда: PING
[2026-06-20 14:03:39] INFO  main.Server.Commands.CommandProcessor - Получена команда: PING
[2026-06-20 14:03:41] INFO  main.Server.Commands.CommandProcessor - Получена команда: PING
[2026-06-20 14:03:43] INFO  main.Server.Commands.CommandProcessor - Получена команда: PING
[2026-06-20 14:03:45] INFO  main.Server.Commands.CommandProcessor - Получена команда: PING
[2026-06-20 14:03:47] INFO  main.Server.Commands.CommandProcessor - Получена команда: PING
[2026-06-20 14:03:49] INFO  main.Server.Commands.CommandProcessor - Получена команда: PING
[2026-06-20 14:03:51] INFO  main.Server.Commands.CommandProcessor - Получена команда: PING
[2026-06-20 14:03:53] INFO  main.Server.Commands.CommandProcessor - Получена команда: PING
[2026-06-20 14:03:55] INFO  main.Server.Commands.CommandProcessor - Получена команда: PING
[2026-06-20 14:03:57] INFO  main.Server.Commands.CommandProcessor - Получена команда: PING
[2026-06-20 14:03:59] INFO  main.Server.Commands.CommandProcessor - Получена команда: PING
[2026-06-20 14:04:01] INFO  main.Server.Commands.CommandProcessor - Получена команда: PING
[2026-06-20 14:04:03] INFO  main.Server.Commands.CommandProcessor - Получена команда: PING
[2026-06-20 14:04:05] INFO  main.Server.Commands.CommandProcessor - Получена команда: PING
[2026-06-20 14:04:07] INFO  main.Server.Commands.CommandProcessor - Получена команда: PING
[2026-06-20 14:04:09] INFO  main.Server.Commands.CommandProcessor - Получена команда: PING
[2026-06-20 14:04:11] INFO  main.Server.Commands.CommandProcessor - Получена команда: PING
[2026-06-20 14:04:13] INFO  main.Server.Commands.CommandProcessor - Получена команда: PING
[2026-06-20 14:04:15] INFO  main.Server.Commands.CommandProcessor - Получена команда: PING
[2026-06-20 14:04:17] INFO  main.Server.Commands.CommandProcessor - Получена команда: PING
[2026-06-20 14:04:19] INFO  main.Server.Commands.CommandProcessor - Получена команда: PING
[2026-06-20 14:04:21] INFO  main.Server.Commands.CommandProcessor - Получена команда: PING
[2026-06-20 14:04:23] INFO  main.Server.Commands.CommandProcessor - Получена команда: PING
[2026-06-20 14:04:25] INFO  main.Server.Commands.CommandProcessor - Получена команда: PING
[2026-06-20 14:04:28] INFO  main.Server.Commands.CommandProcessor - Получена команда: PING
[2026-06-20 14:04:30] INFO  main.Server.Commands.CommandProcessor - Получена команда: PING
[2026-06-20 14:04:32] INFO  main.Server.Commands.CommandProcessor - Получена команда: PING
[2026-06-20 14:04:34] INFO  main.Server.Commands.CommandProcessor - Получена команда: PING
[2026-06-20 14:04:36] INFO  main.Server.Commands.CommandProcessor - Получена команда: PING
[2026-06-20 14:04:38] INFO  main.Server.Commands.CommandProcessor - Получена команда: PING
[2026-06-20 14:04:40] INFO  main.Server.Commands.CommandProcessor - Получена команда: PING
[2026-06-20 14:04:42] INFO  main.Server.Commands.CommandProcessor - Получена команда: PING
[2026-06-20 14:04:44] INFO  main.Server.Commands.CommandProcessor - Получена команда: PING
[2026-06-20 14:04:46] INFO  main.Server.Commands.CommandProcessor - Получена команда: PING
[2026-06-20 14:04:48] INFO  main.Server.Commands.CommandProcessor - Получена команда: PING
[2026-06-20 14:04:50] INFO  main.Server.Commands.CommandProcessor - Получена команда: PING
[2026-06-20 14:04:52] INFO  main.Server.Commands.CommandProcessor - Получена команда: PING
[2026-06-20 14:04:54] INFO  main.Server.Commands.CommandProcessor - Получена команда: PING
[2026-06-20 14:04:56] INFO  main.Server.Commands.CommandProcessor - Получена команда: PING
[2026-06-20 14:04:58] INFO  main.Server.Commands.CommandProcessor - Получена команда: PING
[2026-06-20 14:05:00] INFO  main.Server.Commands.CommandProcessor - Получена команда: PING
[2026-06-20 14:05:02] INFO  main.Server.Commands.CommandProcessor - Получена команда: PING
[2026-06-20 14:05:04] INFO  main.Server.Commands.CommandProcessor - Получена команда: PING
[2026-06-20 14:05:06] INFO  main.Server.Commands.CommandProcessor - Получена команда: PING
[2026-06-20 14:05:08] INFO  main.Server.Commands.CommandProcessor - Получена команда: PING
[2026-06-20 14:05:10] INFO  main.Server.Commands.CommandProcessor - Получена команда: PING
[2026-06-20 14:05:12] INFO  main.Server.Commands.CommandProcessor - Получена команда: PING
[2026-06-20 14:05:14] INFO  main.Server.Commands.CommandProcessor - Получена команда: PING
[2026-06-20 14:05:16] INFO  main.Server.Commands.CommandProcessor - Получена команда: PING
[2026-06-20 14:05:18] INFO  main.Server.Commands.CommandProcessor - Получена команда: PING
[2026-06-20 14:05:20] INFO  main.Server.Commands.CommandProcessor - Получена команда: PING
[2026-06-20 14:05:22] INFO  main.Server.Commands.CommandProcessor - Получена команда: PING
[2026-06-20 14:05:24] INFO  main.Server.Commands.CommandProcessor - Получена команда: PING
[2026-06-20 14:05:26] INFO  main.Server.Commands.CommandProcessor - Получена команда: PING
[2026-06-20 14:05:28] INFO  main.Server.Commands.CommandProcessor - Получена команда: PING
[2026-06-20 14:05:30] INFO  main.Server.Commands.CommandProcessor - Получена команда: PING
[2026-06-20 14:05:32] INFO  main.Server.Commands.CommandProcessor - Получена команда: PING
[2026-06-20 14:05:34] INFO  main.Server.Commands.CommandProcessor - Получена команда: PING
[2026-06-20 14:05:36] INFO  main.Server.Commands.CommandProcessor - Получена команда: PING
[2026-06-20 14:05:38] INFO  main.Server.Commands.CommandProcessor - Получена команда: PING
[2026-06-20 14:05:40] INFO  main.Server.Commands.CommandProcessor - Получена команда: PING
[2026-06-20 14:05:42] INFO  main.Server.Commands.CommandProcessor - Получена команда: PING
[2026-06-20 14:05:44] INFO  main.Server.Commands.CommandProcessor - Получена команда: PING
[2026-06-20 14:05:46] INFO  main.Server.Commands.CommandProcessor - Получена команда: PING
[2026-06-20 14:05:48] INFO  main.Server.Commands.CommandProcessor - Получена команда: PING
[2026-06-20 14:05:50] INFO  main.Server.Commands.CommandProcessor - Получена команда: PING
[2026-06-20 14:05:52] INFO  main.Server.Commands.CommandProcessor - Получена команда: PING
[2026-06-20 14:05:54] INFO  main.Server.Commands.CommandProcessor - Получена команда: PING
[2026-06-20 14:05:56] INFO  main.Server.Commands.CommandProcessor - Получена команда: PING
[2026-06-20 14:05:58] INFO  main.Server.Commands.CommandProcessor - Получена команда: PING
[2026-06-20 14:06:00] INFO  main.Server.Commands.CommandProcessor - Получена команда: PING
[2026-06-20 14:06:02] INFO  main.Server.Commands.CommandProcessor - Получена команда: PING
[2026-06-20 14:06:04] INFO  main.Server.Commands.CommandProcessor - Получена команда: PING
[2026-06-20 14:06:06] INFO  main.Server.Commands.CommandProcessor - Получена команда: PING
[2026-06-20 14:06:08] INFO  main.Server.Commands.CommandProcessor - Получена команда: PING
[2026-06-20 14:06:10] INFO  main.Server.Commands.CommandProcessor - Получена команда: PING
[2026-06-20 14:06:12] INFO  main.Server.Commands.CommandProcessor - Получена команда: PING
[2026-06-20 14:06:14] INFO  main.Server.Commands.CommandProcessor - Получена команда: PING
[2026-06-20 14:06:16] INFO  main.Server.Commands.CommandProcessor - Получена команда: PING
[2026-06-20 14:06:18] INFO  main.Server.Commands.CommandProcessor - Получена команда: PING
[2026-06-20 14:06:20] INFO  main.Server.Commands.CommandProcessor - Получена команда: PING
[2026-06-20 14:06:22] INFO  main.Server.Commands.CommandProcessor - Получена команда: PING
[2026-06-20 14:06:24] INFO  main.Server.Commands.CommandProcessor - Получена команда: PING
[2026-06-20 14:06:26] INFO  main.Server.Commands.CommandProcessor - Получена команда: PING
[2026-06-20 14:06:28] INFO  main.Server.Commands.CommandProcessor - Получена команда: PING
[2026-06-20 14:06:30] INFO  main.Server.Commands.CommandProcessor - Получена команда: PING
[2026-06-20 14:06:32] INFO  main.Server.Commands.CommandProcessor - Получена команда: PING
[2026-06-20 14:06:34] INFO  main.Server.Commands.CommandProcessor - Получена команда: PING
[2026-06-20 14:06:36] INFO  main.Server.Commands.CommandProcessor - Получена команда: PING
[2026-06-20 14:06:38] INFO  main.Server.Commands.CommandProcessor - Получена команда: PING
[2026-06-20 14:06:40] INFO  main.Server.Commands.CommandProcessor - Получена команда: PING
[2026-06-20 14:06:42] INFO  main.Server.Commands.CommandProcessor - Получена команда: PING
[2026-06-20 14:06:44] INFO  main.Server.Commands.CommandProcessor - Получена команда: PING
[2026-06-20 14:06:46] INFO  main.Server.Commands.CommandProcessor - Получена команда: PING
[2026-06-20 14:06:48] INFO  main.Server.Commands.CommandProcessor - Получена команда: PING
[2026-06-20 14:06:50] INFO  main.Server.Commands.CommandProcessor - Получена команда: PING
[2026-06-20 14:06:52] INFO  main.Server.Commands.CommandProcessor - Получена команда: PING
[2026-06-20 14:06:54] INFO  main.Server.Commands.CommandProcessor - Получена команда: PING
[2026-06-20 14:06:56] INFO  main.Server.Commands.CommandProcessor - Получена команда: PING
[2026-06-20 14:06:58] INFO  main.Server.Commands.CommandProcessor - Получена команда: PING
[2026-06-20 14:07:00] INFO  main.Server.Commands.CommandProcessor - Получена команда: PING
[2026-06-20 14:07:02] INFO  main.Server.Commands.CommandProcessor - Получена команда: PING
[2026-06-20 14:07:04] INFO  main.Server.Commands.CommandProcessor - Получена команда: PING
[2026-06-20 14:07:06] INFO  main.Server.Commands.CommandProcessor - Получена команда: PING
[2026-06-20 14:07:08] INFO  main.Server.Commands.CommandProcessor - Получена команда: PING
[2026-06-20 14:07:10] INFO  main.Server.Commands.CommandProcessor - Получена команда: PING
[2026-06-20 14:07:12] INFO  main.Server.Commands.CommandProcessor - Получена команда: PING
[2026-06-20 14:07:14] INFO  main.Server.Commands.CommandProcessor - Получена команда: PING
[2026-06-20 14:07:16] INFO  main.Server.Commands.CommandProcessor - Получена команда: PING
[2026-06-20 14:07:18] INFO  main.Server.Commands.CommandProcessor - Получена команда: PING
[2026-06-20 14:07:20] INFO  main.Server.Commands.CommandProcessor - Получена команда: PING
[2026-06-20 14:07:22] INFO  main.Server.Commands.CommandProcessor - Получена команда: PING
[2026-06-20 14:07:24] INFO  main.Server.Commands.CommandProcessor - Получена команда: PING
[2026-06-20 14:07:26] INFO  main.Server.Commands.CommandProcessor - Получена команда: PING
[2026-06-20 14:07:28] INFO  main.Server.Commands.CommandProcessor - Получена команда: PING
[2026-06-20 14:07:30] INFO  main.Server.Commands.CommandProcessor - Получена команда: PING
[2026-06-20 14:07:32] INFO  main.Server.Commands.CommandProcessor - Получена команда: PING
[2026-06-20 14:07:34] INFO  main.Server.Commands.CommandProcessor - Получена команда: PING
[2026-06-20 14:07:36] INFO  main.Server.Commands.CommandProcessor - Получена команда: PING
[2026-06-20 14:07:38] INFO  main.Server.Commands.CommandProcessor - Получена команда: PING
[2026-06-20 14:07:40] INFO  main.Server.Commands.CommandProcessor - Получена команда: PING
[2026-06-20 14:07:42] INFO  main.Server.Commands.CommandProcessor - Получена команда: PING
[2026-06-20 14:07:44] INFO  main.Server.Commands.CommandProcessor - Получена команда: PING
[2026-06-20 14:07:46] INFO  main.Server.Commands.CommandProcessor - Получена команда: PING
[2026-06-20 14:07:48] INFO  main.Server.Commands.CommandProcessor - Получена команда: PING
[2026-06-20 14:07:50] INFO  main.Server.Commands.CommandProcessor - Получена команда: PING
[2026-06-20 14:07:52] INFO  main.Server.Commands.CommandProcessor - Получена команда: PING
[2026-06-20 14:07:54] INFO  main.Server.Commands.CommandProcessor - Получена команда: PING
[2026-06-20 14:07:56] INFO  main.Server.Commands.CommandProcessor - Получена команда: PING
[2026-06-20 14:07:58] INFO  main.Server.Commands.CommandProcessor - Получена команда: PING
[2026-06-20 14:08:00] INFO  main.Server.Commands.CommandProcessor - Получена команда: PING
[2026-06-20 14:08:02] INFO  main.Server.Commands.CommandProcessor - Получена команда: PING
[2026-06-20 14:08:04] INFO  main.Server.Commands.CommandProcessor - Получена команда: PING
[2026-06-20 14:08:06] INFO  main.Server.Commands.CommandProcessor - Получена команда: PING
[2026-06-20 14:08:08] INFO  main.Server.Commands.CommandProcessor - Получена команда: PING
[2026-06-20 14:08:11] INFO  main.Server.Commands.CommandProcessor - Получена команда: PING
[2026-06-20 14:08:13] INFO  main.Server.Commands.CommandProcessor - Получена команда: PING
[2026-06-20 14:08:15] INFO  main.Server.Commands.CommandProcessor - Получена команда: PING
[2026-06-20 14:08:17] INFO  main.Server.Commands.CommandProcessor - Получена команда: PING
[2026-06-20 14:08:19] INFO  main.Server.Commands.CommandProcessor - Получена команда: PING
[2026-06-20 14:08:21] INFO  main.Server.Commands.CommandProcessor - Получена команда: PING
[2026-06-20 14:08:23] INFO  main.Server.Commands.CommandProcessor - Получена команда: PING
[2026-06-20 14:08:25] INFO  main.Server.Commands.CommandProcessor - Получена команда: PING
[2026-06-20 14:08:27] INFO  main.Server.Commands.CommandProcessor - Получена команда: PING
[2026-06-20 14:08:29] INFO  main.Server.Commands.CommandProcessor - Получена команда: PING
[2026-06-20 14:08:31] INFO  main.Server.Commands.CommandProcessor - Получена команда: PING
[2026-06-20 14:08:33] INFO  main.Server.Commands.CommandProcessor - Получена команда: PING
[2026-06-20 14:08:35] INFO  main.Server.Commands.CommandProcessor - Получена команда: PING
[2026-06-20 14:08:37] INFO  main.Server.Commands.CommandProcessor - Получена команда: PING
[2026-06-20 14:08:39] INFO  main.Server.Commands.CommandProcessor - Получена команда: PING
[2026-06-20 14:08:41] INFO  main.Server.Commands.CommandProcessor - Получена команда: PING
[2026-06-20 14:08:43] INFO  main.Server.Commands.CommandProcessor - Получена команда: PING
[2026-06-20 14:08:45] INFO  main.Server.Commands.CommandProcessor - Получена команда: PING
[2026-06-20 14:08:47] INFO  main.Server.Commands.CommandProcessor - Получена команда: PING
[2026-06-20 14:08:49] INFO  main.Server.Commands.CommandProcessor - Получена команда: PING
[2026-06-20 14:08:51] INFO  main.Server.Commands.CommandProcessor - Получена команда: PING
[2026-06-20 14:08:53] INFO  main.Server.Commands.CommandProcessor - Получена команда: PING
[2026-06-20 14:08:55] INFO  main.Server.Commands.CommandProcessor - Получена команда: PING
[2026-06-20 14:08:57] INFO  main.Server.Commands.CommandProcessor - Получена команда: PING
[2026-06-20 14:08:59] INFO  main.Server.Commands.CommandProcessor - Получена команда: PING
[2026-06-20 14:09:01] INFO  main.Server.Commands.CommandProcessor - Получена команда: PING
[2026-06-20 14:09:03] INFO  main.Server.Commands.CommandProcessor - Получена команда: PING
[2026-06-20 14:09:05] INFO  main.Server.Commands.CommandProcessor - Получена команда: PING
[2026-06-20 14:09:07] INFO  main.Server.Commands.CommandProcessor - Получена команда: PING
[2026-06-20 14:09:09] INFO  main.Server.Commands.CommandProcessor - Получена команда: PING
[2026-06-20 14:09:11] INFO  main.Server.Commands.CommandProcessor - Получена команда: PING
[2026-06-20 14:09:13] INFO  main.Server.Commands.CommandProcessor - Получена команда: PING
[2026-06-20 14:09:15] INFO  main.Server.Commands.CommandProcessor - Получена команда: PING
[2026-06-20 14:09:17] INFO  main.Server.Commands.CommandProcessor - Получена команда: PING
[2026-06-20 14:09:19] INFO  main.Server.Commands.CommandProcessor - Получена команда: PING
[2026-06-20 14:09:21] INFO  main.Server.Commands.CommandProcessor - Получена команда: PING
[2026-06-20 14:09:23] INFO  main.Server.Commands.CommandProcessor - Получена команда: PING
[2026-06-20 14:09:25] INFO  main.Server.Commands.CommandProcessor - Получена команда: PING
[2026-06-20 14:09:27] INFO  main.Server.Commands.CommandProcessor - Получена команда: PING
[2026-06-20 14:09:29] INFO  main.Server.Commands.CommandProcessor - Получена команда: PING
[2026-06-20 14:09:31] INFO  main.Server.Commands.CommandProcessor - Получена команда: PING
[2026-06-20 14:09:33] INFO  main.Server.Commands.CommandProcessor - Получена команда: PING
[2026-06-20 14:09:35] INFO  main.Server.Commands.CommandProcessor - Получена команда: PING
[2026-06-20 14:09:37] INFO  main.Server.Commands.CommandProcessor - Получена команда: PING
[2026-06-20 14:09:39] INFO  main.Server.Commands.CommandProcessor - Получена команда: PING
[2026-06-20 14:09:41] INFO  main.Server.Commands.CommandProcessor - Получена команда: PING
[2026-06-20 14:09:43] INFO  main.Server.Commands.CommandProcessor - Получена команда: PING
[2026-06-20 14:09:45] INFO  main.Server.Commands.CommandProcessor - Получена команда: PING
[2026-06-20 14:09:47] INFO  main.Server.Commands.CommandProcessor - Получена команда: PING
[2026-06-20 14:09:49] INFO  main.Server.Commands.CommandProcessor - Получена команда: PING
[2026-06-20 14:09:51] INFO  main.Server.Commands.CommandProcessor - Получена команда: PING
[2026-06-20 14:09:53] INFO  main.Server.Commands.CommandProcessor - Получена команда: PING
[2026-06-20 14:09:55] INFO  main.Server.Commands.CommandProcessor - Получена команда: PING
[2026-06-20 14:09:57] INFO  main.Server.Commands.CommandProcessor - Получена команда: PING
[2026-06-20 14:09:59] INFO  main.Server.Commands.CommandProcessor - Получена команда: PING
[2026-06-20 14:10:01] INFO  main.Server.Commands.CommandProcessor - Получена команда: PING
[2026-06-20 14:10:03] INFO  main.Server.Commands.CommandProcessor - Получена команда: PING
[2026-06-20 14:10:05] INFO  main.Server.Commands.CommandProcessor - Получена команда: PING
[2026-06-20 14:10:07] INFO  main.Server.Commands.CommandProcessor - Получена команда: PING
[2026-06-20 14:10:09] INFO  main.Server.Commands.CommandProcessor - Получена команда: PING
[2026-06-20 14:10:11] INFO  main.Server.Commands.CommandProcessor - Получена команда: PING
[2026-06-20 14:10:13] INFO  main.Server.Commands.CommandProcessor - Получена команда: PING
[2026-06-20 14:10:15] INFO  main.Server.Commands.CommandProcessor - Получена команда: PING
[2026-06-20 14:10:17] INFO  main.Server.Commands.CommandProcessor - Получена команда: PING
[2026-06-20 14:10:19] INFO  main.Server.Commands.CommandProcessor - Получена команда: PING
[2026-06-20 14:10:21] INFO  main.Server.Commands.CommandProcessor - Получена команда: PING
[2026-06-20 14:10:23] INFO  main.Server.Commands.CommandProcessor - Получена команда: PING
[2026-06-20 14:10:25] INFO  main.Server.Commands.CommandProcessor - Получена команда: PING
[2026-06-20 14:10:27] INFO  main.Server.Commands.CommandProcessor - Получена команда: PING
[2026-06-20 14:10:29] INFO  main.Server.Commands.CommandProcessor - Получена команда: PING
[2026-06-20 14:10:31] INFO  main.Server.Commands.CommandProcessor - Получена команда: PING
[2026-06-20 14:10:33] INFO  main.Server.Commands.CommandProcessor - Получена команда: PING
[2026-06-20 14:10:35] INFO  main.Server.Commands.CommandProcessor - Получена команда: PING
[2026-06-20 14:10:37] INFO  main.Server.Commands.CommandProcessor - Получена команда: PING
[2026-06-20 14:10:39] INFO  main.Server.Commands.CommandProcessor - Получена команда: PING
[2026-06-20 14:10:41] INFO  main.Server.Commands.CommandProcessor - Получена команда: PING
[2026-06-20 14:10:43] INFO  main.Server.Commands.CommandProcessor - Получена команда: PING
[2026-06-20 14:10:45] INFO  main.Server.Commands.CommandProcessor - Получена команда: PING
[2026-06-20 14:10:47] INFO  main.Server.Commands.CommandProcessor - Получена команда: PING
[2026-06-20 14:10:49] INFO  main.Server.Commands.CommandProcessor - Получена команда: PING
[2026-06-20 14:10:51] INFO  main.Server.Commands.CommandProcessor - Получена команда: PING
[2026-06-20 14:10:53] INFO  main.Server.Commands.CommandProcessor - Получена команда: PING
[2026-06-20 14:10:55] INFO  main.Server.Commands.CommandProcessor - Получена команда: PING
[2026-06-20 14:10:57] INFO  main.Server.Commands.CommandProcessor - Получена команда: PING
[2026-06-20 14:10:59] INFO  main.Server.Commands.CommandProcessor - Получена команда: PING
[2026-06-20 14:11:01] INFO  main.Server.Commands.CommandProcessor - Получена команда: PING
[2026-06-20 14:11:03] INFO  main.Server.Commands.CommandProcessor - Получена команда: PING
[2026-06-20 14:11:05] INFO  main.Server.Commands.CommandProcessor - Получена команда: PING
[2026-06-20 14:11:07] INFO  main.Server.Commands.CommandProcessor - Получена команда: PING
[2026-06-20 14:11:09] INFO  main.Server.Commands.CommandProcessor - Получена команда: PING
[2026-06-20 14:11:11] INFO  main.Server.Commands.CommandProcessor - Получена команда: PING
[2026-06-20 14:11:13] INFO  main.Server.Commands.CommandProcessor - Получена команда: PING
[2026-06-20 14:11:15] INFO  main.Server.Commands.CommandProcessor - Получена команда: PING
[2026-06-20 14:11:17] INFO  main.Server.Commands.CommandProcessor - Получена команда: PING
[2026-06-20 14:11:19] INFO  main.Server.Commands.CommandProcessor - Получена команда: PING
[2026-06-20 14:11:21] INFO  main.Server.Commands.CommandProcessor - Получена команда: PING
[2026-06-20 14:11:24] INFO  main.Server.Commands.CommandProcessor - Получена команда: PING
[2026-06-20 14:11:26] INFO  main.Server.Commands.CommandProcessor - Получена команда: PING
[2026-06-20 14:11:28] INFO  main.Server.Commands.CommandProcessor - Получена команда: PING
[2026-06-20 14:11:30] INFO  main.Server.Commands.CommandProcessor - Получена команда: PING
[2026-06-20 14:11:32] INFO  main.Server.Commands.CommandProcessor - Получена команда: PING
[2026-06-20 14:11:34] INFO  main.Server.Commands.CommandProcessor - Получена команда: PING
[2026-06-20 14:11:36] INFO  main.Server.Commands.CommandProcessor - Получена команда: PING
[2026-06-20 14:11:38] INFO  main.Server.Commands.CommandProcessor - Получена команда: PING
[2026-06-20 14:11:40] INFO  main.Server.Commands.CommandProcessor - Получена команда: PING
[2026-06-20 14:11:42] INFO  main.Server.Commands.CommandProcessor - Получена команда: PING
[2026-06-20 14:11:44] INFO  main.Server.Commands.CommandProcessor - Получена команда: PING
[2026-06-20 14:11:46] INFO  main.Server.Commands.CommandProcessor - Получена команда: PING
[2026-06-20 14:11:48] INFO  main.Server.Commands.CommandProcessor - Получена команда: PING
[2026-06-20 14:11:50] INFO  main.Server.Commands.CommandProcessor - Получена команда: PING
[2026-06-20 14:11:52] INFO  main.Server.Commands.CommandProcessor - Получена команда: PING
[2026-06-20 14:11:54] INFO  main.Server.Commands.CommandProcessor - Получена команда: PING
[2026-06-20 14:11:56] INFO  main.Server.Commands.CommandProcessor - Получена команда: PING
[2026-06-20 14:11:58] INFO  main.Server.Commands.CommandProcessor - Получена команда: PING
[2026-06-20 14:12:00] INFO  main.Server.Commands.CommandProcessor - Получена команда: PING
[2026-06-20 14:12:02] INFO  main.Server.Commands.CommandProcessor - Получена команда: PING
[2026-06-20 14:12:04] INFO  main.Server.Commands.CommandProcessor - Получена команда: PING
[2026-06-20 14:12:06] INFO  main.Server.Commands.CommandProcessor - Получена команда: PING
[2026-06-20 14:12:08] INFO  main.Server.Commands.CommandProcessor - Получена команда: PING
[2026-06-20 14:12:10] INFO  main.Server.Commands.CommandProcessor - Получена команда: PING
[2026-06-20 14:12:12] INFO  main.Server.Commands.CommandProcessor - Получена команда: PING
[2026-06-20 14:12:14] INFO  main.Server.Commands.CommandProcessor - Получена команда: PING
[2026-06-20 14:12:16] INFO  main.Server.Commands.CommandProcessor - Получена команда: PING
[2026-06-20 14:12:18] INFO  main.Server.Commands.CommandProcessor - Получена команда: PING
[2026-06-20 14:12:20] INFO  main.Server.Commands.CommandProcessor - Получена команда: PING
[2026-06-20 14:12:22] INFO  main.Server.Commands.CommandProcessor - Получена команда: PING
[2026-06-20 14:12:24] INFO  main.Server.Commands.CommandProcessor - Получена команда: PING
[2026-06-20 14:12:26] INFO  main.Server.Commands.CommandProcessor - Получена команда: PING
[2026-06-20 14:12:28] INFO  main.Server.Commands.CommandProcessor - Получена команда: PING
[2026-06-20 14:12:30] INFO  main.Server.Commands.CommandProcessor - Получена команда: PING
[2026-06-20 14:12:32] INFO  main.Server.Commands.CommandProcessor - Получена команда: PING
[2026-06-20 14:12:34] INFO  main.Server.Commands.CommandProcessor - Получена команда: PING
[2026-06-20 14:12:36] INFO  main.Server.Commands.CommandProcessor - Получена команда: PING
[2026-06-20 14:12:38] INFO  main.Server.Commands.CommandProcessor - Получена команда: PING
[2026-06-20 14:12:40] INFO  main.Server.Commands.CommandProcessor - Получена команда: PING
[2026-06-20 14:12:42] INFO  main.Server.Commands.CommandProcessor - Получена команда: PING
[2026-06-20 14:12:44] INFO  main.Server.Commands.CommandProcessor - Получена команда: PING
[2026-06-20 14:12:46] INFO  main.Server.Commands.CommandProcessor - Получена команда: PING
[2026-06-20 14:12:48] INFO  main.Server.Commands.CommandProcessor - Получена команда: PING
[2026-06-20 14:12:50] INFO  main.Server.Commands.CommandProcessor - Получена команда: PING
[2026-06-20 14:12:52] INFO  main.Server.Commands.CommandProcessor - Получена команда: PING
[2026-06-20 14:12:54] INFO  main.Server.Commands.CommandProcessor - Получена команда: PING
[2026-06-20 14:12:56] INFO  main.Server.Commands.CommandProcessor - Получена команда: PING
[2026-06-20 14:12:58] INFO  main.Server.Commands.CommandProcessor - Получена команда: PING
[2026-06-20 14:13:00] INFO  main.Server.Commands.CommandProcessor - Получена команда: PING
[2026-06-20 14:13:02] INFO  main.Server.Commands.CommandProcessor - Получена команда: PING
[2026-06-20 14:13:04] INFO  main.Server.Commands.CommandProcessor - Получена команда: PING
[2026-06-20 14:13:06] INFO  main.Server.Commands.CommandProcessor - Получена команда: PING
[2026-06-20 14:13:08] INFO  main.Server.Commands.CommandProcessor - Получена команда: PING
[2026-06-20 14:13:10] INFO  main.Server.Commands.CommandProcessor - Получена команда: PING
[2026-06-20 14:13:12] INFO  main.Server.Commands.CommandProcessor - Получена команда: PING
[2026-06-20 14:13:14] INFO  main.Server.Commands.CommandProcessor - Получена команда: PING
[2026-06-20 14:13:16] INFO  main.Server.Commands.CommandProcessor - Получена команда: PING
[2026-06-20 14:13:18] INFO  main.Server.Commands.CommandProcessor - Получена команда: PING
[2026-06-20 14:13:20] INFO  main.Server.Commands.CommandProcessor - Получена команда: PING
[2026-06-20 14:13:22] INFO  main.Server.Commands.CommandProcessor - Получена команда: PING
[2026-06-20 14:13:24] INFO  main.Server.Commands.CommandProcessor - Получена команда: PING
[2026-06-20 14:13:26] INFO  main.Server.Commands.CommandProcessor - Получена команда: PING
[2026-06-20 14:13:28] INFO  main.Server.Commands.CommandProcessor - Получена команда: PING
[2026-06-20 14:13:30] INFO  main.Server.Commands.CommandProcessor - Получена команда: PING
[2026-06-20 14:13:32] INFO  main.Server.Commands.CommandProcessor - Получена команда: PING
[2026-06-20 14:13:34] INFO  main.Server.Commands.CommandProcessor - Получена команда: PING
[2026-06-20 14:13:36] INFO  main.Server.Commands.CommandProcessor - Получена команда: PING
[2026-06-20 14:13:38] INFO  main.Server.Commands.CommandProcessor - Получена команда: PING
[2026-06-20 14:13:39] INFO  main.Server.Network.Server - Клиент отключился
[2026-06-20 14:13:39] INFO  main.Server.ServerMain - Завершение JVM, сохранение коллекции
[2026-06-20 14:13:39] INFO  main.Server.Commands.CommandProcessor - Коллекция не сохранена, поскольку режим записи в файл отключён
[2026-06-20 14:13:49] INFO  main.Server.DatabaseManagment.DatabaseManager - База данных подключена
[2026-06-20 14:13:49] INFO  main.Server.DatabaseManagment.DatabaseManager - Таблицы базы данных успешно проверены/созданы
[2026-06-20 14:13:49] INFO  main.Server.Network.Server - Сервер запущен: 0.0.0.0:8731
[2026-06-20 14:14:01] INFO  main.Server.Network.Server - Клиент подключился: /127.0.0.1:56032
[2026-06-20 14:14:03] INFO  main.Server.Commands.CommandProcessor - Получена команда: PING
[2026-06-20 14:14:05] INFO  main.Server.Commands.CommandProcessor - Получена команда: PING
[2026-06-20 14:14:07] INFO  main.Server.Commands.CommandProcessor - Получена команда: PING
[2026-06-20 14:14:09] INFO  main.Server.Commands.CommandProcessor - Получена команда: PING
[2026-06-20 14:14:11] INFO  main.Server.Commands.CommandProcessor - Получена команда: PING
[2026-06-20 14:14:13] INFO  main.Server.Commands.CommandProcessor - Получена команда: PING
[2026-06-20 14:14:13] INFO  main.Server.Commands.CommandProcessor - Получена команда: LOGIN
[2026-06-20 14:14:13] INFO  main.Server.DatabaseManagment.DatabaseManager - Пользователь test авторизовался
[2026-06-20 14:14:15] INFO  main.Server.Commands.CommandProcessor - Получена команда: PING
[2026-06-20 14:14:17] INFO  main.Server.Commands.CommandProcessor - Получена команда: PING
[2026-06-20 14:14:18] INFO  main.Server.Network.Server - Клиент отключился
[2026-06-20 14:14:18] INFO  main.Server.ServerMain - Завершение JVM, сохранение коллекции
[2026-06-20 14:14:18] INFO  main.Server.Commands.CommandProcessor - Коллекция не сохранена, поскольку режим записи в файл отключён
[2026-06-20 21:08:45] INFO  main.Server.DatabaseManagment.DatabaseManager - База данных подключена
[2026-06-20 21:08:45] INFO  main.Server.DatabaseManagment.DatabaseManager - Таблицы базы данных успешно проверены/созданы
[2026-06-20 21:08:46] INFO  main.Server.Network.Server - Сервер запущен: 0.0.0.0:8731
[2026-06-20 21:08:55] INFO  main.Server.Network.Server - Клиент подключился: /127.0.0.1:61913
[2026-06-20 21:08:57] INFO  main.Server.Commands.CommandProcessor - Получена команда: PING
[2026-06-20 21:08:59] INFO  main.Server.Commands.CommandProcessor - Получена команда: PING
[2026-06-20 21:09:01] INFO  main.Server.Commands.CommandProcessor - Получена команда: PING
[2026-06-20 21:09:04] INFO  main.Server.Commands.CommandProcessor - Получена команда: PING
[2026-06-20 21:09:06] INFO  main.Server.Commands.CommandProcessor - Получена команда: PING
[2026-06-20 21:09:08] INFO  main.Server.Commands.CommandProcessor - Получена команда: PING
[2026-06-20 21:09:09] INFO  main.Server.Commands.CommandProcessor - Получена команда: PING
[2026-06-20 21:09:10] INFO  main.Server.Commands.CommandProcessor - Получена команда: PING
[2026-06-20 21:09:12] INFO  main.Server.Commands.CommandProcessor - Получена команда: PING
[2026-06-20 21:09:14] INFO  main.Server.Commands.CommandProcessor - Получена команда: PING
[2026-06-20 21:09:16] INFO  main.Server.Commands.CommandProcessor - Получена команда: PING
[2026-06-20 21:09:18] INFO  main.Server.Commands.CommandProcessor - Получена команда: PING
[2026-06-20 21:09:20] INFO  main.Server.Commands.CommandProcessor - Получена команда: PING
[2026-06-20 21:09:22] INFO  main.Server.Commands.CommandProcessor - Получена команда: PING
[2026-06-20 21:09:24] INFO  main.Server.Network.Server - Клиент отключился
[2026-06-20 21:09:31] INFO  main.Server.Network.Server - Клиент подключился: /127.0.0.1:62248
[2026-06-20 21:09:33] INFO  main.Server.Commands.CommandProcessor - Получена команда: PING
[2026-06-20 21:09:35] INFO  main.Server.Commands.CommandProcessor - Получена команда: LOGIN
[2026-06-20 21:09:35] INFO  main.Server.DatabaseManagment.DatabaseManager - Пользователь test2 авторизовался
[2026-06-20 21:09:35] INFO  main.Server.Commands.CommandProcessor - Получена команда: PING
[2026-06-20 21:09:37] INFO  main.Server.Commands.CommandProcessor - Получена команда: PING
[2026-06-20 21:09:39] INFO  main.Server.Commands.CommandProcessor - Получена команда: PING
[2026-06-20 21:09:41] INFO  main.Server.Commands.CommandProcessor - Получена команда: PING
[2026-06-20 21:09:43] INFO  main.Server.Commands.CommandProcessor - Получена команда: PING
[2026-06-20 21:09:45] INFO  main.Server.Commands.CommandProcessor - Получена команда: SHOW
[2026-06-20 21:09:45] INFO  main.Server.Commands.CommandProcessor - Получена команда: PING
[2026-06-20 21:09:47] INFO  main.Server.Commands.CommandProcessor - Получена команда: PING
[2026-06-20 21:09:49] INFO  main.Server.Commands.CommandProcessor - Получена команда: PING
[2026-06-20 21:09:49] INFO  main.Server.Commands.CommandProcessor - Получена команда: PING
[2026-06-20 21:09:51] INFO  main.Server.Commands.CommandProcessor - Получена команда: PING
[2026-06-20 21:09:53] INFO  main.Server.Commands.CommandProcessor - Получена команда: PING
[2026-06-20 21:09:55] INFO  main.Server.Commands.CommandProcessor - Получена команда: PING
[2026-06-20 21:09:57] INFO  main.Server.Commands.CommandProcessor - Получена команда: PING
[2026-06-20 21:09:59] INFO  main.Server.Commands.CommandProcessor - Получена команда: PING
[2026-06-20 21:10:00] INFO  main.Server.Commands.CommandProcessor - Получена команда: PING
[2026-06-20 21:10:00] INFO  main.Server.Commands.CommandProcessor - Получена команда: PING
[2026-06-20 21:10:01] INFO  main.Server.Commands.CommandProcessor - Получена команда: PING
[2026-06-20 21:10:01] INFO  main.Server.Commands.CommandProcessor - Получена команда: PING
[2026-06-20 21:10:01] INFO  main.Server.Commands.CommandProcessor - Получена команда: PING
[2026-06-20 21:10:03] INFO  main.Server.Commands.CommandProcessor - Получена команда: PING
[2026-06-20 21:10:03] INFO  main.Server.Commands.CommandProcessor - Получена команда: PING
[2026-06-20 21:10:03] INFO  main.Server.Commands.CommandProcessor - Получена команда: PING
[2026-06-20 21:10:04] INFO  main.Server.Commands.CommandProcessor - Получена команда: PING
[2026-06-20 21:10:04] INFO  main.Server.Commands.CommandProcessor - Получена команда: PING
[2026-06-20 21:10:05] INFO  main.Server.Commands.CommandProcessor - Получена команда: PING
[2026-06-20 21:10:05] INFO  main.Server.Commands.CommandProcessor - Получена команда: PING
[2026-06-20 21:10:05] INFO  main.Server.Commands.CommandProcessor - Получена команда: PING
[2026-06-20 21:10:05] INFO  main.Server.Commands.CommandProcessor - Получена команда: PING
[2026-06-20 21:10:05] INFO  main.Server.Commands.CommandProcessor - Получена команда: PING
[2026-06-20 21:10:06] INFO  main.Server.Commands.CommandProcessor - Получена команда: PING
[2026-06-20 21:10:06] INFO  main.Server.Commands.CommandProcessor - Получена команда: PING
[2026-06-20 21:10:07] INFO  main.Server.Commands.CommandProcessor - Получена команда: PING
[2026-06-20 21:10:07] INFO  main.Server.Commands.CommandProcessor - Получена команда: PING
[2026-06-20 21:10:07] INFO  main.Server.Commands.CommandProcessor - Получена команда: PING
[2026-06-20 21:10:08] INFO  main.Server.Commands.CommandProcessor - Получена команда: PING
[2026-06-20 21:10:08] INFO  main.Server.Commands.CommandProcessor - Получена команда: PING
[2026-06-20 21:10:09] INFO  main.Server.Commands.CommandProcessor - Получена команда: PING
[2026-06-20 21:10:10] INFO  main.Server.Commands.CommandProcessor - Получена команда: PING
[2026-06-20 21:10:10] INFO  main.Server.Commands.CommandProcessor - Получена команда: PING
[2026-06-20 21:10:11] INFO  main.Server.Commands.CommandProcessor - Получена команда: PING
[2026-06-20 21:10:11] INFO  main.Server.Commands.CommandProcessor - Получена команда: UPDATE
[2026-06-20 21:10:11] INFO  main.Server.Commands.CommandProcessor - Получена команда: PING
[2026-06-20 21:10:13] INFO  main.Server.Commands.CommandProcessor - Получена команда: PING
[2026-06-20 21:10:15] INFO  main.Server.Commands.CommandProcessor - Получена команда: PING
[2026-06-20 21:10:17] INFO  main.Server.Commands.CommandProcessor - Получена команда: PING
[2026-06-20 21:10:19] INFO  main.Server.Commands.CommandProcessor - Получена команда: PING
[2026-06-20 21:10:21] INFO  main.Server.Commands.CommandProcessor - Получена команда: PING
[2026-06-20 21:10:23] INFO  main.Server.Commands.CommandProcessor - Получена команда: PING
[2026-06-20 21:10:25] INFO  main.Server.Commands.CommandProcessor - Получена команда: PING
[2026-06-20 21:10:27] INFO  main.Server.Commands.CommandProcessor - Получена команда: PING
[2026-06-20 21:10:29] INFO  main.Server.Commands.CommandProcessor - Получена команда: PING
[2026-06-20 21:10:31] INFO  main.Server.Commands.CommandProcessor - Получена команда: PING
[2026-06-20 21:10:33] INFO  main.Server.Commands.CommandProcessor - Получена команда: PING
[2026-06-20 21:10:35] INFO  main.Server.Commands.CommandProcessor - Получена команда: PING
[2026-06-20 21:10:37] INFO  main.Server.Commands.CommandProcessor - Получена команда: PING
[2026-06-20 21:10:39] INFO  main.Server.Commands.CommandProcessor - Получена команда: PING
[2026-06-20 21:10:41] INFO  main.Server.Commands.CommandProcessor - Получена команда: PING
[2026-06-20 21:10:43] INFO  main.Server.Commands.CommandProcessor - Получена команда: PING
[2026-06-20 21:10:45] INFO  main.Server.Commands.CommandProcessor - Получена команда: PING
[2026-06-20 21:10:47] INFO  main.Server.Commands.CommandProcessor - Получена команда: PING
[2026-06-20 21:10:49] INFO  main.Server.Commands.CommandProcessor - Получена команда: PING
[2026-06-20 21:10:51] INFO  main.Server.Commands.CommandProcessor - Получена команда: PING
[2026-06-20 21:10:53] INFO  main.Server.Commands.CommandProcessor - Получена команда: PING
[2026-06-20 21:10:55] INFO  main.Server.Commands.CommandProcessor - Получена команда: PING
[2026-06-20 21:10:57] INFO  main.Server.Commands.CommandProcessor - Получена команда: PING
[2026-06-20 21:10:59] INFO  main.Server.Commands.CommandProcessor - Получена команда: PING
[2026-06-20 21:11:01] INFO  main.Server.Commands.CommandProcessor - Получена команда: PING
[2026-06-20 21:11:03] INFO  main.Server.Commands.CommandProcessor - Получена команда: PING
[2026-06-20 21:11:05] INFO  main.Server.Commands.CommandProcessor - Получена команда: PING
[2026-06-20 21:11:07] INFO  main.Server.Commands.CommandProcessor - Получена команда: PING
[2026-06-20 21:11:09] INFO  main.Server.Commands.CommandProcessor - Получена команда: PING
[2026-06-20 21:11:11] INFO  main.Server.Commands.CommandProcessor - Получена команда: PING
[2026-06-20 21:11:13] INFO  main.Server.Commands.CommandProcessor - Получена команда: PING
[2026-06-20 21:11:15] INFO  main.Server.Commands.CommandProcessor - Получена команда: PING
[2026-06-20 21:11:17] INFO  main.Server.Commands.CommandProcessor - Получена команда: PING
[2026-06-20 21:11:19] INFO  main.Server.Commands.CommandProcessor - Получена команда: PING
[2026-06-20 21:11:21] INFO  main.Server.Commands.CommandProcessor - Получена команда: PING
[2026-06-20 21:11:23] INFO  main.Server.Commands.CommandProcessor - Получена команда: PING
[2026-06-20 21:11:25] INFO  main.Server.Commands.CommandProcessor - Получена команда: PING
[2026-06-20 21:11:28] INFO  main.Server.Commands.CommandProcessor - Получена команда: PING
[2026-06-20 21:11:30] INFO  main.Server.Commands.CommandProcessor - Получена команда: PING
[2026-06-20 21:11:32] INFO  main.Server.Commands.CommandProcessor - Получена команда: PING
[2026-06-20 21:11:34] INFO  main.Server.Commands.CommandProcessor - Получена команда: PING
[2026-06-20 21:11:36] INFO  main.Server.Commands.CommandProcessor - Получена команда: PING
[2026-06-20 21:11:38] INFO  main.Server.Commands.CommandProcessor - Получена команда: PING
[2026-06-20 21:11:40] INFO  main.Server.Commands.CommandProcessor - Получена команда: PING
[2026-06-20 21:11:42] INFO  main.Server.Commands.CommandProcessor - Получена команда: PING
[2026-06-20 21:11:44] INFO  main.Server.Commands.CommandProcessor - Получена команда: PING
[2026-06-20 21:11:46] INFO  main.Server.Commands.CommandProcessor - Получена команда: PING
[2026-06-20 21:11:48] INFO  main.Server.Commands.CommandProcessor - Получена команда: PING
[2026-06-20 21:11:50] INFO  main.Server.Commands.CommandProcessor - Получена команда: PING
[2026-06-20 21:11:52] INFO  main.Server.Commands.CommandProcessor - Получена команда: PING
[2026-06-20 21:11:54] INFO  main.Server.Commands.CommandProcessor - Получена команда: PING
[2026-06-20 21:11:56] INFO  main.Server.Commands.CommandProcessor - Получена команда: PING
[2026-06-20 21:11:58] INFO  main.Server.Commands.CommandProcessor - Получена команда: PING
[2026-06-20 21:12:00] INFO  main.Server.Commands.CommandProcessor - Получена команда: PING
[2026-06-20 21:12:02] INFO  main.Server.Commands.CommandProcessor - Получена команда: PING
[2026-06-20 21:12:04] INFO  main.Server.Commands.CommandProcessor - Получена команда: PING
[2026-06-20 21:12:06] INFO  main.Server.Commands.CommandProcessor - Получена команда: PING
[2026-06-20 21:12:08] INFO  main.Server.Commands.CommandProcessor - Получена команда: PING
[2026-06-20 21:12:10] INFO  main.Server.Commands.CommandProcessor - Получена команда: PING
[2026-06-20 21:12:12] INFO  main.Server.Commands.CommandProcessor - Получена команда: PING
[2026-06-20 21:12:14] INFO  main.Server.Commands.CommandProcessor - Получена команда: PING
[2026-06-20 21:12:16] INFO  main.Server.Commands.CommandProcessor - Получена команда: PING
[2026-06-20 21:12:18] INFO  main.Server.Commands.CommandProcessor - Получена команда: PING
[2026-06-20 21:12:20] INFO  main.Server.Commands.CommandProcessor - Получена команда: PING
[2026-06-20 21:12:22] INFO  main.Server.Commands.CommandProcessor - Получена команда: PING
[2026-06-20 21:12:24] INFO  main.Server.Commands.CommandProcessor - Получена команда: PING
[2026-06-20 21:12:26] INFO  main.Server.Commands.CommandProcessor - Получена команда: PING
[2026-06-20 21:12:28] INFO  main.Server.Commands.CommandProcessor - Получена команда: PING
[2026-06-20 21:12:30] INFO  main.Server.Commands.CommandProcessor - Получена команда: PING
[2026-06-20 21:12:32] INFO  main.Server.Commands.CommandProcessor - Получена команда: PING
[2026-06-20 21:12:34] INFO  main.Server.Commands.CommandProcessor - Получена команда: PING
[2026-06-20 21:12:36] INFO  main.Server.Commands.CommandProcessor - Получена команда: PING
[2026-06-20 21:12:38] INFO  main.Server.Commands.CommandProcessor - Получена команда: PING
[2026-06-20 21:12:40] INFO  main.Server.Commands.CommandProcessor - Получена команда: PING
[2026-06-20 21:12:42] INFO  main.Server.Commands.CommandProcessor - Получена команда: PING
[2026-06-20 21:12:44] INFO  main.Server.Commands.CommandProcessor - Получена команда: PING
[2026-06-20 21:12:46] INFO  main.Server.Commands.CommandProcessor - Получена команда: PING
[2026-06-20 21:12:48] INFO  main.Server.Commands.CommandProcessor - Получена команда: PING
[2026-06-20 21:12:50] INFO  main.Server.Commands.CommandProcessor - Получена команда: PING
[2026-06-20 21:12:52] INFO  main.Server.Commands.CommandProcessor - Получена команда: PING
[2026-06-20 21:12:54] INFO  main.Server.Commands.CommandProcessor - Получена команда: PING
[2026-06-20 21:12:56] INFO  main.Server.Commands.CommandProcessor - Получена команда: PING
[2026-06-20 21:12:58] INFO  main.Server.Commands.CommandProcessor - Получена команда: PING
[2026-06-20 21:13:00] INFO  main.Server.Commands.CommandProcessor - Получена команда: PING
[2026-06-20 21:13:02] INFO  main.Server.Commands.CommandProcessor - Получена команда: PING
[2026-06-20 21:13:04] INFO  main.Server.Commands.CommandProcessor - Получена команда: PING
[2026-06-20 21:13:06] INFO  main.Server.Commands.CommandProcessor - Получена команда: PING
[2026-06-20 21:13:08] INFO  main.Server.Commands.CommandProcessor - Получена команда: PING
[2026-06-20 21:13:10] INFO  main.Server.Commands.CommandProcessor - Получена команда: PING
[2026-06-20 21:13:12] INFO  main.Server.Commands.CommandProcessor - Получена команда: PING
[2026-06-20 21:13:14] INFO  main.Server.Commands.CommandProcessor - Получена команда: PING
[2026-06-20 21:13:16] INFO  main.Server.Commands.CommandProcessor - Получена команда: PING
[2026-06-20 21:13:18] INFO  main.Server.Commands.CommandProcessor - Получена команда: PING
[2026-06-20 21:13:20] INFO  main.Server.Commands.CommandProcessor - Получена команда: PING
[2026-06-20 21:13:22] INFO  main.Server.Commands.CommandProcessor - Получена команда: PING
[2026-06-20 21:13:24] INFO  main.Server.Commands.CommandProcessor - Получена команда: PING
[2026-06-20 21:13:26] INFO  main.Server.Commands.CommandProcessor - Получена команда: PING
[2026-06-20 21:13:28] INFO  main.Server.Commands.CommandProcessor - Получена команда: PING
[2026-06-20 21:13:30] INFO  main.Server.Commands.CommandProcessor - Получена команда: PING
[2026-06-20 21:13:32] INFO  main.Server.Commands.CommandProcessor - Получена команда: PING
[2026-06-20 21:13:34] INFO  main.Server.Commands.CommandProcessor - Получена команда: PING
[2026-06-20 21:13:36] INFO  main.Server.Commands.CommandProcessor - Получена команда: PING
[2026-06-20 21:13:38] INFO  main.Server.Commands.CommandProcessor - Получена команда: PING
[2026-06-20 21:13:40] INFO  main.Server.Commands.CommandProcessor - Получена команда: PING
[2026-06-20 21:13:42] INFO  main.Server.Commands.CommandProcessor - Получена команда: PING
[2026-06-20 21:13:44] INFO  main.Server.Commands.CommandProcessor - Получена команда: PING
[2026-06-20 21:13:46] INFO  main.Server.Commands.CommandProcessor - Получена команда: PING
[2026-06-20 21:13:48] INFO  main.Server.Commands.CommandProcessor - Получена команда: PING
[2026-06-20 21:13:50] INFO  main.Server.Commands.CommandProcessor - Получена команда: PING
[2026-06-20 21:13:52] INFO  main.Server.Commands.CommandProcessor - Получена команда: PING
[2026-06-20 21:13:54] INFO  main.Server.Commands.CommandProcessor - Получена команда: PING
[2026-06-20 21:13:56] INFO  main.Server.Commands.CommandProcessor - Получена команда: PING
[2026-06-20 21:13:58] INFO  main.Server.Commands.CommandProcessor - Получена команда: PING
[2026-06-20 21:14:00] INFO  main.Server.Commands.CommandProcessor - Получена команда: PING
[2026-06-20 21:14:02] INFO  main.Server.Commands.CommandProcessor - Получена команда: PING
[2026-06-20 21:14:04] INFO  main.Server.Commands.CommandProcessor - Получена команда: PING
[2026-06-20 21:14:06] INFO  main.Server.Commands.CommandProcessor - Получена команда: PING
[2026-06-20 21:14:08] INFO  main.Server.Commands.CommandProcessor - Получена команда: PING
[2026-06-20 21:14:10] INFO  main.Server.Commands.CommandProcessor - Получена команда: PING
[2026-06-20 21:14:12] INFO  main.Server.Commands.CommandProcessor - Получена команда: PING
[2026-06-20 21:14:14] INFO  main.Server.Commands.CommandProcessor - Получена команда: PING
[2026-06-20 21:14:16] INFO  main.Server.Commands.CommandProcessor - Получена команда: PING
[2026-06-20 21:14:18] INFO  main.Server.Commands.CommandProcessor - Получена команда: PING
[2026-06-20 21:14:20] INFO  main.Server.Commands.CommandProcessor - Получена команда: PING
[2026-06-20 21:14:22] INFO  main.Server.Commands.CommandProcessor - Получена команда: PING
[2026-06-20 21:14:24] INFO  main.Server.Commands.CommandProcessor - Получена команда: PING
[2026-06-20 21:14:26] INFO  main.Server.Commands.CommandProcessor - Получена команда: PING
[2026-06-20 21:14:28] INFO  main.Server.Commands.CommandProcessor - Получена команда: PING
[2026-06-20 21:14:30] INFO  main.Server.Commands.CommandProcessor - Получена команда: PING
[2026-06-20 21:14:32] INFO  main.Server.Commands.CommandProcessor - Получена команда: PING
[2026-06-20 21:14:34] INFO  main.Server.Commands.CommandProcessor - Получена команда: PING
[2026-06-20 21:14:36] INFO  main.Server.Commands.CommandProcessor - Получена команда: PING
[2026-06-20 21:14:38] INFO  main.Server.Commands.CommandProcessor - Получена команда: PING
[2026-06-20 21:14:40] INFO  main.Server.Commands.CommandProcessor - Получена команда: PING
[2026-06-20 21:14:42] INFO  main.Server.Commands.CommandProcessor - Получена команда: PING
[2026-06-20 21:14:44] INFO  main.Server.Commands.CommandProcessor - Получена команда: PING
[2026-06-20 21:14:46] INFO  main.Server.Commands.CommandProcessor - Получена команда: PING
[2026-06-20 21:14:48] INFO  main.Server.Commands.CommandProcessor - Получена команда: PING
[2026-06-20 21:14:50] INFO  main.Server.Commands.CommandProcessor - Получена команда: PING
[2026-06-20 21:14:52] INFO  main.Server.Commands.CommandProcessor - Получена команда: PING
[2026-06-20 21:14:54] INFO  main.Server.Commands.CommandProcessor - Получена команда: PING
[2026-06-20 21:14:56] INFO  main.Server.Commands.CommandProcessor - Получена команда: PING
[2026-06-20 21:14:58] INFO  main.Server.Commands.CommandProcessor - Получена команда: PING
[2026-06-20 21:15:00] INFO  main.Server.Commands.CommandProcessor - Получена команда: PING
[2026-06-20 21:15:03] INFO  main.Server.Commands.CommandProcessor - Получена команда: PING
[2026-06-20 21:15:05] INFO  main.Server.Commands.CommandProcessor - Получена команда: PING
[2026-06-20 21:15:07] INFO  main.Server.Commands.CommandProcessor - Получена команда: PING
[2026-06-20 21:15:09] INFO  main.Server.Commands.CommandProcessor - Получена команда: PING
[2026-06-20 21:15:11] INFO  main.Server.Commands.CommandProcessor - Получена команда: PING
[2026-06-20 21:15:13] INFO  main.Server.Commands.CommandProcessor - Получена команда: PING
[2026-06-20 21:15:15] INFO  main.Server.Commands.CommandProcessor - Получена команда: PING
[2026-06-20 21:15:17] INFO  main.Server.Commands.CommandProcessor - Получена команда: PING
[2026-06-20 21:15:19] INFO  main.Server.Commands.CommandProcessor - Получена команда: PING
[2026-06-20 21:15:21] INFO  main.Server.Commands.CommandProcessor - Получена команда: PING
[2026-06-20 21:15:23] INFO  main.Server.Commands.CommandProcessor - Получена команда: PING
[2026-06-20 21:15:25] INFO  main.Server.Commands.CommandProcessor - Получена команда: PING
[2026-06-20 21:15:27] INFO  main.Server.Commands.CommandProcessor - Получена команда: PING
[2026-06-20 21:15:29] INFO  main.Server.Commands.CommandProcessor - Получена команда: PING
[2026-06-20 21:15:31] INFO  main.Server.Commands.CommandProcessor - Получена команда: PING
[2026-06-20 21:15:33] INFO  main.Server.Commands.CommandProcessor - Получена команда: PING
[2026-06-20 21:15:35] INFO  main.Server.Commands.CommandProcessor - Получена команда: PING
[2026-06-20 21:15:37] INFO  main.Server.Commands.CommandProcessor - Получена команда: PING
[2026-06-20 21:15:39] INFO  main.Server.Commands.CommandProcessor - Получена команда: PING
[2026-06-20 21:15:41] INFO  main.Server.Commands.CommandProcessor - Получена команда: PING
[2026-06-20 21:15:43] INFO  main.Server.Commands.CommandProcessor - Получена команда: PING
[2026-06-20 21:15:45] INFO  main.Server.Commands.CommandProcessor - Получена команда: PING
[2026-06-20 21:15:47] INFO  main.Server.Commands.CommandProcessor - Получена команда: PING
[2026-06-20 21:15:49] INFO  main.Server.Commands.CommandProcessor - Получена команда: PING
[2026-06-20 21:15:51] INFO  main.Server.Commands.CommandProcessor - Получена команда: PING
[2026-06-20 21:15:53] INFO  main.Server.Commands.CommandProcessor - Получена команда: PING
[2026-06-20 21:15:55] INFO  main.Server.Commands.CommandProcessor - Получена команда: PING
[2026-06-20 21:15:57] INFO  main.Server.Commands.CommandProcessor - Получена команда: PING
[2026-06-20 21:15:59] INFO  main.Server.Commands.CommandProcessor - Получена команда: PING
[2026-06-20 21:16:01] INFO  main.Server.Commands.CommandProcessor - Получена команда: PING
[2026-06-20 21:16:03] INFO  main.Server.Commands.CommandProcessor - Получена команда: PING
[2026-06-20 21:16:05] INFO  main.Server.Commands.CommandProcessor - Получена команда: PING
[2026-06-20 21:16:07] INFO  main.Server.Commands.CommandProcessor - Получена команда: PING
[2026-06-20 21:16:09] INFO  main.Server.Commands.CommandProcessor - Получена команда: PING
[2026-06-20 21:16:11] INFO  main.Server.Commands.CommandProcessor - Получена команда: PING
[2026-06-20 21:16:13] INFO  main.Server.Commands.CommandProcessor - Получена команда: PING
[2026-06-20 21:16:15] INFO  main.Server.Commands.CommandProcessor - Получена команда: PING
[2026-06-20 21:16:17] INFO  main.Server.Commands.CommandProcessor - Получена команда: PING
[2026-06-20 21:16:19] INFO  main.Server.Commands.CommandProcessor - Получена команда: PING
[2026-06-20 21:16:21] INFO  main.Server.Commands.CommandProcessor - Получена команда: PING
[2026-06-20 21:16:23] INFO  main.Server.Commands.CommandProcessor - Получена команда: PING
[2026-06-20 21:16:25] INFO  main.Server.Commands.CommandProcessor - Получена команда: PING
[2026-06-20 21:16:27] INFO  main.Server.Commands.CommandProcessor - Получена команда: PING
[2026-06-20 21:16:29] INFO  main.Server.Commands.CommandProcessor - Получена команда: PING
[2026-06-20 21:16:31] INFO  main.Server.Commands.CommandProcessor - Получена команда: PING
[2026-06-20 21:16:33] INFO  main.Server.Commands.CommandProcessor - Получена команда: PING
[2026-06-20 21:16:35] INFO  main.Server.Commands.CommandProcessor - Получена команда: PING
[2026-06-20 21:16:37] INFO  main.Server.Commands.CommandProcessor - Получена команда: PING
[2026-06-20 21:16:39] INFO  main.Server.Commands.CommandProcessor - Получена команда: PING
[2026-06-20 21:16:41] INFO  main.Server.Commands.CommandProcessor - Получена команда: PING
[2026-06-20 21:16:43] INFO  main.Server.Commands.CommandProcessor - Получена команда: PING
[2026-06-20 21:16:45] INFO  main.Server.Commands.CommandProcessor - Получена команда: PING
[2026-06-20 21:16:47] INFO  main.Server.Commands.CommandProcessor - Получена команда: PING
[2026-06-20 21:16:49] INFO  main.Server.Commands.CommandProcessor - Получена команда: PING
[2026-06-20 21:16:51] INFO  main.Server.Commands.CommandProcessor - Получена команда: PING
[2026-06-20 21:16:53] INFO  main.Server.Commands.CommandProcessor - Получена команда: PING
[2026-06-20 21:16:55] INFO  main.Server.Commands.CommandProcessor - Получена команда: PING
[2026-06-20 21:16:57] INFO  main.Server.Commands.CommandProcessor - Получена команда: PING
[2026-06-20 21:16:59] INFO  main.Server.Commands.CommandProcessor - Получена команда: PING
[2026-06-20 21:17:01] INFO  main.Server.Commands.CommandProcessor - Получена команда: PING
[2026-06-20 21:17:03] INFO  main.Server.Commands.CommandProcessor - Получена команда: PING
[2026-06-20 21:17:05] INFO  main.Server.Commands.CommandProcessor - Получена команда: PING
[2026-06-20 21:17:07] INFO  main.Server.Commands.CommandProcessor - Получена команда: PING
[2026-06-20 21:17:09] INFO  main.Server.Commands.CommandProcessor - Получена команда: PING
[2026-06-20 21:17:11] INFO  main.Server.Commands.CommandProcessor - Получена команда: PING
[2026-06-20 21:17:13] INFO  main.Server.Commands.CommandProcessor - Получена команда: PING
[2026-06-20 21:17:15] INFO  main.Server.Commands.CommandProcessor - Получена команда: PING
[2026-06-20 21:17:17] INFO  main.Server.Commands.CommandProcessor - Получена команда: PING
[2026-06-20 21:17:19] INFO  main.Server.Commands.CommandProcessor - Получена команда: PING
[2026-06-20 21:17:21] INFO  main.Server.Commands.CommandProcessor - Получена команда: PING
[2026-06-20 21:17:23] INFO  main.Server.Commands.CommandProcessor - Получена команда: PING
[2026-06-20 21:17:25] INFO  main.Server.Commands.CommandProcessor - Получена команда: PING
[2026-06-20 21:17:27] INFO  main.Server.Commands.CommandProcessor - Получена команда: PING
[2026-06-20 21:17:29] INFO  main.Server.Commands.CommandProcessor - Получена команда: PING
[2026-06-20 21:17:31] INFO  main.Server.Commands.CommandProcessor - Получена команда: PING
[2026-06-20 21:17:33] INFO  main.Server.Commands.CommandProcessor - Получена команда: PING
[2026-06-20 21:17:35] INFO  main.Server.Commands.CommandProcessor - Получена команда: PING
[2026-06-20 21:17:37] INFO  main.Server.Commands.CommandProcessor - Получена команда: PING
[2026-06-20 21:17:39] INFO  main.Server.Commands.CommandProcessor - Получена команда: PING
[2026-06-20 21:17:41] INFO  main.Server.Commands.CommandProcessor - Получена команда: PING
[2026-06-20 21:17:43] INFO  main.Server.Commands.CommandProcessor - Получена команда: PING
[2026-06-20 21:17:45] INFO  main.Server.Commands.CommandProcessor - Получена команда: PING
[2026-06-20 21:17:47] INFO  main.Server.Commands.CommandProcessor - Получена команда: PING
[2026-06-20 21:17:49] INFO  main.Server.Commands.CommandProcessor - Получена команда: PING
[2026-06-20 21:17:51] INFO  main.Server.Commands.CommandProcessor - Получена команда: PING
[2026-06-20 21:17:53] INFO  main.Server.Commands.CommandProcessor - Получена команда: PING
[2026-06-20 21:17:55] INFO  main.Server.Commands.CommandProcessor - Получена команда: PING
[2026-06-20 21:17:57] INFO  main.Server.Commands.CommandProcessor - Получена команда: PING
[2026-06-20 21:17:59] INFO  main.Server.Commands.CommandProcessor - Получена команда: PING
[2026-06-20 21:18:01] INFO  main.Server.Commands.CommandProcessor - Получена команда: PING
[2026-06-20 21:18:03] INFO  main.Server.Commands.CommandProcessor - Получена команда: PING
[2026-06-20 21:18:05] INFO  main.Server.Commands.CommandProcessor - Получена команда: PING
[2026-06-20 21:18:07] INFO  main.Server.Commands.CommandProcessor - Получена команда: PING
[2026-06-20 21:18:09] INFO  main.Server.Commands.CommandProcessor - Получена команда: PING
[2026-06-20 21:18:11] INFO  main.Server.Commands.CommandProcessor - Получена команда: PING
[2026-06-20 21:18:13] INFO  main.Server.Commands.CommandProcessor - Получена команда: PING
[2026-06-20 21:18:15] INFO  main.Server.Commands.CommandProcessor - Получена команда: PING
[2026-06-20 21:18:17] INFO  main.Server.Commands.CommandProcessor - Получена команда: PING
[2026-06-20 21:18:19] INFO  main.Server.Commands.CommandProcessor - Получена команда: PING
[2026-06-20 21:18:21] INFO  main.Server.Commands.CommandProcessor - Получена команда: PING
[2026-06-20 21:18:23] INFO  main.Server.Commands.CommandProcessor - Получена команда: PING
[2026-06-20 21:18:25] INFO  main.Server.Commands.CommandProcessor - Получена команда: PING
[2026-06-20 21:18:27] INFO  main.Server.Commands.CommandProcessor - Получена команда: PING
[2026-06-20 21:18:29] INFO  main.Server.Commands.CommandProcessor - Получена команда: PING
[2026-06-20 21:18:31] INFO  main.Server.Commands.CommandProcessor - Получена команда: PING
[2026-06-20 21:18:33] INFO  main.Server.Commands.CommandProcessor - Получена команда: PING
[2026-06-20 21:18:35] INFO  main.Server.Commands.CommandProcessor - Получена команда: PING
[2026-06-20 21:18:37] INFO  main.Server.Commands.CommandProcessor - Получена команда: PING
[2026-06-20 21:18:39] INFO  main.Server.Commands.CommandProcessor - Получена команда: PING
[2026-06-20 21:18:42] INFO  main.Server.Commands.CommandProcessor - Получена команда: PING
[2026-06-20 21:18:44] INFO  main.Server.Commands.CommandProcessor - Получена команда: PING
[2026-06-20 21:18:46] INFO  main.Server.Commands.CommandProcessor - Получена команда: PING
[2026-06-20 21:18:48] INFO  main.Server.Commands.CommandProcessor - Получена команда: PING
[2026-06-20 21:18:50] INFO  main.Server.Commands.CommandProcessor - Получена команда: PING
[2026-06-20 21:18:52] INFO  main.Server.Commands.CommandProcessor - Получена команда: PING
[2026-06-20 21:18:54] INFO  main.Server.Commands.CommandProcessor - Получена команда: PING
[2026-06-20 21:18:56] INFO  main.Server.Commands.CommandProcessor - Получена команда: PING
[2026-06-20 21:18:58] INFO  main.Server.Commands.CommandProcessor - Получена команда: PING
[2026-06-20 21:19:00] INFO  main.Server.Commands.CommandProcessor - Получена команда: PING
[2026-06-20 21:19:02] INFO  main.Server.Commands.CommandProcessor - Получена команда: PING
[2026-06-20 21:19:04] INFO  main.Server.Commands.CommandProcessor - Получена команда: PING
[2026-06-20 21:19:06] INFO  main.Server.Commands.CommandProcessor - Получена команда: PING
[2026-06-20 21:19:08] INFO  main.Server.Commands.CommandProcessor - Получена команда: PING
[2026-06-20 21:19:10] INFO  main.Server.Commands.CommandProcessor - Получена команда: PING
[2026-06-20 21:19:12] INFO  main.Server.Commands.CommandProcessor - Получена команда: PING
[2026-06-20 21:19:14] INFO  main.Server.Commands.CommandProcessor - Получена команда: PING
[2026-06-20 21:19:16] INFO  main.Server.Commands.CommandProcessor - Получена команда: PING
[2026-06-20 21:19:18] INFO  main.Server.Commands.CommandProcessor - Получена команда: PING
[2026-06-20 21:19:20] INFO  main.Server.Commands.CommandProcessor - Получена команда: PING
[2026-06-20 21:19:22] INFO  main.Server.Commands.CommandProcessor - Получена команда: PING
[2026-06-20 21:19:24] INFO  main.Server.Commands.CommandProcessor - Получена команда: PING
[2026-06-20 21:19:26] INFO  main.Server.Commands.CommandProcessor - Получена команда: PING
[2026-06-20 21:19:28] INFO  main.Server.Commands.CommandProcessor - Получена команда: PING
[2026-06-20 21:19:30] INFO  main.Server.Commands.CommandProcessor - Получена команда: PING
[2026-06-20 21:19:32] INFO  main.Server.Commands.CommandProcessor - Получена команда: PING
[2026-06-20 21:19:34] INFO  main.Server.Commands.CommandProcessor - Получена команда: PING
[2026-06-20 21:19:36] INFO  main.Server.Commands.CommandProcessor - Получена команда: PING
[2026-06-20 21:19:38] INFO  main.Server.Commands.CommandProcessor - Получена команда: PING
[2026-06-20 21:19:40] INFO  main.Server.Commands.CommandProcessor - Получена команда: PING
[2026-06-20 21:19:42] INFO  main.Server.Commands.CommandProcessor - Получена команда: PING
[2026-06-20 21:19:44] INFO  main.Server.Commands.CommandProcessor - Получена команда: PING
[2026-06-20 21:19:46] INFO  main.Server.Commands.CommandProcessor - Получена команда: PING
[2026-06-20 21:19:48] INFO  main.Server.Commands.CommandProcessor - Получена команда: PING
[2026-06-20 21:19:50] INFO  main.Server.Commands.CommandProcessor - Получена команда: PING
[2026-06-20 21:19:52] INFO  main.Server.Commands.CommandProcessor - Получена команда: PING
[2026-06-20 21:19:54] INFO  main.Server.Commands.CommandProcessor - Получена команда: PING
[2026-06-20 21:19:56] INFO  main.Server.Commands.CommandProcessor - Получена команда: PING
[2026-06-20 21:19:58] INFO  main.Server.Commands.CommandProcessor - Получена команда: PING
[2026-06-20 21:20:00] INFO  main.Server.Commands.CommandProcessor - Получена команда: PING
[2026-06-20 21:20:02] INFO  main.Server.Commands.CommandProcessor - Получена команда: PING
[2026-06-20 21:20:04] INFO  main.Server.Commands.CommandProcessor - Получена команда: PING
[2026-06-20 21:20:06] INFO  main.Server.Commands.CommandProcessor - Получена команда: PING
[2026-06-20 21:20:08] INFO  main.Server.Commands.CommandProcessor - Получена команда: PING
[2026-06-20 21:20:10] INFO  main.Server.Commands.CommandProcessor - Получена команда: PING
[2026-06-20 21:20:12] INFO  main.Server.Commands.CommandProcessor - Получена команда: PING
[2026-06-20 21:20:14] INFO  main.Server.Commands.CommandProcessor - Получена команда: PING
[2026-06-20 21:20:16] INFO  main.Server.Commands.CommandProcessor - Получена команда: PING
[2026-06-20 21:20:18] INFO  main.Server.Commands.CommandProcessor - Получена команда: PING
[2026-06-20 21:20:20] INFO  main.Server.Commands.CommandProcessor - Получена команда: PING
[2026-06-20 21:20:22] INFO  main.Server.Commands.CommandProcessor - Получена команда: PING
[2026-06-20 21:20:24] INFO  main.Server.Commands.CommandProcessor - Получена команда: PING
[2026-06-20 21:20:26] INFO  main.Server.Commands.CommandProcessor - Получена команда: PING
[2026-06-20 21:20:28] INFO  main.Server.Commands.CommandProcessor - Получена команда: PING
[2026-06-20 21:20:30] INFO  main.Server.Commands.CommandProcessor - Получена команда: PING
[2026-06-20 21:20:32] INFO  main.Server.Commands.CommandProcessor - Получена команда: PING
[2026-06-20 21:20:34] INFO  main.Server.Commands.CommandProcessor - Получена команда: PING
[2026-06-20 21:20:36] INFO  main.Server.Commands.CommandProcessor - Получена команда: PING
[2026-06-20 21:20:38] INFO  main.Server.Commands.CommandProcessor - Получена команда: PING
[2026-06-20 21:20:40] INFO  main.Server.Commands.CommandProcessor - Получена команда: PING
[2026-06-20 21:20:42] INFO  main.Server.Commands.CommandProcessor - Получена команда: PING
[2026-06-20 21:20:44] INFO  main.Server.Commands.CommandProcessor - Получена команда: PING
[2026-06-20 21:20:46] INFO  main.Server.Commands.CommandProcessor - Получена команда: PING
[2026-06-20 21:20:48] INFO  main.Server.Commands.CommandProcessor - Получена команда: PING
[2026-06-20 21:20:50] INFO  main.Server.Commands.CommandProcessor - Получена команда: PING
[2026-06-20 21:20:52] INFO  main.Server.Commands.CommandProcessor - Получена команда: PING
[2026-06-20 21:20:54] INFO  main.Server.Commands.CommandProcessor - Получена команда: PING
[2026-06-20 21:20:56] INFO  main.Server.Commands.CommandProcessor - Получена команда: PING
[2026-06-20 21:20:58] INFO  main.Server.Commands.CommandProcessor - Получена команда: PING
[2026-06-20 21:21:00] INFO  main.Server.Commands.CommandProcessor - Получена команда: PING
[2026-06-20 21:21:02] INFO  main.Server.Commands.CommandProcessor - Получена команда: PING
[2026-06-20 21:21:04] INFO  main.Server.Commands.CommandProcessor - Получена команда: PING
[2026-06-20 21:21:06] INFO  main.Server.Commands.CommandProcessor - Получена команда: PING
[2026-06-20 21:21:08] INFO  main.Server.Commands.CommandProcessor - Получена команда: PING
[2026-06-20 21:21:10] INFO  main.Server.Commands.CommandProcessor - Получена команда: PING
[2026-06-20 21:21:12] INFO  main.Server.Commands.CommandProcessor - Получена команда: PING
[2026-06-20 21:21:14] INFO  main.Server.Commands.CommandProcessor - Получена команда: PING
[2026-06-20 21:21:16] INFO  main.Server.Commands.CommandProcessor - Получена команда: PING
[2026-06-20 21:21:18] INFO  main.Server.Commands.CommandProcessor - Получена команда: PING
[2026-06-20 21:21:20] INFO  main.Server.Commands.CommandProcessor - Получена команда: PING
[2026-06-20 21:21:22] INFO  main.Server.Commands.CommandProcessor - Получена команда: PING
[2026-06-20 21:21:24] INFO  main.Server.Commands.CommandProcessor - Получена команда: PING
[2026-06-20 21:21:26] INFO  main.Server.Commands.CommandProcessor - Получена команда: PING
[2026-06-20 21:21:28] INFO  main.Server.Commands.CommandProcessor - Получена команда: PING
[2026-06-20 21:21:30] INFO  main.Server.Commands.CommandProcessor - Получена команда: PING
[2026-06-20 21:21:32] INFO  main.Server.Commands.CommandProcessor - Получена команда: PING
[2026-06-20 21:21:34] INFO  main.Server.Commands.CommandProcessor - Получена команда: PING
[2026-06-20 21:21:36] INFO  main.Server.Commands.CommandProcessor - Получена команда: PING
[2026-06-20 21:21:38] INFO  main.Server.Commands.CommandProcessor - Получена команда: PING
[2026-06-20 21:21:40] INFO  main.Server.Commands.CommandProcessor - Получена команда: PING
[2026-06-20 21:21:42] INFO  main.Server.Commands.CommandProcessor - Получена команда: PING
[2026-06-20 21:21:44] INFO  main.Server.Commands.CommandProcessor - Получена команда: PING
[2026-06-20 21:21:46] INFO  main.Server.Commands.CommandProcessor - Получена команда: PING
[2026-06-20 21:21:48] INFO  main.Server.Commands.CommandProcessor - Получена команда: PING
[2026-06-20 21:21:50] INFO  main.Server.Commands.CommandProcessor - Получена команда: PING
[2026-06-20 21:21:52] INFO  main.Server.Commands.CommandProcessor - Получена команда: PING
[2026-06-20 21:21:54] INFO  main.Server.Commands.CommandProcessor - Получена команда: PING
[2026-06-20 21:21:56] INFO  main.Server.Commands.CommandProcessor - Получена команда: PING
[2026-06-20 21:21:58] INFO  main.Server.Commands.CommandProcessor - Получена команда: PING
[2026-06-20 21:22:00] INFO  main.Server.Commands.CommandProcessor - Получена команда: PING
[2026-06-20 21:22:02] INFO  main.Server.Commands.CommandProcessor - Получена команда: PING
[2026-06-20 21:22:04] INFO  main.Server.Commands.CommandProcessor - Получена команда: PING
[2026-06-20 21:22:06] INFO  main.Server.Commands.CommandProcessor - Получена команда: PING
[2026-06-20 21:22:08] INFO  main.Server.Commands.CommandProcessor - Получена команда: PING
[2026-06-20 21:22:10] INFO  main.Server.Commands.CommandProcessor - Получена команда: PING
[2026-06-20 21:22:12] INFO  main.Server.Commands.CommandProcessor - Получена команда: PING
[2026-06-20 21:22:14] INFO  main.Server.Commands.CommandProcessor - Получена команда: PING
[2026-06-20 21:22:16] INFO  main.Server.Commands.CommandProcessor - Получена команда: PING
[2026-06-20 21:22:18] INFO  main.Server.Commands.CommandProcessor - Получена команда: PING
[2026-06-20 21:22:20] INFO  main.Server.Commands.CommandProcessor - Получена команда: PING
[2026-06-20 21:22:22] INFO  main.Server.Commands.CommandProcessor - Получена команда: PING
[2026-06-20 21:22:24] INFO  main.Server.Commands.CommandProcessor - Получена команда: PING
[2026-06-20 21:22:27] INFO  main.Server.Commands.CommandProcessor - Получена команда: PING
[2026-06-20 21:22:29] INFO  main.Server.Commands.CommandProcessor - Получена команда: PING
[2026-06-20 21:22:31] INFO  main.Server.Commands.CommandProcessor - Получена команда: PING
[2026-06-20 21:22:33] INFO  main.Server.Commands.CommandProcessor - Получена команда: PING
[2026-06-20 21:22:35] INFO  main.Server.Commands.CommandProcessor - Получена команда: PING
[2026-06-20 21:22:37] INFO  main.Server.Commands.CommandProcessor - Получена команда: PING
[2026-06-20 21:22:39] INFO  main.Server.Commands.CommandProcessor - Получена команда: PING
[2026-06-20 21:22:41] INFO  main.Server.Commands.CommandProcessor - Получена команда: PING
[2026-06-20 21:22:43] INFO  main.Server.Commands.CommandProcessor - Получена команда: PING
[2026-06-20 21:22:45] INFO  main.Server.Commands.CommandProcessor - Получена команда: PING
[2026-06-20 21:22:47] INFO  main.Server.Commands.CommandProcessor - Получена команда: PING
[2026-06-20 21:22:49] INFO  main.Server.Commands.CommandProcessor - Получена команда: PING
[2026-06-20 21:22:51] INFO  main.Server.Commands.CommandProcessor - Получена команда: PING
[2026-06-20 21:22:53] INFO  main.Server.Commands.CommandProcessor - Получена команда: PING
[2026-06-20 21:22:55] INFO  main.Server.Commands.CommandProcessor - Получена команда: PING
[2026-06-20 21:22:57] INFO  main.Server.Commands.CommandProcessor - Получена команда: PING
[2026-06-20 21:22:59] INFO  main.Server.Commands.CommandProcessor - Получена команда: PING
[2026-06-20 21:23:01] INFO  main.Server.Commands.CommandProcessor - Получена команда: PING
[2026-06-20 21:23:03] INFO  main.Server.Commands.CommandProcessor - Получена команда: PING
[2026-06-20 21:23:05] INFO  main.Server.Commands.CommandProcessor - Получена команда: PING
[2026-06-20 21:23:07] INFO  main.Server.Commands.CommandProcessor - Получена команда: PING
[2026-06-20 21:23:09] INFO  main.Server.Commands.CommandProcessor - Получена команда: PING
[2026-06-20 21:23:11] INFO  main.Server.Commands.CommandProcessor - Получена команда: PING
[2026-06-20 21:23:13] INFO  main.Server.Commands.CommandProcessor - Получена команда: PING
[2026-06-20 21:23:15] INFO  main.Server.Commands.CommandProcessor - Получена команда: PING
[2026-06-20 21:23:17] INFO  main.Server.Commands.CommandProcessor - Получена команда: PING
[2026-06-20 21:23:19] INFO  main.Server.Commands.CommandProcessor - Получена команда: PING
[2026-06-20 21:23:21] INFO  main.Server.Commands.CommandProcessor - Получена команда: PING
[2026-06-20 21:23:23] INFO  main.Server.Commands.CommandProcessor - Получена команда: PING
[2026-06-20 21:23:25] INFO  main.Server.Commands.CommandProcessor - Получена команда: PING
[2026-06-20 21:23:27] INFO  main.Server.Commands.CommandProcessor - Получена команда: PING
[2026-06-20 21:23:29] INFO  main.Server.Commands.CommandProcessor - Получена команда: PING
[2026-06-20 21:23:31] INFO  main.Server.Commands.CommandProcessor - Получена команда: PING
[2026-06-20 21:23:33] INFO  main.Server.Commands.CommandProcessor - Получена команда: PING
[2026-06-20 21:23:35] INFO  main.Server.Commands.CommandProcessor - Получена команда: PING
[2026-06-20 21:23:37] INFO  main.Server.Commands.CommandProcessor - Получена команда: PING
[2026-06-20 21:23:39] INFO  main.Server.Commands.CommandProcessor - Получена команда: PING
[2026-06-20 21:23:41] INFO  main.Server.Commands.CommandProcessor - Получена команда: PING
[2026-06-20 21:23:43] INFO  main.Server.Commands.CommandProcessor - Получена команда: PING
[2026-06-20 21:23:45] INFO  main.Server.Commands.CommandProcessor - Получена команда: PING
[2026-06-20 21:23:47] INFO  main.Server.Commands.CommandProcessor - Получена команда: PING
[2026-06-20 21:23:49] INFO  main.Server.Commands.CommandProcessor - Получена команда: PING
[2026-06-20 21:23:51] INFO  main.Server.Commands.CommandProcessor - Получена команда: PING
[2026-06-20 21:23:53] INFO  main.Server.Commands.CommandProcessor - Получена команда: PING
[2026-06-20 21:23:55] INFO  main.Server.Commands.CommandProcessor - Получена команда: PING
[2026-06-20 21:23:57] INFO  main.Server.Commands.CommandProcessor - Получена команда: PING
[2026-06-20 21:23:59] INFO  main.Server.Commands.CommandProcessor - Получена команда: PING
[2026-06-20 21:24:01] INFO  main.Server.Commands.CommandProcessor - Получена команда: PING
[2026-06-20 21:24:03] INFO  main.Server.Commands.CommandProcessor - Получена команда: PING
[2026-06-20 21:24:05] INFO  main.Server.Commands.CommandProcessor - Получена команда: PING
[2026-06-20 21:24:07] INFO  main.Server.Commands.CommandProcessor - Получена команда: PING
[2026-06-20 21:24:09] INFO  main.Server.Commands.CommandProcessor - Получена команда: PING
[2026-06-20 21:24:11] INFO  main.Server.Commands.CommandProcessor - Получена команда: PING
[2026-06-20 21:24:13] INFO  main.Server.Commands.CommandProcessor - Получена команда: PING
[2026-06-20 21:24:15] INFO  main.Server.Commands.CommandProcessor - Получена команда: PING
[2026-06-20 21:24:17] INFO  main.Server.Commands.CommandProcessor - Получена команда: PING
[2026-06-20 21:24:19] INFO  main.Server.Commands.CommandProcessor - Получена команда: PING
[2026-06-20 21:24:21] INFO  main.Server.Commands.CommandProcessor - Получена команда: PING
[2026-06-20 21:24:23] INFO  main.Server.Commands.CommandProcessor - Получена команда: PING
[2026-06-20 21:24:25] INFO  main.Server.Commands.CommandProcessor - Получена команда: PING
[2026-06-20 21:24:27] INFO  main.Server.Commands.CommandProcessor - Получена команда: PING
[2026-06-20 21:24:29] INFO  main.Server.Commands.CommandProcessor - Получена команда: PING
[2026-06-20 21:24:31] INFO  main.Server.Commands.CommandProcessor - Получена команда: PING
[2026-06-20 21:24:33] INFO  main.Server.Commands.CommandProcessor - Получена команда: PING
[2026-06-20 21:24:35] INFO  main.Server.Commands.CommandProcessor - Получена команда: PING
[2026-06-20 21:24:37] INFO  main.Server.Commands.CommandProcessor - Получена команда: PING
[2026-06-20 21:24:39] INFO  main.Server.Commands.CommandProcessor - Получена команда: PING
[2026-06-20 21:24:41] INFO  main.Server.Commands.CommandProcessor - Получена команда: PING
[2026-06-20 21:24:43] INFO  main.Server.Commands.CommandProcessor - Получена команда: PING
[2026-06-20 21:24:45] INFO  main.Server.Commands.CommandProcessor - Получена команда: PING
[2026-06-20 21:24:47] INFO  main.Server.Commands.CommandProcessor - Получена команда: PING
[2026-06-20 21:24:49] INFO  main.Server.Commands.CommandProcessor - Получена команда: PING
[2026-06-20 21:24:51] INFO  main.Server.Commands.CommandProcessor - Получена команда: PING
[2026-06-20 21:24:53] INFO  main.Server.Commands.CommandProcessor - Получена команда: PING
[2026-06-20 21:24:55] INFO  main.Server.Commands.CommandProcessor - Получена команда: PING
[2026-06-20 21:24:57] INFO  main.Server.Commands.CommandProcessor - Получена команда: PING
[2026-06-20 21:24:59] INFO  main.Server.Commands.CommandProcessor - Получена команда: PING
[2026-06-20 21:25:01] INFO  main.Server.Commands.CommandProcessor - Получена команда: PING
[2026-06-20 21:25:03] INFO  main.Server.Commands.CommandProcessor - Получена команда: PING
[2026-06-20 21:25:05] INFO  main.Server.Commands.CommandProcessor - Получена команда: PING
[2026-06-20 21:25:07] INFO  main.Server.Commands.CommandProcessor - Получена команда: PING
[2026-06-20 21:25:09] INFO  main.Server.Commands.CommandProcessor - Получена команда: PING
[2026-06-20 21:25:11] INFO  main.Server.Commands.CommandProcessor - Получена команда: PING
[2026-06-20 21:25:13] INFO  main.Server.Commands.CommandProcessor - Получена команда: PING
[2026-06-20 21:25:15] INFO  main.Server.Commands.CommandProcessor - Получена команда: PING
[2026-06-20 21:25:17] INFO  main.Server.Commands.CommandProcessor - Получена команда: PING
[2026-06-20 21:25:19] INFO  main.Server.Commands.CommandProcessor - Получена команда: PING
[2026-06-20 21:25:21] INFO  main.Server.Commands.CommandProcessor - Получена команда: PING
[2026-06-20 21:25:23] INFO  main.Server.Commands.CommandProcessor - Получена команда: PING
[2026-06-20 21:25:25] INFO  main.Server.Commands.CommandProcessor - Получена команда: PING
[2026-06-20 21:25:27] INFO  main.Server.Commands.CommandProcessor - Получена команда: PING
[2026-06-20 21:25:29] INFO  main.Server.Commands.CommandProcessor - Получена команда: PING
[2026-06-20 21:25:31] INFO  main.Server.Commands.CommandProcessor - Получена команда: PING
[2026-06-20 21:25:33] INFO  main.Server.Commands.CommandProcessor - Получена команда: PING
[2026-06-20 21:25:35] INFO  main.Server.Commands.CommandProcessor - Получена команда: PING
[2026-06-20 21:25:37] INFO  main.Server.Commands.CommandProcessor - Получена команда: PING
[2026-06-20 21:25:39] INFO  main.Server.Commands.CommandProcessor - Получена команда: PING
[2026-06-20 21:25:41] INFO  main.Server.Commands.CommandProcessor - Получена команда: PING
[2026-06-20 21:25:43] INFO  main.Server.Commands.CommandProcessor - Получена команда: PING
[2026-06-20 21:25:45] INFO  main.Server.Commands.CommandProcessor - Получена команда: PING
[2026-06-20 21:25:47] INFO  main.Server.Commands.CommandProcessor - Получена команда: PING
[2026-06-20 21:25:49] INFO  main.Server.Commands.CommandProcessor - Получена команда: PING
[2026-06-20 21:25:51] INFO  main.Server.Commands.CommandProcessor - Получена команда: PING
[2026-06-20 21:25:53] INFO  main.Server.Commands.CommandProcessor - Получена команда: PING
[2026-06-20 21:25:55] INFO  main.Server.Commands.CommandProcessor - Получена команда: PING
[2026-06-20 21:25:57] INFO  main.Server.Commands.CommandProcessor - Получена команда: PING
[2026-06-20 21:25:59] INFO  main.Server.Commands.CommandProcessor - Получена команда: PING
[2026-06-20 21:26:01] INFO  main.Server.Commands.CommandProcessor - Получена команда: PING
[2026-06-20 21:26:03] INFO  main.Server.Commands.CommandProcessor - Получена команда: PING
[2026-06-20 21:26:05] INFO  main.Server.Commands.CommandProcessor - Получена команда: PING
[2026-06-20 21:26:08] INFO  main.Server.Commands.CommandProcessor - Получена команда: PING
[2026-06-20 21:26:10] INFO  main.Server.Commands.CommandProcessor - Получена команда: PING
[2026-06-20 21:26:12] INFO  main.Server.Commands.CommandProcessor - Получена команда: PING
[2026-06-20 21:26:14] INFO  main.Server.Commands.CommandProcessor - Получена команда: PING
[2026-06-20 21:26:16] INFO  main.Server.Commands.CommandProcessor - Получена команда: PING
[2026-06-20 21:26:18] INFO  main.Server.Commands.CommandProcessor - Получена команда: PING
[2026-06-20 21:26:20] INFO  main.Server.Commands.CommandProcessor - Получена команда: PING
[2026-06-20 21:26:22] INFO  main.Server.Commands.CommandProcessor - Получена команда: PING
[2026-06-20 21:26:24] INFO  main.Server.Commands.CommandProcessor - Получена команда: PING
[2026-06-20 21:26:26] INFO  main.Server.Commands.CommandProcessor - Получена команда: PING
[2026-06-20 21:26:28] INFO  main.Server.Commands.CommandProcessor - Получена команда: PING
[2026-06-20 21:26:30] INFO  main.Server.Commands.CommandProcessor - Получена команда: PING
[2026-06-20 21:26:32] INFO  main.Server.Commands.CommandProcessor - Получена команда: PING
[2026-06-20 21:26:34] INFO  main.Server.Commands.CommandProcessor - Получена команда: PING
[2026-06-20 21:26:36] INFO  main.Server.Commands.CommandProcessor - Получена команда: PING
[2026-06-20 21:26:38] INFO  main.Server.Commands.CommandProcessor - Получена команда: PING
[2026-06-20 21:26:40] INFO  main.Server.Commands.CommandProcessor - Получена команда: PING
[2026-06-20 21:26:42] INFO  main.Server.Commands.CommandProcessor - Получена команда: PING
[2026-06-20 21:26:44] INFO  main.Server.Commands.CommandProcessor - Получена команда: PING
[2026-06-20 21:26:46] INFO  main.Server.Commands.CommandProcessor - Получена команда: PING
[2026-06-20 21:26:48] INFO  main.Server.Commands.CommandProcessor - Получена команда: PING
[2026-06-20 21:26:50] INFO  main.Server.Commands.CommandProcessor - Получена команда: PING
[2026-06-20 21:26:52] INFO  main.Server.Commands.CommandProcessor - Получена команда: PING
[2026-06-20 21:26:54] INFO  main.Server.Commands.CommandProcessor - Получена команда: PING
[2026-06-20 21:26:56] INFO  main.Server.Commands.CommandProcessor - Получена команда: PING
[2026-06-20 21:26:58] INFO  main.Server.Commands.CommandProcessor - Получена команда: PING
[2026-06-20 21:27:00] INFO  main.Server.Commands.CommandProcessor - Получена команда: PING
[2026-06-20 21:27:02] INFO  main.Server.Commands.CommandProcessor - Получена команда: PING
[2026-06-20 21:27:04] INFO  main.Server.Commands.CommandProcessor - Получена команда: PING
[2026-06-20 21:27:06] INFO  main.Server.Commands.CommandProcessor - Получена команда: PING
[2026-06-20 21:27:08] INFO  main.Server.Commands.CommandProcessor - Получена команда: PING
[2026-06-20 21:27:10] INFO  main.Server.Commands.CommandProcessor - Получена команда: PING
[2026-06-20 21:27:12] INFO  main.Server.Commands.CommandProcessor - Получена команда: PING
[2026-06-20 21:27:14] INFO  main.Server.Commands.CommandProcessor - Получена команда: PING
[2026-06-20 21:27:16] INFO  main.Server.Commands.CommandProcessor - Получена команда: PING
[2026-06-20 21:27:18] INFO  main.Server.Commands.CommandProcessor - Получена команда: PING
[2026-06-20 21:27:20] INFO  main.Server.Commands.CommandProcessor - Получена команда: PING
[2026-06-20 21:27:22] INFO  main.Server.Commands.CommandProcessor - Получена команда: PING
[2026-06-20 21:27:24] INFO  main.Server.Commands.CommandProcessor - Получена команда: PING
[2026-06-20 21:27:26] INFO  main.Server.Commands.CommandProcessor - Получена команда: PING
[2026-06-20 21:27:28] INFO  main.Server.Commands.CommandProcessor - Получена команда: PING
[2026-06-20 21:27:30] INFO  main.Server.Commands.CommandProcessor - Получена команда: PING
[2026-06-20 21:27:32] INFO  main.Server.Commands.CommandProcessor - Получена команда: PING
[2026-06-20 21:27:34] INFO  main.Server.Commands.CommandProcessor - Получена команда: PING
[2026-06-20 21:27:36] INFO  main.Server.Commands.CommandProcessor - Получена команда: PING
[2026-06-20 21:27:38] INFO  main.Server.Commands.CommandProcessor - Получена команда: PING
[2026-06-20 21:27:40] INFO  main.Server.Commands.CommandProcessor - Получена команда: PING
[2026-06-20 21:27:42] INFO  main.Server.Commands.CommandProcessor - Получена команда: PING
[2026-06-20 21:27:44] INFO  main.Server.Commands.CommandProcessor - Получена команда: PING
[2026-06-20 21:27:46] INFO  main.Server.Commands.CommandProcessor - Получена команда: PING
[2026-06-20 21:27:48] INFO  main.Server.Commands.CommandProcessor - Получена команда: PING
[2026-06-20 21:27:50] INFO  main.Server.Commands.CommandProcessor - Получена команда: PING
[2026-06-20 21:27:52] INFO  main.Server.Commands.CommandProcessor - Получена команда: PING
[2026-06-20 21:27:54] INFO  main.Server.Commands.CommandProcessor - Получена команда: PING
[2026-06-20 21:27:56] INFO  main.Server.Commands.CommandProcessor - Получена команда: PING
[2026-06-20 21:27:58] INFO  main.Server.Commands.CommandProcessor - Получена команда: PING
[2026-06-20 21:28:00] INFO  main.Server.Commands.CommandProcessor - Получена команда: PING
[2026-06-20 21:28:02] INFO  main.Server.Commands.CommandProcessor - Получена команда: PING
[2026-06-20 21:28:04] INFO  main.Server.Commands.CommandProcessor - Получена команда: PING
[2026-06-20 21:28:06] INFO  main.Server.Commands.CommandProcessor - Получена команда: PING
[2026-06-20 21:28:08] INFO  main.Server.Commands.CommandProcessor - Получена команда: PING
[2026-06-20 21:28:10] INFO  main.Server.Commands.CommandProcessor - Получена команда: PING
[2026-06-20 21:28:12] INFO  main.Server.Commands.CommandProcessor - Получена команда: PING
[2026-06-20 21:28:14] INFO  main.Server.Commands.CommandProcessor - Получена команда: PING
[2026-06-20 21:28:16] INFO  main.Server.Commands.CommandProcessor - Получена команда: PING
[2026-06-20 21:28:18] INFO  main.Server.Commands.CommandProcessor - Получена команда: PING
[2026-06-20 21:28:20] INFO  main.Server.Commands.CommandProcessor - Получена команда: PING
[2026-06-20 21:28:22] INFO  main.Server.Commands.CommandProcessor - Получена команда: PING
[2026-06-20 21:28:24] INFO  main.Server.Commands.CommandProcessor - Получена команда: PING
[2026-06-20 21:28:26] INFO  main.Server.Commands.CommandProcessor - Получена команда: PING
[2026-06-20 21:28:28] INFO  main.Server.Commands.CommandProcessor - Получена команда: PING
[2026-06-20 21:28:30] INFO  main.Server.Commands.CommandProcessor - Получена команда: PING
[2026-06-20 21:28:32] INFO  main.Server.Commands.CommandProcessor - Получена команда: PING
[2026-06-20 21:28:34] INFO  main.Server.Commands.CommandProcessor - Получена команда: PING
[2026-06-20 21:28:36] INFO  main.Server.Commands.CommandProcessor - Получена команда: PING
[2026-06-20 21:28:38] INFO  main.Server.Commands.CommandProcessor - Получена команда: PING
[2026-06-20 21:28:40] INFO  main.Server.Commands.CommandProcessor - Получена команда: PING
[2026-06-20 21:28:42] INFO  main.Server.Commands.CommandProcessor - Получена команда: PING
[2026-06-20 21:28:44] INFO  main.Server.Commands.CommandProcessor - Получена команда: PING
[2026-06-20 21:28:46] INFO  main.Server.Commands.CommandProcessor - Получена команда: PING
[2026-06-20 21:28:48] INFO  main.Server.Commands.CommandProcessor - Получена команда: PING
[2026-06-20 21:28:50] INFO  main.Server.Commands.CommandProcessor - Получена команда: PING
[2026-06-20 21:28:52] INFO  main.Server.Commands.CommandProcessor - Получена команда: PING
[2026-06-20 21:28:54] INFO  main.Server.Commands.CommandProcessor - Получена команда: PING
[2026-06-20 21:28:56] INFO  main.Server.Commands.CommandProcessor - Получена команда: PING
[2026-06-20 21:28:58] INFO  main.Server.Commands.CommandProcessor - Получена команда: PING
[2026-06-20 21:29:00] INFO  main.Server.Commands.CommandProcessor - Получена команда: PING
[2026-06-20 21:29:02] INFO  main.Server.Commands.CommandProcessor - Получена команда: PING
[2026-06-20 21:29:04] INFO  main.Server.Commands.CommandProcessor - Получена команда: PING
[2026-06-20 21:29:06] INFO  main.Server.Commands.CommandProcessor - Получена команда: PING
[2026-06-20 21:29:08] INFO  main.Server.Commands.CommandProcessor - Получена команда: PING
[2026-06-20 21:29:10] INFO  main.Server.Commands.CommandProcessor - Получена команда: PING
[2026-06-20 21:29:12] INFO  main.Server.Commands.CommandProcessor - Получена команда: PING
[2026-06-20 21:29:14] INFO  main.Server.Commands.CommandProcessor - Получена команда: PING
[2026-06-20 21:29:16] INFO  main.Server.Commands.CommandProcessor - Получена команда: PING
[2026-06-20 21:29:18] INFO  main.Server.Commands.CommandProcessor - Получена команда: PING
[2026-06-20 21:29:20] INFO  main.Server.Commands.CommandProcessor - Получена команда: PING
[2026-06-20 21:29:22] INFO  main.Server.Commands.CommandProcessor - Получена команда: PING
[2026-06-20 21:29:24] INFO  main.Server.Commands.CommandProcessor - Получена команда: PING
[2026-06-20 21:29:26] INFO  main.Server.Commands.CommandProcessor - Получена команда: PING
[2026-06-20 21:29:28] INFO  main.Server.Commands.CommandProcessor - Получена команда: PING
[2026-06-20 21:29:30] INFO  main.Server.Commands.CommandProcessor - Получена команда: PING
[2026-06-20 21:29:32] INFO  main.Server.Commands.CommandProcessor - Получена команда: PING
[2026-06-20 21:29:34] INFO  main.Server.Commands.CommandProcessor - Получена команда: PING
[2026-06-20 21:29:36] INFO  main.Server.Commands.CommandProcessor - Получена команда: PING
[2026-06-20 21:29:38] INFO  main.Server.Commands.CommandProcessor - Получена команда: PING
[2026-06-20 21:29:40] INFO  main.Server.Commands.CommandProcessor - Получена команда: PING
[2026-06-20 21:29:42] INFO  main.Server.Commands.CommandProcessor - Получена команда: PING
[2026-06-20 21:29:44] INFO  main.Server.Commands.CommandProcessor - Получена команда: PING
[2026-06-20 21:29:46] INFO  main.Server.Commands.CommandProcessor - Получена команда: PING
[2026-06-20 21:29:48] INFO  main.Server.Commands.CommandProcessor - Получена команда: PING
[2026-06-20 21:29:50] INFO  main.Server.Commands.CommandProcessor - Получена команда: PING
[2026-06-20 21:29:52] INFO  main.Server.Commands.CommandProcessor - Получена команда: PING
[2026-06-20 21:29:54] INFO  main.Server.Commands.CommandProcessor - Получена команда: PING
[2026-06-20 21:29:56] INFO  main.Server.Commands.CommandProcessor - Получена команда: PING
[2026-06-20 21:29:58] INFO  main.Server.Commands.CommandProcessor - Получена команда: PING
[2026-06-20 21:30:00] INFO  main.Server.Commands.CommandProcessor - Получена команда: PING
[2026-06-20 21:30:02] INFO  main.Server.Commands.CommandProcessor - Получена команда: PING
[2026-06-20 21:30:04] INFO  main.Server.Commands.CommandProcessor - Получена команда: PING
[2026-06-20 21:30:06] INFO  main.Server.Commands.CommandProcessor - Получена команда: PING
[2026-06-20 21:30:08] INFO  main.Server.Commands.CommandProcessor - Получена команда: PING
[2026-06-20 21:30:10] INFO  main.Server.Commands.CommandProcessor - Получена команда: PING
[2026-06-20 21:30:12] INFO  main.Server.Commands.CommandProcessor - Получена команда: PING
[2026-06-20 21:30:15] INFO  main.Server.Commands.CommandProcessor - Получена команда: PING
[2026-06-20 21:30:17] INFO  main.Server.Commands.CommandProcessor - Получена команда: PING
[2026-06-20 21:30:19] INFO  main.Server.Commands.CommandProcessor - Получена команда: PING
[2026-06-20 21:30:21] INFO  main.Server.Commands.CommandProcessor - Получена команда: PING
[2026-06-20 21:30:23] INFO  main.Server.Commands.CommandProcessor - Получена команда: PING
[2026-06-20 21:30:25] INFO  main.Server.Commands.CommandProcessor - Получена команда: PING
[2026-06-20 21:30:27] INFO  main.Server.Commands.CommandProcessor - Получена команда: PING
[2026-06-20 21:30:29] INFO  main.Server.Commands.CommandProcessor - Получена команда: PING
[2026-06-20 21:30:31] INFO  main.Server.Commands.CommandProcessor - Получена команда: PING
[2026-06-20 21:30:33] INFO  main.Server.Commands.CommandProcessor - Получена команда: PING
[2026-06-20 21:30:35] INFO  main.Server.Commands.CommandProcessor - Получена команда: PING
[2026-06-20 21:30:37] INFO  main.Server.Commands.CommandProcessor - Получена команда: PING
[2026-06-20 21:30:39] INFO  main.Server.Commands.CommandProcessor - Получена команда: PING
[2026-06-20 21:30:41] INFO  main.Server.Commands.CommandProcessor - Получена команда: PING
[2026-06-20 21:30:43] INFO  main.Server.Commands.CommandProcessor - Получена команда: PING
[2026-06-20 21:30:45] INFO  main.Server.Commands.CommandProcessor - Получена команда: PING
[2026-06-20 21:30:47] INFO  main.Server.Commands.CommandProcessor - Получена команда: PING
[2026-06-20 21:30:49] INFO  main.Server.Commands.CommandProcessor - Получена команда: PING
[2026-06-20 21:30:51] INFO  main.Server.Commands.CommandProcessor - Получена команда: PING
[2026-06-20 21:30:53] INFO  main.Server.Commands.CommandProcessor - Получена команда: PING
[2026-06-20 21:30:55] INFO  main.Server.Commands.CommandProcessor - Получена команда: PING
[2026-06-20 21:30:57] INFO  main.Server.Commands.CommandProcessor - Получена команда: PING
[2026-06-20 21:30:59] INFO  main.Server.Commands.CommandProcessor - Получена команда: PING
[2026-06-20 21:31:01] INFO  main.Server.Commands.CommandProcessor - Получена команда: PING
[2026-06-20 21:31:03] INFO  main.Server.Commands.CommandProcessor - Получена команда: PING
[2026-06-20 21:31:05] INFO  main.Server.Commands.CommandProcessor - Получена команда: PING
[2026-06-20 21:31:07] INFO  main.Server.Commands.CommandProcessor - Получена команда: PING
[2026-06-20 21:31:09] INFO  main.Server.Commands.CommandProcessor - Получена команда: PING
[2026-06-20 21:31:11] INFO  main.Server.Commands.CommandProcessor - Получена команда: PING
[2026-06-20 21:31:13] INFO  main.Server.Commands.CommandProcessor - Получена команда: PING
[2026-06-20 21:31:15] INFO  main.Server.Commands.CommandProcessor - Получена команда: PING
[2026-06-20 21:31:17] INFO  main.Server.Commands.CommandProcessor - Получена команда: PING
[2026-06-20 21:31:19] INFO  main.Server.Commands.CommandProcessor - Получена команда: PING
[2026-06-20 21:31:21] INFO  main.Server.Commands.CommandProcessor - Получена команда: PING
[2026-06-20 21:31:23] INFO  main.Server.Commands.CommandProcessor - Получена команда: PING
[2026-06-20 21:31:25] INFO  main.Server.Commands.CommandProcessor - Получена команда: PING
[2026-06-20 21:31:27] INFO  main.Server.Commands.CommandProcessor - Получена команда: PING
[2026-06-20 21:31:29] INFO  main.Server.Commands.CommandProcessor - Получена команда: PING
[2026-06-20 21:31:31] INFO  main.Server.Commands.CommandProcessor - Получена команда: PING
[2026-06-20 21:31:33] INFO  main.Server.Commands.CommandProcessor - Получена команда: PING
[2026-06-20 21:31:35] INFO  main.Server.Commands.CommandProcessor - Получена команда: PING
[2026-06-20 21:31:37] INFO  main.Server.Commands.CommandProcessor - Получена команда: PING
[2026-06-20 21:31:39] INFO  main.Server.Commands.CommandProcessor - Получена команда: PING
[2026-06-20 21:31:41] INFO  main.Server.Commands.CommandProcessor - Получена команда: PING
[2026-06-20 21:31:43] INFO  main.Server.Commands.CommandProcessor - Получена команда: PING
[2026-06-20 21:31:45] INFO  main.Server.Commands.CommandProcessor - Получена команда: PING
[2026-06-20 21:31:47] INFO  main.Server.Commands.CommandProcessor - Получена команда: PING
[2026-06-20 21:31:49] INFO  main.Server.Commands.CommandProcessor - Получена команда: PING
[2026-06-20 21:31:51] INFO  main.Server.Commands.CommandProcessor - Получена команда: PING
[2026-06-20 21:31:53] INFO  main.Server.Commands.CommandProcessor - Получена команда: PING
[2026-06-20 21:31:55] INFO  main.Server.Commands.CommandProcessor - Получена команда: PING
[2026-06-20 21:31:57] INFO  main.Server.Commands.CommandProcessor - Получена команда: PING
[2026-06-20 21:31:59] INFO  main.Server.Commands.CommandProcessor - Получена команда: PING
[2026-06-20 21:32:01] INFO  main.Server.Commands.CommandProcessor - Получена команда: PING
[2026-06-20 21:32:03] INFO  main.Server.Commands.CommandProcessor - Получена команда: PING
[2026-06-20 21:32:05] INFO  main.Server.Commands.CommandProcessor - Получена команда: PING
[2026-06-20 21:32:07] INFO  main.Server.Commands.CommandProcessor - Получена команда: PING
[2026-06-20 21:32:09] INFO  main.Server.Commands.CommandProcessor - Получена команда: PING
[2026-06-20 21:32:11] INFO  main.Server.Commands.CommandProcessor - Получена команда: PING
[2026-06-20 21:32:13] INFO  main.Server.Commands.CommandProcessor - Получена команда: PING
[2026-06-20 21:32:15] INFO  main.Server.Commands.CommandProcessor - Получена команда: PING
[2026-06-20 21:32:17] INFO  main.Server.Commands.CommandProcessor - Получена команда: PING
[2026-06-20 21:32:19] INFO  main.Server.Commands.CommandProcessor - Получена команда: PING
[2026-06-20 21:32:21] INFO  main.Server.Commands.CommandProcessor - Получена команда: PING
[2026-06-20 21:32:23] INFO  main.Server.Commands.CommandProcessor - Получена команда: PING
[2026-06-20 21:32:25] INFO  main.Server.Commands.CommandProcessor - Получена команда: PING
[2026-06-20 21:32:27] INFO  main.Server.Commands.CommandProcessor - Получена команда: PING
[2026-06-20 21:32:29] INFO  main.Server.Commands.CommandProcessor - Получена команда: PING
[2026-06-20 21:32:31] INFO  main.Server.Commands.CommandProcessor - Получена команда: PING
[2026-06-20 21:32:33] INFO  main.Server.Commands.CommandProcessor - Получена команда: PING
[2026-06-20 21:32:35] INFO  main.Server.Commands.CommandProcessor - Получена команда: PING
[2026-06-20 21:32:37] INFO  main.Server.Commands.CommandProcessor - Получена команда: PING
[2026-06-20 21:32:39] INFO  main.Server.Commands.CommandProcessor - Получена команда: PING
[2026-06-20 21:32:41] INFO  main.Server.Commands.CommandProcessor - Получена команда: PING
[2026-06-20 21:32:43] INFO  main.Server.Commands.CommandProcessor - Получена команда: PING
[2026-06-20 21:32:45] INFO  main.Server.Commands.CommandProcessor - Получена команда: PING
[2026-06-20 21:32:47] INFO  main.Server.Commands.CommandProcessor - Получена команда: PING
[2026-06-20 21:32:49] INFO  main.Server.Commands.CommandProcessor - Получена команда: PING
[2026-06-20 21:32:51] INFO  main.Server.Commands.CommandProcessor - Получена команда: PING
[2026-06-20 21:32:53] INFO  main.Server.Commands.CommandProcessor - Получена команда: PING
[2026-06-20 21:32:55] INFO  main.Server.Commands.CommandProcessor - Получена команда: PING
[2026-06-20 21:32:57] INFO  main.Server.Commands.CommandProcessor - Получена команда: PING
[2026-06-20 21:32:59] INFO  main.Server.Commands.CommandProcessor - Получена команда: PING
[2026-06-20 21:33:01] INFO  main.Server.Commands.CommandProcessor - Получена команда: PING
[2026-06-20 21:33:03] INFO  main.Server.Commands.CommandProcessor - Получена команда: PING
[2026-06-20 21:33:05] INFO  main.Server.Commands.CommandProcessor - Получена команда: PING
[2026-06-20 21:33:07] INFO  main.Server.Commands.CommandProcessor - Получена команда: PING
[2026-06-20 21:33:09] INFO  main.Server.Commands.CommandProcessor - Получена команда: PING
[2026-06-20 21:33:11] INFO  main.Server.Commands.CommandProcessor - Получена команда: PING
[2026-06-20 21:33:13] INFO  main.Server.Commands.CommandProcessor - Получена команда: PING
[2026-06-20 21:33:15] INFO  main.Server.Commands.CommandProcessor - Получена команда: PING
[2026-06-20 21:33:17] INFO  main.Server.Commands.CommandProcessor - Получена команда: PING
[2026-06-20 21:33:19] INFO  main.Server.Commands.CommandProcessor - Получена команда: PING
[2026-06-20 21:33:21] INFO  main.Server.Commands.CommandProcessor - Получена команда: PING
[2026-06-20 21:33:23] INFO  main.Server.Commands.CommandProcessor - Получена команда: PING
[2026-06-20 21:33:25] INFO  main.Server.Commands.CommandProcessor - Получена команда: PING
[2026-06-20 21:33:27] INFO  main.Server.Commands.CommandProcessor - Получена команда: PING
[2026-06-20 21:33:29] INFO  main.Server.Commands.CommandProcessor - Получена команда: PING
[2026-06-20 21:33:31] INFO  main.Server.Commands.CommandProcessor - Получена команда: PING
[2026-06-20 21:33:33] INFO  main.Server.Commands.CommandProcessor - Получена команда: PING
[2026-06-20 21:33:35] INFO  main.Server.Commands.CommandProcessor - Получена команда: PING
[2026-06-20 21:33:37] INFO  main.Server.Commands.CommandProcessor - Получена команда: PING
[2026-06-20 21:33:39] INFO  main.Server.Commands.CommandProcessor - Получена команда: PING
[2026-06-20 21:33:41] INFO  main.Server.Commands.CommandProcessor - Получена команда: PING
[2026-06-20 21:33:43] INFO  main.Server.Commands.CommandProcessor - Получена команда: PING
[2026-06-20 21:33:45] INFO  main.Server.Commands.CommandProcessor - Получена команда: PING
[2026-06-20 21:33:47] INFO  main.Server.Commands.CommandProcessor - Получена команда: PING
[2026-06-20 21:33:49] INFO  main.Server.Commands.CommandProcessor - Получена команда: PING
[2026-06-20 21:33:51] INFO  main.Server.Commands.CommandProcessor - Получена команда: PING
[2026-06-20 21:33:53] INFO  main.Server.Commands.CommandProcessor - Получена команда: PING
[2026-06-20 21:33:55] INFO  main.Server.Commands.CommandProcessor - Получена команда: PING
[2026-06-20 21:33:57] INFO  main.Server.Commands.CommandProcessor - Получена команда: PING
[2026-06-20 21:33:59] INFO  main.Server.Commands.CommandProcessor - Получена команда: PING
[2026-06-20 21:34:01] INFO  main.Server.Commands.CommandProcessor - Получена команда: PING
[2026-06-20 21:34:03] INFO  main.Server.Commands.CommandProcessor - Получена команда: PING
[2026-06-20 21:34:06] INFO  main.Server.Commands.CommandProcessor - Получена команда: PING
[2026-06-20 21:34:08] INFO  main.Server.Commands.CommandProcessor - Получена команда: PING
[2026-06-20 21:34:10] INFO  main.Server.Commands.CommandProcessor - Получена команда: PING
[2026-06-20 21:34:12] INFO  main.Server.Commands.CommandProcessor - Получена команда: PING
[2026-06-20 21:34:14] INFO  main.Server.Commands.CommandProcessor - Получена команда: PING
[2026-06-20 21:34:16] INFO  main.Server.Commands.CommandProcessor - Получена команда: PING
[2026-06-20 21:34:18] INFO  main.Server.Commands.CommandProcessor - Получена команда: PING
[2026-06-20 21:34:20] INFO  main.Server.Commands.CommandProcessor - Получена команда: PING
[2026-06-20 21:34:22] INFO  main.Server.Commands.CommandProcessor - Получена команда: PING
[2026-06-20 21:34:24] INFO  main.Server.Commands.CommandProcessor - Получена команда: PING
[2026-06-20 21:34:26] INFO  main.Server.Commands.CommandProcessor - Получена команда: PING
[2026-06-20 21:34:28] INFO  main.Server.Commands.CommandProcessor - Получена команда: PING
[2026-06-20 21:34:30] INFO  main.Server.Commands.CommandProcessor - Получена команда: PING
[2026-06-20 21:34:31] INFO  main.Server.ServerMain - Завершение JVM, сохранение коллекции
[2026-06-20 21:34:31] INFO  main.Server.Commands.CommandProcessor - Коллекция не сохранена, поскольку режим записи в файл отключён
[2026-06-20 21:40:30] INFO  main.Server.DatabaseManagment.DatabaseManager - База данных подключена
[2026-06-20 21:40:30] INFO  main.Server.DatabaseManagment.DatabaseManager - Таблицы базы данных успешно проверены/созданы
[2026-06-20 21:40:30] INFO  main.Server.Network.Server - Сервер запущен: 0.0.0.0:8731
[2026-06-20 21:40:40] INFO  main.Server.Network.Server - Клиент подключился: /127.0.0.1:55864
[2026-06-20 21:40:52] INFO  main.Server.Network.Server - Клиент отключился
[2026-06-20 21:40:54] INFO  main.Server.Network.Server - Клиент подключился: /127.0.0.1:53415
[2026-06-20 21:41:27] INFO  main.Server.DatabaseManagment.DatabaseManager - Пользователь test2 авторизовался
[2026-06-20 21:46:34] INFO  main.Server.ServerMain - Завершение JVM, сохранение коллекции
[2026-06-20 21:46:38] INFO  main.Server.DatabaseManagment.DatabaseManager - База данных подключена
[2026-06-20 21:46:38] INFO  main.Server.DatabaseManagment.DatabaseManager - Таблицы базы данных успешно проверены/созданы
[2026-06-20 21:46:38] INFO  main.Server.Network.Server - Сервер запущен: 0.0.0.0:8731
[2026-06-20 21:46:40] INFO  main.Server.Network.Server - Клиент подключился: /127.0.0.1:57336
[2026-06-20 21:56:13] INFO  main.Server.ServerMain - Завершение JVM, сохранение коллекции
[2026-06-20 21:56:19] INFO  main.Server.DatabaseManagment.DatabaseManager - База данных подключена
[2026-06-20 21:56:19] INFO  main.Server.DatabaseManagment.DatabaseManager - Таблицы базы данных успешно проверены/созданы
[2026-06-20 21:56:19] INFO  main.Server.Network.Server - Сервер запущен: 0.0.0.0:8731
[2026-06-20 21:56:21] INFO  main.Server.Network.Server - Клиент подключился: /127.0.0.1:58618
[2026-06-20 21:56:39] INFO  main.Client.ClientApp - Отправка скрипта на сервер, команд: 8
[2026-06-20 21:56:59] INFO  main.Server.DatabaseManagment.DatabaseManager - Пользователь test2 авторизовался
[2026-06-20 21:59:07] INFO  main.Server.Network.Server - Клиент отключился
[2026-06-20 21:59:11] INFO  main.Server.Network.Server - Клиент подключился: /127.0.0.1:62609
[2026-06-20 22:06:24] INFO  main.Server.Network.Server - Клиент отключился
[2026-06-20 22:06:24] INFO  main.Server.ServerMain - Завершение JVM, сохранение коллекции
[2026-06-20 22:06:28] INFO  main.Server.DatabaseManagment.DatabaseManager - База данных подключена
[2026-06-20 22:06:28] INFO  main.Server.DatabaseManagment.DatabaseManager - Таблицы базы данных успешно проверены/созданы
[2026-06-20 22:06:28] INFO  main.Server.Network.Server - Сервер запущен: 0.0.0.0:8731
[2026-06-20 22:06:32] INFO  main.Server.Network.Server - Клиент подключился: /127.0.0.1:58560
[2026-06-20 22:06:36] INFO  main.Server.DatabaseManagment.DatabaseManager - Пользователь test2 авторизовался
[2026-06-20 22:06:55] INFO  main.Server.Network.Server - Клиент отключился
[2026-06-20 22:06:58] INFO  main.Server.Network.Server - Клиент подключился: /127.0.0.1:56038
[2026-06-20 22:07:01] INFO  main.Server.DatabaseManagment.DatabaseManager - Пользователь test авторизовался
[2026-06-20 22:07:10] INFO  main.Server.Network.Server - Клиент отключился
[2026-06-20 22:07:10] INFO  main.Server.ServerMain - Завершение JVM, сохранение коллекции
[2026-06-21 00:09:24] WARN  main.Server.ServerMain - База данных недоступна, коллекция будет создана пустой
[2026-06-21 00:09:24] INFO  main.Server.Network.Server - Сервер запущен: 0.0.0.0:8731
[2026-06-21 00:09:28] INFO  main.Server.ServerMain - Завершение JVM, сохранение коллекции
[2026-06-21 00:09:44] INFO  main.Server.DatabaseManagment.DatabaseManager - База данных подключена
[2026-06-21 00:09:44] INFO  main.Server.DatabaseManagment.DatabaseManager - Таблицы базы данных успешно проверены/созданы
[2026-06-21 00:09:44] INFO  main.Server.Network.Server - Сервер запущен: 0.0.0.0:8731
[2026-06-21 00:09:50] INFO  main.Server.Network.Server - Клиент подключился: /127.0.0.1:54026
[2026-06-21 00:10:04] INFO  main.Server.Network.Server - Клиент подключился: /127.0.0.1:53753
[2026-06-21 00:10:08] INFO  main.Server.DatabaseManagment.DatabaseManager - Пользователь test авторизовался
[2026-06-21 00:10:11] INFO  main.Server.DatabaseManagment.DatabaseManager - Пользователь test авторизовался
[2026-06-21 00:10:19] INFO  main.Server.Network.Server - Клиент отключился
[2026-06-21 00:10:19] INFO  main.Server.Network.Server - Клиент отключился
[2026-06-21 00:10:19] INFO  main.Server.ServerMain - Завершение JVM, сохранение коллекции
[2026-06-21 23:21:22] WARN  main.Server.ServerMain - База данных недоступна, коллекция будет создана пустой
[2026-06-21 23:21:23] INFO  main.Server.Network.Server - Сервер запущен: 0.0.0.0:8731
[2026-06-21 23:21:28] INFO  main.Server.ServerMain - Завершение JVM, сохранение коллекции
[2026-06-21 23:21:51] INFO  main.Server.DatabaseManagment.DatabaseManager - База данных подключена
[2026-06-21 23:21:51] INFO  main.Server.DatabaseManagment.DatabaseManager - Таблицы базы данных успешно проверены/созданы
[2026-06-21 23:21:51] INFO  main.Server.Network.Server - Сервер запущен: 0.0.0.0:8731
[2026-06-21 23:21:59] INFO  main.Server.Network.Server - Клиент подключился: /127.0.0.1:56015
[2026-06-21 23:22:04] INFO  main.Server.DatabaseManagment.DatabaseManager - Пользователь test авторизовался
[2026-06-21 23:22:13] INFO  main.Client.ClientApp - Отправка скрипта на сервер, команд: 9
[2026-06-21 23:22:13] INFO  main.Server.Commands.ExecuteScriptCommand - Выполнение скрипта, команд: 9
[2026-06-21 23:22:13] INFO  main.Server.DatabaseManagment.DatabaseManager - Добавлен новый объект Flat с id 2
[2026-06-21 23:26:58] INFO  main.Server.ServerMain - Завершение JVM, сохранение коллекции
[2026-06-21 23:27:05] INFO  main.Server.DatabaseManagment.DatabaseManager - База данных подключена
[2026-06-21 23:27:05] INFO  main.Server.DatabaseManagment.DatabaseManager - Таблицы базы данных успешно проверены/созданы
[2026-06-21 23:27:05] INFO  main.Server.Network.Server - Сервер запущен: 0.0.0.0:8731
[2026-06-21 23:27:08] INFO  main.Server.Network.Server - Клиент подключился: /127.0.0.1:59976
[2026-06-21 23:27:17] INFO  main.Server.DatabaseManagment.DatabaseManager - Пользователь test авторизовался
[2026-06-21 23:27:21] INFO  main.Client.ClientApp - Отправка скрипта на сервер, команд: 9
[2026-06-21 23:27:21] INFO  main.Server.Commands.ExecuteScriptCommand - Выполнение скрипта, команд: 9
[2026-06-21 23:27:22] INFO  main.Server.DatabaseManagment.DatabaseManager - Добавлен новый объект Flat с id 2
[2026-06-21 23:32:47] INFO  main.Client.ClientApp - Отправка скрипта на сервер, команд: 8
[2026-06-21 23:32:47] INFO  main.Server.Commands.ExecuteScriptCommand - Выполнение скрипта, команд: 8
[2026-06-21 23:35:14] INFO  main.Server.ServerMain - Завершение JVM, сохранение коллекции
[2026-06-21 23:35:20] INFO  main.Server.DatabaseManagment.DatabaseManager - База данных подключена
[2026-06-21 23:35:20] INFO  main.Server.DatabaseManagment.DatabaseManager - Таблицы базы данных успешно проверены/созданы
[2026-06-21 23:35:20] INFO  main.Server.Network.Server - Сервер запущен: 0.0.0.0:8731
[2026-06-21 23:35:23] INFO  main.Server.Network.Server - Клиент подключился: /127.0.0.1:50574
[2026-06-21 23:45:35] INFO  main.Server.ServerMain - Завершение JVM, сохранение коллекции
[2026-06-21 23:45:41] INFO  main.Server.DatabaseManagment.DatabaseManager - База данных подключена
[2026-06-21 23:45:41] INFO  main.Server.DatabaseManagment.DatabaseManager - Таблицы базы данных успешно проверены/созданы
[2026-06-21 23:45:41] INFO  main.Server.Network.Server - Сервер запущен: 0.0.0.0:8731
[2026-06-21 23:45:44] INFO  main.Server.Network.Server - Клиент подключился: /127.0.0.1:59515
[2026-06-21 23:45:48] INFO  main.Server.DatabaseManagment.DatabaseManager - Пользователь test авторизовался
[2026-06-21 23:46:17] WARN  main.Server.DatabaseManagment.DatabaseManager - Схема БД отсутствует или повреждена. Пересоздаю таблицы...
[2026-06-21 23:46:17] INFO  main.Server.DatabaseManagment.DatabaseManager - Таблицы базы данных успешно проверены/созданы
[2026-06-21 23:46:17] WARN  main.Server.DatabaseManagment.DatabaseManager - Схема БД пересоздана. Команду нужно повторить.
[2026-06-21 23:46:54] INFO  main.Server.ServerMain - Завершение JVM, сохранение коллекции
